canDrop-bool,canMint-int,desc-string,givenSkillId-int,icon-string,id-int,name-string,quality-int[],subType-int,type-int,useLv-int,userType-int
1,1,"曾经有人在海边见到过这种原材料.
可以用于合成装备或道具
-------
这种绿色粘液是一种稀有的原材料，可以用于制作各种战斗装备。它具有极强的黏性，可以粘合多种材料。",0,item-icon-30,30,绿色粘液,1,0,4,1,1
1,1,"曾经有人在海边见到过这种原材料.
可以用于合成装备或道具
-------
南瓜藤蔓是一种可用于制作武器和盔甲的原材料，它具有坚韧的质地和优秀的韧性，在战斗中可以提供可靠的保护和攻击力。",0,item-icon-31,31,南瓜藤蔓,1,0,4,1,1
1,1,"曾经有人在海边见到过这种原材料.
可以用于合成装备或道具
-------
这种铁丝网是一种用于战斗的原材料，可以用来制造防御性建筑或设备，具有较高的强度和耐久性。",0,item-icon-32,32,铁丝网,1,0,4,1,1
1,1,"曾经有人在沙漠见到过这种原材料.
可以用于合成装备或道具
-------
矿上猫尖牙是一种锋利的原材料，可以用于制作武器和防具。它来自于生活在矿山中的猫科动物，具有极强的战斗力和敏捷性。",0,item-icon-33,33,矿矿猫尖牙,1,0,4,2,1
1,1,"曾经有人在草原见到过这种原材料.
可以用于合成装备或道具
-------
这种轻质薄膜是一种用于战斗的原材料，可以用来制造各种防御性装备和武器。",0,item-icon-34,34,轻质薄膜,1,0,4,2,1
1,1,"曾经有人在峡谷见到过这种原材料.
可以用于合成装备或道具
-------
草妖头冠是一种二级战斗原材料，它由草妖的头部制成，具有强大的战斗能力。",0,item-icon-35,35,草妖头冠,1,0,4,2,1
1,1,"曾经有人在黑色森林见到过这种原材料.
可以用于合成装备或道具
-------
这个钩爪是由坚硬的金属制成的，非常锋利，适合在战斗中使用。它的形状细长，可以轻松地穿透敌人的防御。",0,item-icon-36,36,细长钩爪,1,0,4,3,1
1,1,"曾经有人在红色森林见到过这种原材料.
可以用于合成装备或道具
-------
赤红皮毛是一种高级皮毛，具有优异的防御性能，适合制作战斗装备。它是一种稀有的原材料，采集难度较高。",0,item-icon-37,37,赤红皮毛,1,0,4,3,1
1,1,"曾经有人在雪山见到过这种原材料.
可以用于合成装备或道具
-------
这是一种稀有的原材料，可以在战斗中获得。它有着冰雪般的外观，毛茸茸的质地让人不禁想要触摸它。",0,item-icon-38,38,冰雪茸毛,1,0,4,3,1
0,1,"通过合成可以获得这个物品.
装备上可提升属性，提高你在战斗中的生存率
-------
一把由坚实的石头制成的锋利而坚固的武器，非常适合近战战斗。它的重量和平衡使得挥舞起来很容易，可以精确地发出强有力的打击。石剑是任何寻求可靠和耐用武器的冒险者的可靠选择。",0,item-icon-40,40,石剑,1,0,1,1,1
0,1,"通过合成可以获得这个物品.
装备上可提升属性，提高你在战斗中的生存率
-------
一把锋利而坚固的武器，由铁打造而成，能够轻松地切割敌人。它的重量提供了令人满意的沉重感，可以进行强有力的打击，让对手不知所措。",0,item-icon-41,41,铁剑,"1,2",0,1,2,1
0,1,"通过合成可以获得这个物品.
装备上可提升属性，提高你在战斗中的生存率
-------
一把由纯水晶锻造而成的强大武器，能够轻松地切割敌人。它闪烁的刀刃反射着光芒，令对手眼花缭乱，心生恐惧。每一次挥舞，水晶剑都释放出致命的速度和精准度的结合。",0,item-icon-42,42,水晶剑,"1,2,3",0,1,3,1
0,1,"通过合成可以获得这个物品.
装备上可提升属性，提高你在战斗中的生存率
-------
一把坚固的木制武器，用于快速而精确的打击，非常适合初学者磨练战斗技巧。它的轻巧设计使得灵活移动成为可能，是那些寻求多功能和可靠武器的理想选择。",0,item-icon-39,39,木剑,1,0,1,0,1
0,1,"通过合成可以获得这个物品.
装备上可提升属性，提高你在战斗中的生存率
-------
一款时尚配饰，为任何服装增添了一丝优雅。精心制作的细节使这枚戒指散发出精致和魅力。其独特的设计必定会吸引其他时尚爱好者的目光。",0,item-icon-43,43,碎晶头环,1,0,1,1,1
0,1,"通过合成可以获得这个物品.
装备上可提升属性，提高你在战斗中的生存率
-------
这顶帽子采用了一种独特的材料，触感极其柔软，对皮肤非常舒适。它提供了奢华而舒适的贴合感，非常适合长时间的游戏会话。",0,item-icon-44,44,战士头盔 晶皮软帽,"1,2",0,1,2,1
0,1,"通过合成可以获得这个物品.
装备上可提升属性，提高你在战斗中的生存率
-------
一顶由闪烁的水晶制成的坚固头盔，提供卓越的保护力度而不影响敏捷性。它迷人的光芒赋予佩戴者在黑暗地牢中增强的视觉。",0,item-icon-45,45,战士头盔 晶石头盔,"1,2,3",0,1,3,1
0,1,"通过合成可以获得这个物品.
装备上可提升属性，提高你在战斗中的生存率
-------
这套盔甲以其破裂的水晶设计散发出坚韧和力量的氛围。其闪烁的表面反射着光线，吸引着所有目光所及之人。作为力量和耐力的象征，它是任何经验丰富的战士必备的装备。",0,item-icon-46,46,战士上衣 碎晶藤甲,1,0,1,1,1
0,1,"通过合成可以获得这个物品.
装备上可提升属性，提高你在战斗中的生存率
-------
这套盔甲采用了一种独特的类似水晶的材料制作而成，既能提供出色的保护，又不会牺牲机动性。其流线型设计和闪亮的表面使其成为真正的工艺杰作。穿上水晶皮肤盔甲，你将在战场上感觉无敌。",0,item-icon-47,47,战士上衣 晶皮上衣,"1,2",0,1,2,1
0,1,"通过合成可以获得这个物品.
装备上可提升属性，提高你在战斗中的生存率
-------
一件由附魔水晶锻造而成的强大盔甲，提供了无与伦比的物理和魔法攻击防护。其闪烁的表面反射光线，使敌人眼花缭乱，心生恐惧。穿戴这件盔甲赋予佩戴者一种无敌的氛围，在战场上成为一股不可阻挡的力量。",0,item-icon-48,48,战士上衣 晶石甲胄,"1,2,3",0,1,3,1
0,1,"通过合成可以获得这个物品.
装备上可提升属性，提高你在战斗中的生存率
-------
一件由精致水晶制成的独特服饰，这条草裙为任何服装增添了一丝优雅。它破裂的质地赋予了它神秘而迷人的魅力，使其成为时尚先锋冒险者必备的物品。",0,item-icon-49,49,战士裤子 碎晶草裙,1,0,1,1,1
0,1,"通过合成可以获得这个物品.
装备上可提升属性，提高你在战斗中的生存率
-------
这条裤子具有独特的水晶质感，使其看起来时尚而未来感十足。光滑的面料贴身凉爽，让您在激烈战斗中享受最大的舒适度。凭借它引人注目的设计，这条裤子必定能让您在战场上脱颖而出。",0,item-icon-50,50,战士裤子 晶皮长裤,"1,2",0,1,2,1
0,1,"通过合成可以获得这个物品.
装备上可提升属性，提高你在战斗中的生存率
-------
这些紧身裤是由一种稀有的水晶石制成，提供无与伦比的保护和耐用性。闪烁的表面反射光线，使穿着者看起来飘渺而神秘。",0,item-icon-51,51,战士裤子 晶石腿甲,"1,2,3",0,1,3,1
0,1,"通过合成可以获得这个物品.
装备上可提升属性，提高你在战斗中的生存率
-------
一件闪烁的配饰，带着精致的裂纹，散发着神秘和坚韧的气息。它破碎的表面反射出佩戴者的力量和决心，成为坚韧和毅力的象征。",0,item-icon-52,52,战士手套 碎晶手环,1,0,1,1,1
0,1,"通过合成可以获得这个物品.
装备上可提升属性，提高你在战斗中的生存率
-------
这款手套采用独特的类似水晶的材料制作而成，提供了光滑而顺滑的质感，增强了握力和灵活性。它的轻巧设计使得动作轻松自如，深受追求精准和舒适的游戏玩家喜爱。",0,item-icon-53,53,战士手套 晶皮手套,"1,2",0,1,2,1
0,1,"通过合成可以获得这个物品.
装备上可提升属性，提高你在战斗中的生存率
-------
一只强大的手套，注入了水晶的能量，赋予佩戴者增强的力量和操控元素力量的能力。利用大自然的原始力量，对敌人发动毁灭性的攻击。用水晶石手套统治战场！",0,item-icon-54,54,战士手套 晶石护手,"1,2,3",0,1,3,1
0,1,"通过合成可以获得这个物品.
装备上可提升属性，提高你在战斗中的生存率
-------
这些鞋子采用了一种独特的材料制成，提供出色的抓地力和牵引力，非常适合在湿滑的表面上行走。破碎的水晶设计为你的装扮增添了一丝优雅和神秘感。穿上它们，当你踏上任何地形时，感受到自信的力量。",0,item-icon-55,55,战士鞋子 碎晶草鞋,1,0,1,1,1
0,1,"通过合成可以获得这个物品.
装备上可提升属性，提高你在战斗中的生存率
-------
这些靴子采用独特的材料制作而成，增强了敏捷性并提供了出色的保护。它们流线型的设计使得迅速移动成为可能，因此深受冒险者的喜爱。水晶皮靴是任何追求时尚和功能性的玩家必备的物品。",0,item-icon-56,56,战士鞋子 晶皮长靴,"1,2",0,1,2,1
0,1,"通过合成可以获得这个物品.
装备上可提升属性，提高你在战斗中的生存率
-------
这些鞋子采用独特的水晶石设计制作而成，为您的每一步增添了一丝优雅。鞋子上镶嵌的闪耀石头创造出迷人的效果，无论您走到哪里，都能成为众人关注的焦点。穿上这些精致的鞋子，感受它们为您的装扮带来的魅力。",0,item-icon-57,57,战士鞋子 晶石鞋,"1,2,3",0,1,3,1
1,1,"曾经有人在海边见到过这种原材料.
可以用于合成装备或道具
-------
这块石头是一级的，可以用来采集树木等原材料。",0,item-icon-58,58,石头,1,0,4,1,1
1,1,"曾经有人在峡谷见到过这种原材料.
可以用于合成装备或道具
-------
黑铁矿是一种二级原材料，可以通过采集得到。它的颜色呈黑色，质地坚硬，含有丰富的铁元素。",0,item-icon-59,59,黑铁矿,1,0,4,2,1
1,1,"曾经有人在雪山见到过这种原材料.
可以用于合成装备或道具
-------
这是一种三级的红色水晶矿，可以在森林中采集得到。它是一种重要的原材料，可以用于制作各种装备和道具。",0,item-icon-60,60,红色水晶矿,1,0,4,3,1
1,1,"曾经有人在海边见到过这种原材料.
可以用于合成装备或道具
-------
这种木材通常用于制作简单的家具或建筑材料。它的质地较为柔软，易于加工和雕刻。",0,item-icon-62,62,普通木材,1,0,4,1,1
1,1,"曾经有人在沙漠见到过这种原材料.
可以用于合成装备或道具
-------
沙漠树是一种生长在沙漠中的树木，通常高度较低，树干粗壮，树叶呈现出浅绿色。它可以用来采集原材料，适合用于制作一些特殊的物品。",0,item-icon-63,63,沙漠树木材,1,0,4,2,1
1,1,"曾经有人在黑色森林见到过这种原材料.
可以用于合成装备或道具
-------
暗黑木材是一种高级木材，具有黑色的纹理和坚硬的质地，适合用于制作高档的家具和工艺品。它只能在特定的采集点采集，采集难度较高，但收益也非常丰厚。",0,item-icon-64,64,暗黑木材,1,0,4,3,1
1,1,"通过种植可以获得这种原材料.
可以用于合成装备或道具
-------
这种竹子是一种农业产出，是一种用于制作各种农业原材料的植物。它在农业中非常常见，并且可以生长得很快。",0,item-icon-70,70,竹子,1,0,4,1,1
1,1,"通过种植可以获得这种原材料.
可以用于合成装备或道具
-------
这个物品是一种农业产出的原材料，通常在Lv 1时就可以收获。它的形状像三片叶子，因此被称为三叶草。它可以用于制作许多不同的物品，是非常有用的资源。",0,item-icon-71,71,三叶草,1,0,4,1,1
1,1,"通过种植可以获得这种原材料.
可以用于合成装备或道具
-------
这种胡萝卜是一种等级为1的农业产出，可以在农业领域中获得。它是一种重要的原材料。",0,item-icon-72,72,胡萝卜,1,0,4,1,1
1,1,"通过种植可以获得这种原材料.
可以用于合成装备或道具
-------
猪笼草是一种独特的植物，它能够吸引并捕获昆虫作为食物。这种草是农业产出中的一种，适合在农业领域中用作原材料。",0,item-icon-73,73,猪笼草,1,0,4,2,1
1,1,"通过种植可以获得这种原材料.
可以用于合成装备或道具
-------
这种棉花是二级品质，适合用于纺织品制造。",0,item-icon-74,74,棉花,1,0,4,2,1
1,1,"通过种植可以获得这种原材料.
可以用于合成装备或道具
-------
这个忍耐果实是一种农业产出的原材料，可以在Lv 2的农场中种植，每次产出2-3个。它具有耐久力强、保存时间长的特点，是制作各种食品和药品的重要材料。",0,item-icon-75,75,忍耐果实,1,0,4,2,1
1,1,"通过种植可以获得这种原材料.
可以用于合成装备或道具
-------
这种火爆辣椒是等级3的，非常辣，适合喜欢吃辣的人。它是由农业产出的，可以在农田中种植。作为农业原材料，它可以用来制作各种辣椒制品，如辣椒酱、辣椒油等。",0,item-icon-76,76,火爆辣椒,1,0,4,3,1
1,1,"通过种植可以获得这种原材料.
可以用于合成装备或道具
-------
这种坚硬果实是一种高产农业原材料，可以用于制作各种食品和药品。它具有坚硬的质地和丰富的营养成分，是农业生产中不可或缺的一部分。",0,item-icon-77,77,坚硬果实,1,0,4,3,1
1,1,"通过种植可以获得这种原材料.
可以用于合成装备或道具
-------
这种蓝幻菇是一种高级菇类，通常在农业领域中生产。它是一种非常珍贵的原材料，可用于制作药品和美食。",0,item-icon-78,78,蓝幻菇,1,0,4,3,1
0,1,"通过合成可以获得这个物品.
装备上可提升属性，使你的农作物更不容易枯萎
-------
这是一把用于耕种的工具，可以帮助你轻松翻地、除草。适合于初学者使用。",0,item-icon-79,79,木质锄头,1,0,1,0,1
0,1,"通过合成可以获得这个物品.
装备上可提升属性，使你的农作物更不容易枯萎
-------
铁锄是一种由坚固的铁制成的耐用农具。在游戏中，它对于有效地翻土和耕作作物至关重要。",0,item-icon-80,80,铁质锄头,1,0,1,1,1
0,1,"通过合成可以获得这个物品.
装备上可提升属性，使你的农作物更不容易枯萎
-------
这把锄头能够帮助农民更轻松地翻耕土地，但同时也带来了一些神秘的诅咒。",0,item-icon-81,81,诅咒锄头,"1,2",0,1,2,1
0,1,"通过合成可以获得这个物品.
装备上可提升属性，使你的农作物更不容易枯萎
-------
祝福锄是一种强大的工具，可以提高农业效率并增加农作物产量。它散发出神圣的光环，每一次挥击都蕴含着祝福，促进健康生长和丰收。拥有这把附魔锄头，玩家可以轻松耕种土地，体验辛勤劳动的回报带来的喜悦。",0,item-icon-82,82,祝福锄头,"1,2,3",0,1,3,1
0,1,"通过合成可以获得这个物品.
装备上可提升属性，使你的农作物更不容易枯萎
-------
这个木质水壶是一件适合农业使用的装备，可以装载清水或者灌溉用水。",0,item-icon-83,83,木质水壶,1,0,1,0,1
0,1,"通过合成可以获得这个物品.
装备上可提升属性，使你的农作物更不容易枯萎
-------
一种坚固可靠的烹饪器具，由耐用的铁材制成。它能够快速均匀地加热，实现高效烹饪。其人体工程学设计的手柄确保倾倒时舒适握持。",0,item-icon-84,84,铁质水壶,1,0,1,1,1
0,1,"通过合成可以获得这个物品.
装备上可提升属性，使你的农作物更不容易枯萎
-------
一只神秘的水壶，给拥有它的人带来不幸，引发混乱和绝望。它散发出一种黑暗的氛围，带着诡异的存在感，每一次沏茶都在冒险命运。要小心，因为它被诅咒的力量甚至可以让最幸运的人成为自己命运的受害者。",0,item-icon-85,85,诅咒水壶,"1,2",0,1,2,1
0,1,"通过合成可以获得这个物品.
装备上可提升属性，使你的农作物更不容易枯萎
-------
一件神圣的物品，给予其主人祝福和好运，增强他们的运气并给予他们意想不到的机会。据说这个神秘的水壶散发着正能量，吸引着财富和幸福。对于那些希望在生活中获得神圣干预的人来说，这是一件珍贵的财产。",0,item-icon-86,86,祝福水壶,"1,2,3",0,1,3,1
0,1,"通过合成可以获得这个物品.
装备上可提升属性，提高采集更高等级资源的掉落概率
-------
一把坚固的木制工具，非常适合高效地进行采矿和收集资源。它的耐久性确保不易损坏，使其成为任何冒险者可靠的选择。",0,item-icon-87,87,木质镐子,1,0,1,0,1
0,1,"通过合成可以获得这个物品.
装备上可提升属性，提高采集更高等级资源的掉落概率
-------
一把坚固的铁制工具，非常适合挖掘和开采有价值的资源。它锋利的边缘和耐用的结构使其成为任何冒险者必备的物品。拿着这把镐，你将能够挖得更深，揭示隐藏的宝藏。",0,item-icon-88,88,铁质镐子,1,0,1,1,1
0,1,"通过合成可以获得这个物品.
装备上可提升属性，提高采集更高等级资源的掉落概率
-------
这把诅咒镐子可以帮助你更快地采集树木和矿石。它是一种二级装备，具有强大的采集能力。",0,item-icon-89,89,诅咒镐子,"1,2",0,1,2,1
0,1,"通过合成可以获得这个物品.
装备上可提升属性，提高采集更高等级资源的掉落概率
-------
祝福镐是一件被赋予神圣力量的神器，轻松地劈开最坚硬的岩石，留下一串闪烁的碎片。它的魔法刀刃散发着明亮的光芒，引导矿工们找到地底深处隐藏的宝藏。每一次挥动，它都赐予幸运和繁荣的祝福，使其成为任何冒险者的必备伴侣。",0,item-icon-90,90,祝福镐子,"1,2,3",0,1,3,1
0,1,"通过合成可以获得这个物品.
装备上可提升属性，提高采集更高等级资源的掉落概率
-------
这把斧头是一把木质的工具，适合在野外进行采集工作。它是一种装备，可以帮助你更高效地完成采集任务。",0,item-icon-91,91,木质斧头,1,0,1,0,1
0,1,"通过合成可以获得这个物品.
装备上可提升属性，提高采集更高等级资源的掉落概率
-------
这把铁质斧头可以用来砍伐树木，是采集木材的必备工具。同时也可以作为装备使用，提高战斗力。",0,item-icon-92,92,铁质斧头,1,0,1,1,1
0,1,"通过合成可以获得这个物品.
装备上可提升属性，提高采集更高等级资源的掉落概率
-------
这把斧头的锋利度已经达到了2级，能够轻松采集树木。但是，它也被诅咒了，使用时需要小心。",0,item-icon-93,93,诅咒斧头,"1,2",0,1,2,1
0,1,"通过合成可以获得这个物品.
装备上可提升属性，提高采集更高等级资源的掉落概率
-------
一把被神祝福的强大武器，能够轻松地劈开任何障碍物。它的锋利刀刃闪烁着神圣的光芒，让敌人心生恐惧。在战场上，祝福之斧是力量和正义的真正象征。",0,item-icon-94,94,祝福斧头,"1,2,3",0,1,3,1
0,1,"通过合成可以获得这个物品.
装备上可提升属性，使你的农作物更不容易枯萎
-------
这款时尚帽子为佩戴者带来好运，为任何服装增添了一丝魅力。它鲜艳的颜色和精致的设计使其成为时尚前卫玩家必备的配饰。戴上它，让幸运与你同在！",0,item-icon-98,98,农业帽子 幸运三叶草帽子,1,0,1,1,1
0,1,"通过合成可以获得这个物品.
装备上可提升属性，使你的农作物更不容易枯萎
-------
这款时尚帽子采用柔软舒适的棉质面料制成，为佩戴者带来好运。其鲜艳的颜色和精致的设计使其成为任何服装的时尚配饰。有了这顶帽子，你会感到自信，并准备好迎接任何冒险。",0,item-icon-99,99,农业帽子 幸运棉花帽子,"1,2",0,1,2,1
0,1,"通过合成可以获得这个物品.
装备上可提升属性，使你的农作物更不容易枯萎
-------
这款坚固的安全帽为佩戴者带来好运，提供额外的保护，并增加他们找到有价值的宝藏的机会。其鲜艳的颜色和耐用的结构使其成为冒险玩家们的最爱。",0,item-icon-100,100,农业帽子 幸运坚硬帽子,"1,2,3",0,1,3,1
0,1,"通过合成可以获得这个物品.
装备上可提升属性，使你的农作物更不容易枯萎
-------
一款时尚的外套，非常适合户外冒险，能够提供温暖和防护。它耐用的材料和实用的设计使其成为任何冒险者必备的物品。穿上这款收获外套，保持舒适和时尚。",0,item-icon-101,101,农业上衣,1,0,1,1,1
0,1,"通过合成可以获得这个物品.
装备上可提升属性，使你的农作物更不容易枯萎
-------
一款专为农民设计的耐用夹克，提供对抗恶劣天气和崎岖地形的保护。其加固缝线和坚固面料使其非常适合户外工作。穿上这款可靠的服装，保持舒适并专注于任务。",0,item-icon-102,102,农业上衣,"1,2",0,1,2,1
0,1,"通过合成可以获得这个物品.
装备上可提升属性，使你的农作物更不容易枯萎
-------
这件上衣是专门为从事农业工作的人设计的，它具有防护、透气、耐磨等特点，让你在田间地头更加舒适、安全地工作。",0,item-icon-103,103,农业上衣,"1,2,3",0,1,3,1
0,1,"通过合成可以获得这个物品.
装备上可提升属性，使你的农作物更不容易枯萎
-------
这些裤子是为农民设计的，为他们在田间劳作的长时间提供舒适和耐用性。采用高质量材料制成，它们能够提供出色的防护，防止污垢和污渍。凭借其实用的设计和可调节的合身度，这些裤子是任何专注于农业的农民必备的。",0,item-icon-104,104,农业裤子,1,0,1,1,1
0,1,"通过合成可以获得这个物品.
装备上可提升属性，使你的农作物更不容易枯萎
-------
这款农业裤子是专门为农业工作而设计的，具有防水、耐磨等特点，让您在田间劳作更加舒适和安全。",0,item-icon-105,105,农业裤子,"1,2",0,1,2,1
0,1,"通过合成可以获得这个物品.
装备上可提升属性，使你的农作物更不容易枯萎
-------
这款裤子是专门为农业工作者设计的，采用高品质材料制成，舒适耐用。它具有防水、防污、防刺等功能，能有效保护工作者的身体和衣物。同时，它还具有多个口袋和细节设计，方便携带工具和提高工作效率。",0,item-icon-106,106,农业裤子,"1,2,3",0,1,3,1
0,1,"通过合成可以获得这个物品.
装备上可提升属性，使你的农作物更不容易枯萎
-------
这款手套适合在农田里使用，能够保护手部免受草刺、泥土和其他尖锐物的伤害。它还具有防滑功能，使您在潮湿的土壤上更加稳定。",0,item-icon-107,107,农业手套,1,0,1,1,1
0,1,"通过合成可以获得这个物品.
装备上可提升属性，使你的农作物更不容易枯萎
-------
这些手套是专为农业任务设计的，提供出色的抓握力和对荆棘和粗糙表面的保护。它们采用耐用材料制成，可以经受长时间在田间劳作的考验。有了这些手套，您可以轻松舒适地处理任何农业工作。",0,item-icon-108,108,农业手套,"1,2",0,1,2,1
0,1,"通过合成可以获得这个物品.
装备上可提升属性，使你的农作物更不容易枯萎
-------
这款手套适用于农业工作，能够提供舒适的手感和保护，帮助农民完成各种农作活动。",0,item-icon-109,109,农业手套,"1,2,3",0,1,3,1
0,1,"通过合成可以获得这个物品.
装备上可提升属性，提高采集更高等级资源的掉落概率
-------
这双采集鞋子是专门为采集而设计的，穿上它可以让你更加敏捷地在森林中行走，轻松采集到你需要的资源。",0,item-icon-113,113,采集鞋子,1,0,1,1,1
0,1,"通过合成可以获得这个物品.
装备上可提升属性，提高采集更高等级资源的掉落概率
-------
这双采集鞋子是专门为采集而设计的，它能够帮助你更快速、更高效地采集资源，让你的采集之旅更加顺畅。",0,item-icon-114,114,采集鞋子,"1,2",0,1,2,1
0,1,"通过合成可以获得这个物品.
装备上可提升属性，提高采集更高等级资源的掉落概率
-------
这些鞋子是为热衷于采集的人设计的，能够在长时间的探险中提供增强的敏捷性和舒适性。它们采用耐用而轻便的结构，使玩家能够轻松穿越各种地形，并轻松采集资源。这些鞋子还具有专门设计的抓地力，确保稳定性，即使在恶劣的环境中也能防止滑倒和摔倒。",0,item-icon-115,115,采集鞋子,"1,2,3",0,1,3,1
1,1,"通过合成可以获得这个物品.
使用它可以触发特殊效果
-------
使用这种强效配方，促进作物生长，确保及时丰收。通过使用这种强大的肥料，提高农业效率，观察您的植物茁壮成长。",98,item-icon-128,128,加速肥料,1,0,3,0,1
1,1,"通过合成可以获得这个物品.
使用它可以触发特殊效果
-------
增产肥料是一种专门用于提高农作物产量的消耗品，适用于LV0及以上的农业生产。它能够为作物提供充足的养分，促进作物的生长发育，提高作物的产量和品质。",98,item-icon-129,129,增产肥料,1,0,3,0,1
1,1,"通过合成可以获得这个物品.
使用它可以触发特殊效果
-------
这种富含营养的配方能够深层滋养植物，促进健康生长和鲜艳的花朵。它增强土壤的保水能力，确保植物在更长时间内保持水分。使用这种必备肥料来提升您的花园的活力。",98,item-icon-130,130,湿润肥料,1,0,3,0,1
1,1,"通过合成可以获得这个物品.
使用它可以触发特殊效果
-------
该药水可以在战斗中使用，能够提供次级治疗效果。",0,item-icon-134,134,劣质治疗药水,1,0,3,1,1
1,1,"通过合成可以获得这个物品.
使用它可以触发特殊效果
-------
这瓶药水可以增强你的攻击力。",0,item-icon-135,135,劣质攻击药水,1,0,3,1,1
1,1,"通过合成可以获得这个物品.
使用它可以触发特殊效果
-------
这个药剂能增强你的敏捷性，使你能够迅速移动并轻松躲避攻击。它能给你短暂的速度爆发，使你在战场上成为一股强大的力量。战略性地使用它来超越对手，获得战斗中的优势。",0,item-icon-136,136,劣质移速药水,1,0,3,1,1
1,1,"通过合成可以获得这个物品.
使用它可以触发特殊效果
-------
这种药剂增加了你的暴击几率，使你能够对敌人造成毁灭性的打击。对于任何希望最大化伤害输出的玩家来说，这是必备之物。明智地使用它，看着你的敌人在你面前崩溃。",0,item-icon-137,137,劣质暴击药水,1,0,3,1,1
1,1,"通过合成可以获得这个物品.
使用它可以触发特殊效果
-------
这个药水在游戏中是一个生命线，为你的角色的健康提供了急需的提升。它能立即恢复大量的生命值，让你能够继续冒险而不中断。它鲜艳的颜色和清爽的味道使其成为任何危急情况的完美解药。",0,item-icon-138,138,劣质生命上限药水,1,0,3,1,1
1,1,"通过合成可以获得这个物品.
使用它可以触发特殊效果
-------
此药水可以提供短暂的防御效果，适用于战斗中的应急情况。",0,item-icon-139,139,劣质防御药水,1,0,3,1,1
1,1,"通过合成可以获得这个物品.
使用它可以触发特殊效果
-------
这是一种可以种植成为竹子的种子，适合在农业领域使用。",97,item-icon-146,146,竹子种子,1,0,3,1,1
1,1,"通过合成可以获得这个物品.
使用它可以触发特殊效果
-------
三叶草种子是一种用于种植三叶草的农业消耗品，适合在低等级的土地上使用。它可以在适宜的环境下迅速生长并产生丰富的营养价值。",97,item-icon-147,147,三叶草种子,1,0,3,1,1
1,1,"通过合成可以获得这个物品.
使用它可以触发特殊效果
-------
这种胡萝卜种子可以用来种植新鲜、美味的胡萝卜。它适合在家庭菜园或小型农场中使用，可以在春季和秋季种植。用这种种子种出的胡萝卜味道鲜美，营养丰富。",97,item-icon-148,148,胡萝卜种子,1,0,3,1,1
1,1,"通过合成可以获得这个物品.
使用它可以触发特殊效果
-------
猪笼草种子是一种农业消耗品，可以用来种植猪笼草。这种植物是肉食性植物，能够吸收昆虫的营养。种植后，需要提供充足的阳光和水分，才能顺利生长。",97,item-icon-149,149,猪笼草种子,1,0,3,2,1
1,1,"通过合成可以获得这个物品.
使用它可以触发特殊效果
-------
这种棉花种子可以在农田中种植，成熟后可以收获棉花，用于制作纺织品。",97,item-icon-150,150,棉花种子,1,0,3,2,1
1,1,"通过合成可以获得这个物品.
使用它可以触发特殊效果
-------
这颗种子拥有培养出一个多刺而有韧性的植物的潜力。它承诺在您的花园中带来一丝沙漠之美。种下它，观察大自然的奇迹展开。",97,item-icon-151,151,仙人掌种子,1,0,3,2,1
1,1,"通过合成可以获得这个物品.
使用它可以触发特殊效果
-------
这种子适合种植在温暖的环境中，生长迅速且品质优良。其味道极其辛辣，能够为食物增添独特的口感，是辣椒爱好者的不二之选。",97,item-icon-152,152,火爆辣椒种子,1,0,3,3,1
1,1,"通过合成可以获得这个物品.
使用它可以触发特殊效果
-------
一种坚韧耐用的种子，拥有坚固的外壳，非常适合保护和延长寿命。其强大的特性确保它能够经受住恶劣条件并在任何环境中茁壮成长。这种种子是坚韧和力量的象征。",97,item-icon-153,153,坚硬果实种子,1,0,3,3,1
1,1,"通过合成可以获得这个物品.
使用它可以触发特殊效果
-------
这颗种子承载着一个充满活力的蓝色蘑菇的希望，它准备为你的花园带来一抹色彩。种下它，观察它生长成为一个迷人的真菌，它将迷住你的感官。",97,item-icon-154,154,蓝幻菇种子,1,0,3,3,1
1,1,"通过合成可以获得这个物品.
使用它可以触发特殊效果
-------
这种强效肥料能够促进植物生长并提高产量，使作物在短时间内茁壮成长。它提供了必需的营养物质，促进了强壮的根系发育，从而获得更健康、更丰富的收成。通过使用这种先进配方，您将体验到前所未有的加速生长效果。",98,item-icon-131,131,高级加速肥料,1,0,3,0,1
1,1,"通过合成可以获得这个物品.
使用它可以触发特殊效果
-------
这种强效肥料显著提高了农作物的产量，从而获得丰收。它促进植物生长，最大限度地增强了养分吸收，确保作物更加健康和强壮。有了这种先进的肥料，农民可以期待农业生产力的显著提高。",98,item-icon-132,132,高级增产肥料,1,0,3,0,1
1,1,"通过合成可以获得这个物品.
使用它可以触发特殊效果
-------
这种肥料经过特殊配方，能够为植物提供深层滋润和营养，使其生长更健康、更繁茂。其先进的配方能够确保土壤保持最佳的湿度，促进根系强壮，叶片茂盛。使用这种先进的保湿肥料，为您的植物提供终极滋润。",98,item-icon-133,133,高级湿润肥料,1,0,3,0,1
1,1,"通过合成可以获得这个物品.
使用它可以触发特殊效果
-------
这种药水可以在战斗中使用，它能够治疗你的伤口。",0,item-icon-140,140,治疗药水,1,0,3,2,1
1,1,"通过合成可以获得这个物品.
使用它可以触发特殊效果
-------
这个药剂能增强你的战斗能力，提升你的攻击力，但效果只持续一段时间。对于任何希望给敌人造成毁灭性打击的冒险者来说，这是必备之物。明智地使用它，看着你的敌人在你面前颤抖吧。",0,item-icon-141,141,攻击药水,1,0,3,2,1
1,1,"通过合成可以获得这个物品.
使用它可以触发特殊效果
-------
这种药剂能增强你的速度，让你能够迅速移动并轻松躲避攻击。对于任何寻求在战斗中获得优势的冒险者来说，这是必备之物。",0,item-icon-142,142,移速药水,1,0,3,2,1
1,1,"通过合成可以获得这个物品.
使用它可以触发特殊效果
-------
这种药剂能增强你的战斗能力，提高你对敌人造成毁灭性打击的机会。它能提升你的暴击率，在战斗中造成巨大的伤害。有了这种药剂，胜利就在你的掌握之中。",0,item-icon-143,143,暴击药水,1,0,3,2,1
1,1,"通过合成可以获得这个物品.
使用它可以触发特殊效果
-------
这瓶药水可以恢复你的生命值。在战斗中使用，效果更佳。",0,item-icon-144,144,生命上限药水,1,0,3,2,1
1,1,"通过合成可以获得这个物品.
使用它可以触发特殊效果
-------
一种强大的药剂，可以增强你的防御能力，提供临时抵御敌人攻击的护盾。这种药剂可以增强你的护甲和韧性，使你能够经受住最艰难的战斗。明智地使用它，扭转局势，获得胜利。",0,item-icon-145,145,防御药水,1,0,3,2,1
1,1,"曾经有人在海边见到过这种原材料.
可以用于合成装备或道具
-------
黏土是一种可塑性很强的土壤，常用于制作陶器、砖块等建筑材料。它通常呈灰褐色或红褐色，质地细腻，含有大量的有机质和矿物质。在采集时需要注意保持土壤湿润，以便更好地塑造和加工。",0,item-icon-61,61,黏土,1,0,4,1,1
1,1,"曾经有人在海边见到过这种原材料.
可以用于合成装备或道具
-------
这种树脂是一种黏性很强的液体，可以用来制作胶水、涂料和密封剂等。它通常从树木上采集得到，需要用特殊工具进行收集。",0,item-icon-65,65,树脂,1,0,4,1,1
1,1,"曾经有人在峡谷见到过这种原材料.
可以用于合成装备或道具
-------
一种生长在荒野中的多年生草本植物，具有较强的抗旱能力，其叶子肉厚，含有丰富的水分和营养成分，是制作酒类和药物的重要原材料。",0,item-icon-68,68,龙舌兰,1,0,4,3,1
1,1,"曾经有人在海边见到过这种原材料.
可以用于合成装备或道具
-------
这种植物纤维是一种采集到的原材料，通常可以从树木上采集得到。它可以用于制作各种不同的物品，如绳索、布料和纸张等。",0,item-icon-66,66,植物纤维,1,0,4,1,1
1,1,"曾经有人在雪山见到过这种原材料.
可以用于合成装备或道具
-------
这种菇类生长在寒冷的冰原地带，呈现出淡蓝色的色泽，肉质鲜美，适合用于烹饪。",0,item-icon-67,67,冰原菇,1,0,4,2,1
1,1,"曾经有人在海边见到过这种原材料.
可以用于合成装备或道具
-------
这个蜘蛛网是等级1的，可以在森林中采集到。它是一种原材料，可以用来制作各种物品。",0,item-icon-69,69,蜘蛛网,1,0,4,1,1
1,1,这张门票将让您参加一个充满惊险冒险和难忘经历的独家活动。准备好踏上一段独一无二的旅程，创造一生难忘的回忆吧。,0,item-icon-171,171,奖券#一,1,0,4,0,1
1,1,这张门票将让您参加一个充满惊险冒险和难忘经历的独家活动。准备好踏上一段独一无二的旅程，创造一生难忘的回忆吧。,0,item-icon-172,172,奖券#二,1,0,4,0,1
1,1,这张门票将让您参加一个充满惊险冒险和难忘经历的独家活动。准备好踏上一段独一无二的旅程，创造一生难忘的回忆吧。,0,item-icon-173,173,奖券#三,1,0,4,0,1
1,1,"通过养殖可以获得这种原材料.
可以用于合成装备或道具
-------
这种枯萎的植物可能是由于缺水或营养不良而导致的。它可以用于制作肥料或药材，也可以作为动物饲料。",0,item-icon-174,174,枯萎的植物,1,0,4,0,1
1,1,"通过养殖可以获得这种原材料.
可以用于合成装备或道具
-------
这个物品是一种具有肥料作用的有机物质，可以用于农业生产中。它是由动物的排泄物经过发酵和腐烂得到的，含有丰富的氮、磷、钾等营养成分。",0,item-icon-176,176,粪便,1,0,4,0,1
1,1,"通过养殖可以获得这种原材料.
可以用于合成装备或道具
-------
这种嫩芽是从仙人掌上采摘的，呈现出淡绿色的颜色和柔软的质地。它是一种重要的农业原材料，可以用于制作药品、食品和美容产品等。",0,item-icon-177,177,仙人掌嫩芽,1,0,4,1,1
1,1,"通过养殖可以获得这种原材料.
可以用于合成装备或道具
-------
这个螺丝是从怪物畜牧中获得的，可以用于🌾农业的原材料。",0,item-icon-178,178,螺丝,1,0,4,1,1
1,1,"通过养殖可以获得这种原材料.
可以用于合成装备或道具
-------
南瓜嫩芽是从怪物畜牧产出的农业原材料，呈现出嫩绿色的外观，富含营养，可用于制作多种食品和药品。",0,item-icon-179,179,南瓜嫩芽,1,0,4,1,1
1,1,"通过养殖可以获得这种原材料.
可以用于合成装备或道具
-------
蓝色晶石是一种稀有的农业原材料，来源于怪物畜牧产出。它能够帮助农民提高作物的生长速度和产量，是农业生产中不可或缺的一部分。",0,item-icon-180,180,蓝色晶石,1,0,4,2,1
1,1,"通过养殖可以获得这种原材料.
可以用于合成装备或道具
-------
这个草妖怪阔叶是一种可爱的怪物，它是农业生产中的畜牧产出，可以提供丰富的原材料。",0,item-icon-181,181,草妖怪阔叶,1,0,4,2,1
1,1,"通过养殖可以获得这种原材料.
可以用于合成装备或道具
-------
这是从怪物畜牧场中产出的蜂蜜，可以作为农业原材料使用。",0,item-icon-182,182,蜂蜜,1,0,4,2,1
1,1,"通过养殖可以获得这种原材料.
可以用于合成装备或道具
-------
这件物品是从怪物畜牧场中产出的，是用于农业的原材料。它是一根等级为3的暗黑羽毛。",0,item-icon-183,183,暗黑羽毛,1,0,4,3,1
1,1,"通过养殖可以获得这种原材料.
可以用于合成装备或道具
-------
这种凝固的岩浆是由怪物畜牧产出的，可用于🌾农业原材料的生产。它具有高度的粘稠度和耐高温性，可以在极端条件下使用。",0,item-icon-184,184,凝固的岩浆,1,0,4,3,1
1,1,"通过养殖可以获得这种原材料.
可以用于合成装备或道具
-------
这个冰之结晶是从怪物畜牧中获得的，是一种用于农业原材料的物品。它具有三级品质，可以用来制作各种冰属性的物品。",0,item-icon-185,185,冰之结晶,1,0,4,3,1
0,1,"通过合成可以获得这个物品.
装备上可提升属性，使你的农作物更不容易枯萎
-------
这把刷子是专门为农业设计的工具，可以轻松清洁作物和土地。",0,item-icon-95,95,刷子,1,0,1,0,1
0,1,"通过合成可以获得这个物品.
装备上可提升属性，使你的农作物更不容易枯萎
-------
这款剪毛器可以帮助农民快速、轻松地剪下羊毛，提高剪毛效率。适用于不同种类的羊。",0,item-icon-96,96,剪毛器,1,0,1,0,1
0,1,"通过合成可以获得这个物品.
装备上可提升属性，使你的农作物更不容易枯萎
-------
一种由农民用来高效从奶牛中提取牛奶的手持设备。它具有舒适的握把和吸力机制，确保了平稳而温和的挤奶过程。",0,item-icon-97,97,挤奶器,1,0,1,0,1
1,1,"通过养殖可以获得这种原材料.
可以用于合成装备或道具
-------
这种作物看起来已经腐烂了，无法食用。它可能是由于过度浇水或受到病虫害的影响而导致的。这些作物可以被用作肥料或填埋处理。",0,item-icon-175,175,腐烂的作物,1,0,4,0,1
0,1,"通过合成可以获得这个物品.
装备上可提升属性，提高采集更高等级资源的掉落概率
-------
这款时尚的帽子非常适合任何冒险者，既能提供额外的防护，又不会牺牲风格。它宽大的帽檐和可调节的带子确保舒适的贴合度，使其成为任何户外探险的必备配饰。这款帽子采用耐用材料制作，设计用于经受最艰苦的条件。它轻巧的结构和透气的面料让您在长时间的探索中保持凉爽和受保护。凭借其实用的设计和时尚的外观，这款聚会帽是任何经验丰富的冒险者必备的物品。",0,item-icon-116,116,采集帽子,1,0,1,1,1
0,1,"通过合成可以获得这个物品.
装备上可提升属性，提高采集更高等级资源的掉落概率
-------
这些手套是为狂热的收藏家设计的，让他们能够轻松地收集各种资源而不弄脏双手。它们舒适合身，材质耐用，提供可靠的握力并保护免受锋利边缘的伤害。无论是采摘草药还是挖掘矿石，这些手套都是任何专注于收集的人必备的物品。",0,item-icon-126,126,采集手套,"1,2",0,1,2,1
0,1,"通过合成可以获得这个物品.
装备上可提升属性，提高采集更高等级资源的掉落概率
-------
这些手套专为热衷于采集的人设计，提供了增强的握力和灵活性。它们采用耐用材料制成，可以保护您的手部免受荆棘和锋利边缘的伤害，让您轻松高效地采集资源。有了这些手套，您再也不用担心起水泡或割伤了。",0,item-icon-125,125,采集手套,1,0,1,1,1
0,1,"通过合成可以获得这个物品.
装备上可提升属性，提高采集更高等级资源的掉落概率
-------
这款裤子专为热衷冒险的人设计，能在长途旅行中提供舒适和灵活性。采用加固缝线和耐用面料，非常适合在荒野中采集资源。无论是任何专注的探险者，都可以通过这款必备裤子保持敏捷和专注。",0,item-icon-122,122,采集裤子,1,0,1,1,1
0,1,"通过合成可以获得这个物品.
装备上可提升属性，提高采集更高等级资源的掉落概率
-------
这款裤子专为热衷冒险的人设计，能在长途旅行中提供舒适和灵活性。采用耐用材料制作，能在不影响活动能力的情况下提供出色的防护效果。非常适合那些在游戏中探索广阔景观时希望高效收集资源的人使用。",0,item-icon-124,124,采集裤子,"1,2,3",0,1,3,1
0,1,"通过合成可以获得这个物品.
装备上可提升属性，提高采集更高等级资源的掉落概率
-------
这条裤子非常适合在游戏中收集资源，提供额外的储存空间和耐久性。它们采用了加固缝线和多个口袋的设计，使玩家可以轻松携带和收集各种材料，而不必担心磨损。",0,item-icon-123,123,采集裤子,"1,2",0,1,2,1
0,1,"通过合成可以获得这个物品.
装备上可提升属性，提高采集更高等级资源的掉落概率
-------
这些手套是为热衷于采集的人设计的，提供了增强的灵活性和抓握力。它们采用耐用材料制成，能够保护免受荆棘和尖锐物体的伤害。有了这些手套，您可以轻松高效地采集资源。",0,item-icon-127,127,采集手套,"1,2,3",0,1,3,1
0,1,"通过合成可以获得这个物品.
装备上可提升属性，提高采集更高等级资源的掉落概率
-------
一款为冒险者设计的实用夹克，能提供出色的防护功能。其耐用的面料和加固的缝线使其非常适合长途旅行和户外活动。使用这款必备装备，您可以保持温暖舒适，同时不会牺牲活动性。",0,item-icon-121,121,采集上衣,"1,2,3",0,1,3,1
0,1,"通过合成可以获得这个物品.
装备上可提升属性，提高采集更高等级资源的掉落概率
-------
一款为冒险者设计的实用夹克，能提供出色的防护功能，抵御各种恶劣天气。其耐用的面料和加固的缝线使其非常适合长途旅行和户外探险。多个口袋和可调节的带子使其对于任何户外爱好者来说都非常方便实用。",0,item-icon-120,120,采集上衣,"1,2",0,1,2,1
0,1,"通过合成可以获得这个物品.
装备上可提升属性，提高采集更高等级资源的掉落概率
-------
一款专为户外探险设计的耐用夹克，能提供出色的防护功能。其轻便透气的面料确保在长时间的探险中享受舒适。配有多个口袋和加固缝线，是任何热衷冒险的人的完美伴侣。",0,item-icon-119,119,采集上衣,1,0,1,1,1
0,1,"通过合成可以获得这个物品.
装备上可提升属性，提高采集更高等级资源的掉落概率
-------
一顶时尚的帽子，能够增强你的收集能力，使你在游戏中更容易收集资源。一个实用的配饰，能够提高你的收集效率，让你更快、更高效地收集材料。",0,item-icon-118,118,采集帽子,"1,2,3",0,1,3,1
0,1,"通过合成可以获得这个物品.
装备上可提升属性，提高采集更高等级资源的掉落概率
-------
一顶时尚的帽子，能够提升你的采集能力，让你更高效地收集资源。它独特的设计提供舒适和保护，使其成为任何专注的采集者必备的配件。一顶专为采集任务设计的实用帽子。它轻便透气的材料让你在长时间的采集过程中保持凉爽和专注。",0,item-icon-117,117,采集帽子,"1,2",0,1,2,1
0,1,"通过合成可以获得这个物品.
装备上可提升属性，使你的农作物更不容易枯萎
-------
这双农业鞋子是专为农业工作者设计的，它具有防滑、耐磨、透气等特点，能够保护脚部并提高工作效率。",0,item-icon-112,112,农业鞋子,"1,2,3",0,1,3,1
0,1,"通过合成可以获得这个物品.
装备上可提升属性，使你的农作物更不容易枯萎
-------
这款农业鞋子是专为耕田、种植等农业活动设计的，采用优质材料制作，耐磨损、透气舒适，可以保护农民的脚部安全。",0,item-icon-111,111,农业鞋子,"1,2",0,1,2,1
0,1,"通过合成可以获得这个物品.
装备上可提升属性，使你的农作物更不容易枯萎
-------
这款农业鞋子采用高品质材料制作，轻便舒适，适合长时间穿着。鞋底防滑，适用于各种农业场地，让您的工作更加轻松。",0,item-icon-110,110,农业鞋子,1,0,1,1,1
1,1,"通过合成可以获得这个物品.
使用它可以触发特殊效果
-------
小饲料是一种消耗品，适用于等级0的宠物，可增加宠物的饱食度和成长值。它由天然植物和营养成分制成，口感清香，易于消化吸收。每包小饲料重量轻便，方便携带，是宠物主人必备的好物品。",27,item-icon-28,28,Lv 1 小饲料,1,0,3,0,1
1,1,"通过合成可以获得这个物品.
使用它可以触发特殊效果
-------
大饲料是一种消耗品，能够提供动物所需的营养成分，使其保持健康成长。它适用于各种家畜和宠物，能够增加它们的生产力和生命值。",27,item-icon-29,29,Lv 2 大饲料,1,0,3,0,1
1,0,Farming EXP是一种游戏中的经验值，可以通过种植作物、养殖动物等农业活动获得。它是提升农业技能和等级的关键因素，也是解锁更高级农业工具和设备的必要条件。,0,item-icon-188,188,Farming EXP,1,0,4,0,0
1,0,Combat EXP是指战斗经验，是指在战斗中获得的经验值。它可以帮助玩家提升等级和技能，增强角色的能力。在许多游戏中，Combat EXP是玩家提升实力的重要途径之一。,0,item-icon-189,189,Combat EXP,1,0,4,0,0
1,0,Gathering EXP是游戏中关键资源，对玩家提升资源采集效率与角色能力发挥重要作用。玩家通过砍伐、挖矿等活动累积经验，提高采集技能等级。技能等级决定采集速度、稀有资源获取几率及更高级技能解锁。游戏进程中，角色需求变复杂，高采集技能成必备支持。此外，高采集经验亦助攻击能力提升。玩家应不断学习技能、提高采集经验值，勇闯挑战，跻身强者行列。,0,item-icon-190,190,Gathering EXP,1,0,4,0,0
1,1,"通过合成可以获得这个物品.
使用它可以触发特殊效果
-------
这瓶药水可以在战斗中使用，能够治疗你的伤口，让你重新恢复战斗力。",0,item-icon-191,191,晶化治疗药水,1,0,3,3,1
1,1,"通过合成可以获得这个物品.
使用它可以触发特殊效果
-------
这瓶药水可以提升攻击力，让你的攻击更加锐利。在战斗中使用，可以给你带来更大的优势。",0,item-icon-192,192,晶化攻击药水,1,0,3,3,1
1,1,"通过合成可以获得这个物品.
使用它可以触发特殊效果
-------
这瓶药水可以让你的移动速度得到提升，在战斗中具有很大的帮助作用。",0,item-icon-194,194,晶化移速药水,1,0,3,3,1
1,1,"通过合成可以获得这个物品.
使用它可以触发特殊效果
-------
这瓶药水能够增加暴击率，让你在战斗中更加致命。",0,item-icon-195,195,晶化暴击药水,1,0,3,3,1
1,1,"通过合成可以获得这个物品.
使用它可以触发特殊效果
-------
一种强效的灵药，恢复活力并使疲惫的冒险者焕发青春，提供能量和治愈特性的激增。这种珍贵的药剂在危急情况下是生命线，提供快速而令人耳目一新的提振，让你在危险面前继续前行。",0,item-icon-196,196,晶化生命上限药水,1,0,3,3,1
1,1,"通过合成可以获得这个物品.
使用它可以触发特殊效果
-------
这瓶药水可以为你的防御增添一层晶化保护，让你在战斗中更加坚不可摧。",0,item-icon-197,197,晶化防御药水,1,0,3,3,1
1,1,"通过合成可以获得这个物品.
可以用于合成装备或道具
-------
这种精华是从树木上采集而来的，可以用来制作各种原材料和合成物。",0,item-icon-207,207,1级采集精华,1,0,4,1,1
1,1,"通过合成可以获得这个物品.
可以用于合成装备或道具
-------
这个采集精华可以通过在树木上采集得到，是制作各种原材料合成物的必要材料。",0,item-icon-208,208,2级采集精华,1,0,4,2,1
1,1,"通过合成可以获得这个物品.
可以用于合成装备或道具
-------
这个物品是一种用于采集原材料合成物的精华，需要达到3级才能使用。它可以从树木上采集得到，是一种非常重要的资源。",0,item-icon-209,209,3级采集精华,1,0,4,3,1
1,1,"通过合成可以获得这个物品.
可以用于合成装备或道具
-------
这款农业种植精华是由优质的农业原材料精心合成而成，适用于一级的农业种植。它能够提高作物的生长速度和产量，同时还能增加作物的品质和口感。使用它能够让你的农作物更加健康、茂盛，让你的农业生产更加高效、稳定。",0,item-icon-210,210,1级种植精华,1,0,4,1,1
1,1,"通过合成可以获得这个物品.
可以用于合成装备或道具
-------
这是一种专为农业种植而设计的精华，能够提高作物的生长速度和产量，有助于提高农业生产效率。它是由多种农业原材料经过合成而成，是农业生产中不可或缺的重要物品。",0,item-icon-211,211,2级种植精华,1,0,4,2,1
1,1,"通过合成可以获得这个物品.
可以用于合成装备或道具
-------
这个农业种植精华是由多种珍贵的植物精华混合而成，具有促进作物生长和提高产量的神奇效果。它是农业领域不可或缺的原材料之一，适用于各种不同类型的农作物。",0,item-icon-212,212,3级种植精华,1,0,4,3,1
1,1,"通过合成可以获得这个物品.
可以用于合成装备或道具
-------
这个农业畜牧精华是由多种天然植物和动物精华混合而成的，可以提高农业畜牧业的生产效率和产量。它具有丰富的营养成分和生物活性物质，可以促进农作物和家畜的健康生长。",0,item-icon-213,213,1级畜牧精华,1,0,4,1,1
1,1,"通过合成可以获得这个物品.
可以用于合成装备或道具
-------
这是一种提取自农业畜牧的精华，可用于合成其他农业原材料。",0,item-icon-214,214,2级畜牧精华,1,0,4,2,1
1,1,"通过合成可以获得这个物品.
可以用于合成装备或道具
-------
这种精华是从高品质的农业和畜牧产品中提取出来的，具有极高的营养价值和药用价值，可以用于制作各种农业和畜牧相关的药品和调料。",0,item-icon-215,215,3级畜牧精华,1,0,4,3,1
1,1,"通过合成可以获得这个物品.
可以用于合成装备或道具
-------
这种战斗精华是一种用于合成更高级别装备的原材料，具有强大的战斗能力，适用于1级的战斗。",0,item-icon-216,216,1级战斗精华,1,0,4,1,1
1,1,"通过合成可以获得这个物品.
可以用于合成装备或道具
-------
这是一种用于合成Lv 2级装备的战斗精华，可以提高装备的战斗属性。它是通过战斗中获得的原材料合成而成的，是战斗中不可或缺的重要物品。",0,item-icon-217,217,2级战斗精华,1,0,4,2,1
1,1,"通过合成可以获得这个物品.
可以用于合成装备或道具
-------
这是一种用于合成战斗装备的原材料，具有高度的战斗能力，可提升装备的等级和属性。",0,item-icon-218,218,3级战斗精华,1,0,4,3,1
1,1,"通过合成可以获得这个物品.
使用它可以触发特殊效果
-------
这种肥料可以促进作物生长速度，适用于中级农作物。",98,item-icon-219,219,中级加速肥料,1,0,3,0,1
1,1,"通过合成可以获得这个物品.
使用它可以触发特殊效果
-------
这些肥料经过特殊配方，旨在提高农作物产量，从而获得丰收。它们提供必需的营养物质，促进植物健康生长，确保农民获得最佳的生产力。使用这些高质量的肥料来提高产量。",98,item-icon-220,220,中级增产肥料,1,0,3,0,1
1,1,"通过合成可以获得这个物品.
使用它可以触发特殊效果
-------
这种肥料能够增强植物的保水能力，确保它们保持水分充足和健康。它促进植物的最佳生长和营养，无需频繁浇水。用这种先进的保湿肥料给你的植物提供最好的护理。",98,item-icon-221,221,中级湿润肥料,1,0,3,0,1
0,1,"通过合成可以获得这个物品.
装备上可提升属性，提高你在战斗中的生存率
-------
这个强大的工具是由坚固的石头制成的，因此非常耐用，非常适合用来破坏坚硬的障碍物。它沉重的头部带来了令人满意的冲击力，因此深受冒险家和建筑师的喜爱。凭借其坚固的手柄和精湛的工艺，这把石锤是任何任务的可靠伴侣。",0,item-icon-222,222,锤0 石锤,1,0,1,0,1
0,1,"通过合成可以获得这个物品.
装备上可提升属性，提高你在战斗中的生存率
-------
一个精心制作的坚固木弓，非常适合远程攻击。它光滑的表面和精心雕刻的设计确保了舒适的握持和准确的射击。",0,item-icon-223,223,弓箭0 木弓,1,0,1,0,1
0,1,"通过合成可以获得这个物品.
装备上可提升属性，提高采集更高等级资源的掉落概率
-------
石头镰刀，是一把由坚硬的石头制成的镰刀。它的刀刃锋利，能够轻松割断各种植物。石头镰刀的手柄经过精心设计，握感舒适，使用起来稳定而灵活。它的石质材料使得它耐用且不易生锈，适合在户外环境中使用。无论是修剪草坪还是收割庄稼，石头镰刀都是一款实用的工具。",0,item-icon-225,225,石头镰刀,1,0,1,0,1
0,1,"通过合成可以获得这个物品.
装备上可提升属性，提高采集更高等级资源的掉落概率
-------
铜质镰刀，是一把由纯铜制成的农具，具有弯曲的刀刃和坚固的刀柄。它的刀刃锋利耐用，适合用于割取庄稼和草地。铜质的材质使得镰刀更加坚固耐用，不易生锈。它的设计精巧，手感舒适，使用起来轻便灵活。铜质镰刀是农民们重要的劳动工具之一，帮助他们完成农田的收割工作。无论是在田间地头还是在农田里，铜质镰刀都展现出了它的实用性和耐用性。",0,item-icon-226,226,铜质镰刀,1,0,1,1,1
0,1,"通过合成可以获得这个物品.
装备上可提升属性，提高采集更高等级资源的掉落概率
-------
铁质镰刀是一把坚固耐用的工具，由优质铁材制成。它的刀刃锋利，适合用来割草、收割庄稼等农田劳作。镰刀的弧形设计使得使用者能够轻松地切割作物，提高工作效率。它的手柄经过精心设计，握感舒适，使用起来更加稳定。无论是农田劳作还是园艺修剪，铁质镰刀都是不可或缺的工具之一。",0,item-icon-227,227,铁质镰刀,1,0,1,2,1
0,1,"通过合成可以获得这个物品.
装备上可提升属性，提高采集更高等级资源的掉落概率
-------
水晶镰刀，一把闪耀着晶莹光芒的武器，刀身由纯净的水晶打造而成，透明如水，散发着神秘的魔力。镰刀的刀刃锋利无比，能够轻松斩断一切阻挡。它的柄部镶嵌着精致的银色花纹，给人一种高贵而神秘的感觉。手握水晶镰刀，仿佛能够掌控自然的力量，释放出无穷的能量，成为战斗中的无敌存在。无论是战士还是法师，都渴望拥有这把独特的武器，以展现自己的强大实力。",0,item-icon-228,228,水晶镰刀,1,0,1,3,1
0,1,"通过合成可以获得这个物品.
装备上可提升属性，提高采集更高等级资源的掉落概率
-------
黄金镰刀，闪耀金光，锋利无比，刀身镶嵌着珍贵的黄金，充满贵气。镰刀刀刃呈弧形，适合收割庄稼，一刀下去，如同黄金般的丰收。手柄经过精心雕刻，华丽而又舒适，握在手中仿佛拥有了无穷的力量。无论是作为装饰品还是实用工具，黄金镰刀都是独一无二的奢华之选。",0,item-icon-229,229,黄金镰刀,1,0,1,4,1
0,1,"通过合成可以获得这个物品.
装备上可提升属性，提高采集更高等级资源的掉落概率
-------
钻石镰刀，是一把精致华丽的武器，刀身由纯净的钻石打造而成，闪耀着迷人的光芒。镰刀的刀刃锋利无比，能够轻松割断一切阻挡。它的柄部设计精巧，握感舒适，让人在战斗中更加灵活自如。钻石镰刀不仅具备强大的攻击力，还拥有独特的魔法属性，能够释放出致命的能量波，让敌人无处可逃。无论是战斗还是展示，钻石镰刀都是一件令人瞩目的宝物。",0,item-icon-230,230,钻石镰刀,1,0,1,5,1
0,1,"通过合成可以获得这个物品.
装备上可提升属性，提高采集更高等级资源的掉落概率
-------
星辉镰刀，一把闪耀着星光的镰刀，刀身镶嵌着无数颗明亮的星辰，散发出神秘的光芒。它的刀刃锋利无比，能够轻松劈开一切阻挡。镰刀的柄上雕刻着精美的星座图案，给人一种神圣而庄严的感觉。挥舞星辉镰刀，仿佛能够引领着星辰之力，让人感受到无尽的力量与荣耀。无论是战斗还是仪式，它都是绝佳的选择。",0,item-icon-231,231,星辉镰刀,1,0,1,6,1
1,1,"通过合成可以获得这个物品.
使用它可以触发特殊效果
-------
一颗炸弹",347,item-icon-232,232,爆炸药瓶,1,0,3,0,1
1,1,"通过合成可以获得这个物品.
使用它可以触发特殊效果
-------
眩晕药瓶",348,item-icon-233,233,眩晕药瓶,1,0,3,0,1
1,1,"通过合成可以获得这个物品.
使用它可以触发特殊效果
-------
减速药瓶",351,item-icon-234,234,减速药瓶,1,0,3,0,1
1,1,"通过合成可以获得这个物品.
使用它可以触发特殊效果
-------
燃烧药瓶",352,item-icon-235,235,燃烧药瓶,1,0,3,0,1
1,1,"通过合成可以获得这个物品.
使用它可以触发特殊效果
-------
飞雷神药瓶",356,item-icon-236,236,飞雷神药瓶,1,0,3,0,1
1,1,"通过合成可以获得这个物品.
使用它可以触发特殊效果
-------
闪避药瓶",357,item-icon-237,237,闪避药瓶,1,0,3,0,1
1,1,"通过合成可以获得这个物品.
使用它可以触发特殊效果
-------
净化药瓶",358,item-icon-238,238,净化药瓶,1,0,3,0,1
0,1,"合成装备时有几率获得.
没有属性，可改变你的外观
-------
建议作为时装穿戴",0,item-icon-241,241,棒球高手_头发,5,0,1,1,1
0,1,"合成装备时有几率获得.
没有属性，可改变你的外观
-------
建议作为时装穿戴",0,item-icon-242,242,棒球高手_上衣,5,0,1,1,1
0,1,"合成装备时有几率获得.
没有属性，可改变你的外观
-------
建议作为时装穿戴",0,item-icon-243,243,棒球高手_手套,5,0,1,1,1
0,1,"合成装备时有几率获得.
没有属性，可改变你的外观
-------
建议作为时装穿戴",0,item-icon-244,244,棒球高手_裤子,5,0,1,1,1
0,1,"合成装备时有几率获得.
没有属性，可改变你的外观
-------
建议作为时装穿戴",0,item-icon-245,245,棒球高手_鞋子,5,0,1,1,1
0,1,"合成装备时有几率获得.
没有属性，可改变你的外观
-------
建议作为时装穿戴",0,item-icon-246,246,俺神八_头发,5,0,1,3,1
0,1,"合成装备时有几率获得.
没有属性，可改变你的外观
-------
建议作为时装穿戴",0,item-icon-247,247,俺神八_上衣,5,0,1,3,1
0,1,"合成装备时有几率获得.
没有属性，可改变你的外观
-------
建议作为时装穿戴",0,item-icon-248,248,俺神八_手套,5,0,1,3,1
0,1,"合成装备时有几率获得.
没有属性，可改变你的外观
-------
建议作为时装穿戴",0,item-icon-249,249,俺神八_裤子,5,0,1,3,1
0,1,"合成装备时有几率获得.
没有属性，可改变你的外观
-------
建议作为时装穿戴",0,item-icon-250,250,俺神八_鞋子,5,0,1,3,1
0,1,"合成装备时有几率获得.
没有属性，可改变你的外观
-------
建议作为时装穿戴",0,item-icon-251,251,地狱爵士_头发,5,0,1,3,1
0,1,"合成装备时有几率获得.
没有属性，可改变你的外观
-------
建议作为时装穿戴",0,item-icon-252,252,地狱爵士_上衣,5,0,1,3,1
0,1,"合成装备时有几率获得.
没有属性，可改变你的外观
-------
建议作为时装穿戴",0,item-icon-253,253,地狱爵士_手套,5,0,1,3,1
0,1,"合成装备时有几率获得.
没有属性，可改变你的外观
-------
建议作为时装穿戴",0,item-icon-254,254,地狱爵士_裤子,5,0,1,3,1
0,1,"合成装备时有几率获得.
没有属性，可改变你的外观
-------
建议作为时装穿戴",0,item-icon-255,255,地狱爵士_鞋子,5,0,1,3,1
0,1,"合成装备时有几率获得.
没有属性，可改变你的外观
-------
建议作为时装穿戴",0,item-icon-257,257,靓仔_头发,5,0,1,0,1
0,1,"合成装备时有几率获得.
没有属性，可改变你的外观
-------
建议作为时装穿戴",0,item-icon-258,258,靓仔_上衣,5,0,1,0,1
0,1,"合成装备时有几率获得.
没有属性，可改变你的外观
-------
建议作为时装穿戴",0,item-icon-259,259,靓仔_手套,5,0,1,0,1
0,1,"合成装备时有几率获得.
没有属性，可改变你的外观
-------
建议作为时装穿戴",0,item-icon-260,260,靓仔_裤子,5,0,1,0,1
0,1,"合成装备时有几率获得.
没有属性，可改变你的外观
-------
建议作为时装穿戴",0,item-icon-261,261,靓仔_鞋子,5,0,1,0,1
0,1,"合成装备时有几率获得.
没有属性，可改变你的外观
-------
建议作为时装穿戴",0,item-icon-262,262,飞车手_头发,5,0,1,1,1
0,1,"合成装备时有几率获得.
没有属性，可改变你的外观
-------
建议作为时装穿戴",0,item-icon-263,263,飞车手_上衣,5,0,1,1,1
0,1,"合成装备时有几率获得.
没有属性，可改变你的外观
-------
建议作为时装穿戴",0,item-icon-264,264,飞车手_手套,5,0,1,1,1
0,1,"合成装备时有几率获得.
没有属性，可改变你的外观
-------
建议作为时装穿戴",0,item-icon-265,265,飞车手_裤子,5,0,1,1,1
0,1,"合成装备时有几率获得.
没有属性，可改变你的外观
-------
建议作为时装穿戴",0,item-icon-266,266,飞车手_鞋子,5,0,1,1,1
0,1,"合成装备时有几率获得.
没有属性，可改变你的外观
-------
建议作为时装穿戴",0,item-icon-267,267,罗马士兵_头发,5,0,1,2,1
0,1,"合成装备时有几率获得.
没有属性，可改变你的外观
-------
建议作为时装穿戴",0,item-icon-268,268,罗马士兵_上衣,5,0,1,2,1
0,1,"合成装备时有几率获得.
没有属性，可改变你的外观
-------
建议作为时装穿戴",0,item-icon-269,269,罗马士兵_手套,5,0,1,2,1
0,1,"合成装备时有几率获得.
没有属性，可改变你的外观
-------
建议作为时装穿戴",0,item-icon-270,270,罗马士兵_裤子,5,0,1,2,1
0,1,"合成装备时有几率获得.
没有属性，可改变你的外观
-------
建议作为时装穿戴",0,item-icon-271,271,罗马士兵_鞋子,5,0,1,2,1
0,1,"合成装备时有几率获得.
没有属性，可改变你的外观
-------
建议作为时装穿戴",0,item-icon-272,272,街头小子_头发,5,0,1,2,1
0,1,"合成装备时有几率获得.
没有属性，可改变你的外观
-------
建议作为时装穿戴",0,item-icon-273,273,街头小子_上衣,5,0,1,2,1
0,1,"合成装备时有几率获得.
没有属性，可改变你的外观
-------
建议作为时装穿戴",0,item-icon-274,274,街头小子_手套,5,0,1,2,1
0,1,"合成装备时有几率获得.
没有属性，可改变你的外观
-------
建议作为时装穿戴",0,item-icon-275,275,街头小子_裤子,5,0,1,2,1
0,1,"合成装备时有几率获得.
没有属性，可改变你的外观
-------
建议作为时装穿戴",0,item-icon-276,276,街头小子_鞋子,5,0,1,2,1
0,1,"合成装备时有几率获得.
没有属性，可改变你的外观
-------
建议作为时装穿戴",0,item-icon-277,277,汪汪套装_头发,5,0,1,5,1
0,1,"合成装备时有几率获得.
没有属性，可改变你的外观
-------
建议作为时装穿戴",0,item-icon-278,278,汪汪套装_上衣,5,0,1,5,1
0,1,"合成装备时有几率获得.
没有属性，可改变你的外观
-------
建议作为时装穿戴",0,item-icon-279,279,汪汪套装_手套,5,0,1,5,1
0,1,"合成装备时有几率获得.
没有属性，可改变你的外观
-------
建议作为时装穿戴",0,item-icon-280,280,汪汪套装_裤子,5,0,1,5,1
0,1,"合成装备时有几率获得.
没有属性，可改变你的外观
-------
建议作为时装穿戴",0,item-icon-281,281,汪汪套装_鞋子,5,0,1,5,1
0,1,"合成装备时有几率获得.
没有属性，可改变你的外观
-------
建议作为时装穿戴",0,item-icon-282,282,热情似火_头发,5,0,1,6,1
0,1,"合成装备时有几率获得.
没有属性，可改变你的外观
-------
建议作为时装穿戴",0,item-icon-283,283,热情似火_上衣,5,0,1,6,1
0,1,"合成装备时有几率获得.
没有属性，可改变你的外观
-------
建议作为时装穿戴",0,item-icon-284,284,热情似火_手套,5,0,1,6,1
0,1,"合成装备时有几率获得.
没有属性，可改变你的外观
-------
建议作为时装穿戴",0,item-icon-285,285,热情似火_裤子,5,0,1,6,1
0,1,"合成装备时有几率获得.
没有属性，可改变你的外观
-------
建议作为时装穿戴",0,item-icon-286,286,热情似火_鞋子,5,0,1,6,1
0,1,"通过合成可以获得这个物品.
装备上可提升属性，提高你在战斗中的生存率
-------
如果你很担心被怪物追着打，那么这把弓很适合你，你可以在安全的距离击杀怪物",0,item-icon-287,287,铜弓,1,0,1,1,1
0,1,"通过合成可以获得这个物品.
装备上可提升属性，提高你在战斗中的生存率
-------
如果你很担心被怪物追着打，那么这把弓很适合你，你可以在安全的距离击杀怪物",0,item-icon-288,288,金属弓,"1,2",0,1,2,1
0,1,"通过合成可以获得这个物品.
装备上可提升属性，提高你在战斗中的生存率
-------
如果你很担心被怪物追着打，那么这把弓很适合你，你可以在安全的距离击杀怪物",0,item-icon-289,289,水晶弓,"1,2,3",0,1,3,1
1,1,"通过合成可以获得这个物品.
使用它可以触发特殊效果
-------
恢复少量精力",0,item-icon-295,295,精力恢复药水-小,1,0,3,1,1
1,1,"通过合成可以获得这个物品.
使用它可以触发特殊效果
-------
恢复些许精力",0,item-icon-296,296,精力恢复药水-中,1,0,3,2,1
1,1,"通过合成可以获得这个物品.
使用它可以触发特殊效果
-------
恢复部分精力",0,item-icon-297,297,精力恢复药水-大,1,0,3,3,1
0,1,"通过合成可以获得这个物品.
装备上可提升属性，使你的农作物更不容易枯萎
-------
一把闪耀着黄金光芒的锄头，它的锋利度和耐久性都超出寻常。用它来耕种土地，你将轻松驾驭土壤的力量，让作物茁壮成长。同时，它也是农夫们的骄傲，象征着他们的辛勤劳动和丰收的希望。",0,item-icon-299,299,黄金锄头,"1,2,3,4",0,1,4,1
0,1,"通过合成可以获得这个物品.
装备上可提升属性，提高采集更高等级资源的掉落概率
-------
一把闪耀着黄金光芒的斧头，它的刀刃锋利无比，能够轻松砍伐最坚硬的树木。它的重量适中，使用起来既稳定又灵活，是采集者们的首选工具。",0,item-icon-300,300,黄金斧头,"1,2,3,4",0,1,4,1
0,1,"通过合成可以获得这个物品.
装备上可提升属性，提高采集更高等级资源的掉落概率
-------
一把闪耀着黄金光芒的工具，专为采集而设计。它的坚固材质和精巧设计使得挖掘矿石和宝藏变得更加轻松。无论是深入地下挖掘还是在山脉中寻找珍贵资源，黄金镐子都是你最可靠的伙伴。",0,item-icon-301,301,黄金镐子,"1,2,3,4",0,1,4,1
0,1,"通过合成可以获得这个物品.
装备上可提升属性，使你的农作物更不容易枯萎
-------
一把华丽而锋利的剪子，由纯黄金打造而成。它的剪刀刃异常锋利，能够轻松剪断各种材料，无论是布料、纸张还是细小的植物。它是每个农夫和手艺人的必备工具，用来修剪植物、剪裁布料或者进行精细的手工艺制作。无论是农田还是工坊，黄金剪子都是展现精湛技艺和高贵品味的象征。",0,item-icon-302,302,黄金剪子,"1,2,3,4",0,1,4,1
0,1,"通过合成可以获得这个物品.
装备上可提升属性，提高采集更高等级资源的掉落概率
-------
一把闪耀着黄金光芒的镰刀，刀刃锋利无比。它是农夫们最喜爱的工具之一，用于收割成熟的庄稼。在阳光下闪烁的金色光芒，让人感受到丰收的喜悦和农田的繁荣。",0,item-icon-303,303,黄金镰刀,"1,2,3,4",0,1,4,1
0,1,"通过合成可以获得这个物品.
装备上可提升属性，使你的农作物更不容易枯萎
-------
一把华丽的水壶，由纯黄金打造而成。它不仅外观璀璨夺目，还具有神奇的魔力。当你使用黄金水壶时，它能够迅速恢复你的生命值和魔法值，让你在战斗中保持持续的活力。无论是在激烈的战斗中还是繁忙的农田里，黄金水壶都是你最忠实的伙伴。",0,item-icon-304,304,黄金水壶,"1,2,3,4",0,1,4,1
0,1,"通过合成可以获得这个物品.
装备上可提升属性，使你的农作物更不容易枯萎
-------
一把闪耀着宝石光芒的锄头，它的锋利度和耐久力超乎寻常。用它来耕种土地，你将轻松开垦出富饶的农田，收获丰盈的农作物。",0,item-icon-305,305,钻石锄头,"1,2,3,4,5",0,1,5,1
0,1,"通过合成可以获得这个物品.
装备上可提升属性，提高采集更高等级资源的掉落概率
-------
一把闪耀着宝石光芒的斧头，刀刃坚硬无比，能够轻松劈开最坚硬的矿石和木材。它的锋利程度和耐久性使得它成为采集者们的首选工具，让他们在采集资源时事半功倍。",0,item-icon-306,306,钻石斧头,"1,2,3,4,5",0,1,5,1
0,1,"通过合成可以获得这个物品.
装备上可提升属性，提高采集更高等级资源的掉落概率
-------
一把闪耀着宝石般光芒的工具，专为采集珍贵矿石而设计。其锋利的钻石头部能够轻松穿透坚硬的岩石，让你在矿脉中轻松寻找和收集宝贵的矿石资源。无论是探险还是繁荣的城市，钻石镐子都是每个采矿者的必备工具，帮助你开启财富之门。",0,item-icon-307,307,钻石镐子,"1,2,3,4,5",0,1,5,1
0,1,"通过合成可以获得这个物品.
装备上可提升属性，使你的农作物更不容易枯萎
-------
一把闪耀着宝石光芒的剪子，刀刃锋利无比。它能轻松剪断任何材料，无论是坚硬的金属还是厚实的布料，都能迅速而精准地完成任务。在农田中，它是农夫们的得力助手，能够轻松修剪作物和修整树木。在采集探险中，它是勇敢的冒险者的必备工具，能够迅速采集珍贵的资源。无论是农夫还是探险者，都将发现钻石剪子是他们最可靠的伙伴。",0,item-icon-308,308,钻石剪子,"1,2,3,4,5",0,1,5,1
0,1,"通过合成可以获得这个物品.
装备上可提升属性，提高采集更高等级资源的掉落概率
-------
一把闪耀着宝石光芒的镰刀，刀刃锋利无比，能够轻松收割农田中的庄稼。它的钻石镶嵌使得每一次收割都变得高效而迅捷，让你成为农田中的收割大师。",0,item-icon-309,309,钻石镰刀,"1,2,3,4,5",0,1,5,1
0,1,"通过合成可以获得这个物品.
装备上可提升属性，使你的农作物更不容易枯萎
-------
一种华丽而实用的道具，外观闪耀着宝石般的光芒。它能够迅速恢复你的生命值和魔力，让你在战斗中保持持久的活力。无论是在激烈的战斗中还是长时间的冒险旅程中，钻石水壶都是你最可靠的伙伴。",0,item-icon-310,310,钻石水壶,"1,2,3,4,5",0,1,5,1
0,1,"通过合成可以获得这个物品.
装备上可提升属性，使你的农作物更不容易枯萎
-------
一把闪耀着星光的锄头，它的锋利之处能够轻松翻耕土地，为农田注入生机。",0,item-icon-311,311,星辉锄头,"1,2,3,4,5",0,1,6,1
0,1,"通过合成可以获得这个物品.
装备上可提升属性，提高采集更高等级资源的掉落概率
-------
一把闪耀着星光的斧头，散发着强大的能量。它的锋利刃口能够轻松劈开坚硬的木材，是采集者们的首选工具。",0,item-icon-312,312,星辉斧头,"1,2,3,4,5",0,1,6,1
0,1,"通过合成可以获得这个物品.
装备上可提升属性，提高采集更高等级资源的掉落概率
-------
一把闪耀着星光的镐子，它的锋利镰刃能够轻松地挖掘出珍贵的矿石和宝石。无论是在深山探险还是在矿洞中努力挖掘，星辉镐子都是采集者们最可靠的伙伴。它的出现让采集者们能够更加高效地获取资源，为自己和队伍带来巨大的财富和荣耀。",0,item-icon-313,313,星辉镐子,"1,2,3,4,5",0,1,6,1
0,1,"通过合成可以获得这个物品.
装备上可提升属性，使你的农作物更不容易枯萎
-------
一把闪耀着星光的剪子，轻巧而锋利。它被农夫们用来修剪植物，能够精确地修整叶片和枝条，让植物焕发出更加繁茂的生机。无论是修剪花园中的花朵，还是整理农田中的庄稼，星辉剪子都是农夫们最得力的助手。",0,item-icon-314,314,星辉剪子,"1,2,3,4,5",0,1,6,1
0,1,"通过合成可以获得这个物品.
装备上可提升属性，提高采集更高等级资源的掉落概率
-------
一把闪耀着星光的镰刀，刀刃如同夜空中的流星，散发着神秘而强大的能量。它是采集者们的首选工具，能够轻松收割各种植物和草药，让他们在广袤的大地上寻找宝贵的资源。",0,item-icon-315,315,星辉镰刀,"1,2,3,4,5",0,1,6,1
0,1,"通过合成可以获得这个物品.
装备上可提升属性，使你的农作物更不容易枯萎
-------
一只精美的水壶，外观闪烁着星光般的光芒。它是农夫们最喜爱的工具之一，能够在田地中灌溉作物，让它们茁壮成长。每一滴从星辉水壶中流出的水都充满了生机与活力，能够为农作物带来丰收的希望。无论是小麦、蔬菜还是水果，只要得到星辉水壶的滋润，它们都会在阳光下绽放出绚丽的色彩，为农夫们带来无尽的喜悦和满足感。",0,item-icon-316,316,星辉水壶,"1,2,3,4,5",0,1,6,1
0,1,"通过合成可以获得这个物品.
装备上可提升属性，提高你在战斗中的生存率
-------
一把闪耀着黄金光芒的剑，刀锋锋利无比。它的贵重材质赋予了它强大的攻击力和耐久性，成为战士们追求的象征。在战斗中，黄金剑能够轻松劈开敌人的防御，将敌人斩于马下。无论是面对单个敌人还是大规模战斗，黄金剑都是战士们最可靠的伙伴。",0,item-icon-317,317,黄金剑,"1,2,3,4",0,1,4,1
0,1,"通过合成可以获得这个物品.
装备上可提升属性，提高你在战斗中的生存率
-------
一把闪耀着宝石般光芒的剑，刀锋锋利无比，能够轻松劈开敌人的防御。它是战士们的首选武器，让你在战场上成为无敌的战斗之王。",0,item-icon-318,318,钻石剑,"1,2,3,4,5",0,1,5,1
0,1,"通过合成可以获得这个物品.
装备上可提升属性，提高你在战斗中的生存率
-------
一把闪耀着星光的剑，刀锋如流星划过夜空般迅猛。它的锋利能够轻松劈开敌人的防御，释放出无尽的力量。持有者能够感受到星辰的力量注入自己的身体，成为战斗中的不可忽视的存在。",0,item-icon-319,319,星辉剑,"1,2,3,4,5",0,1,6,1
0,1,"通过合成可以获得这个物品.
装备上可提升属性，提高采集更高等级资源的掉落概率
-------
一种稀有的采集工具，由纯金制成。它的细密齿间能够轻松地收集各种珍贵资源，如草药、宝石和矿石。使用黄金采集头发，你将能够以极高的效率进行采集，获得更多珍贵的资源。",0,item-icon-320,320,黄金采集头发,"1,2,3,4",0,1,4,1
0,1,"通过合成可以获得这个物品.
装备上可提升属性，提高采集更高等级资源的掉落概率
-------
这件上衣是专为采集者设计的，由精选的黄金丝绸制成。它轻盈舒适，提供了出色的保护和灵活性，让采集者在艰险的环境中能够自如地进行采集活动。它的金色外观散发着奢华和独特的魅力，让穿戴者在冒险中成为众人瞩目的焦点。",0,item-icon-321,321,黄金采集上衣,"1,2,3,4",0,1,4,1
0,1,"通过合成可以获得这个物品.
装备上可提升属性，提高采集更高等级资源的掉落概率
-------
这双手套是专为采集者设计的，由精细的黄金丝线编织而成。它们不仅提供了卓越的保护，还赋予了采集者超凡的敏捷和灵巧。穿上黄金采集手套，你的手指将如同舞动的精灵，轻松地收集各种珍贵资源，让你成为采集领域的无敌之王。",0,item-icon-322,322,黄金采集手套,"1,2,3,4",0,1,4,1
0,1,"通过合成可以获得这个物品.
装备上可提升属性，提高采集更高等级资源的掉落概率
-------
这条裤子是专为采集者设计的，采用了高品质的黄金丝线制成。它具有出色的耐久性和舒适度，让采集者在艰苦的工作中保持轻松愉快的状态。裤子上配备了多个实用的口袋和工具搭扣，方便采集者携带和使用各种采集工具。无论是采集珍贵矿石、稀有草药还是珍稀资源，黄金采集裤子都能为采集者提供卓越的效率和舒适体验。",0,item-icon-323,323,黄金采集裤子,"1,2,3,4",0,1,4,1
0,1,"通过合成可以获得这个物品.
装备上可提升属性，提高采集更高等级资源的掉落概率
-------
这双鞋子是专为采集者设计的，采用了黄金材质制作而成。它们轻巧舒适，具有出色的抓地力和耐久性，让采集者在各种地形中自如行动。这双鞋子还配备了特殊的采集技能增益，能够提升采集者的效率和收获质量。无论是在茂密的森林、险峻的山脉还是广袤的原野，黄金采集鞋子都是采集者们的不可或缺的伙伴。",0,item-icon-324,324,黄金采集鞋子,"1,2,3,4",0,1,4,1
0,1,"通过合成可以获得这个物品.
装备上可提升属性，提高采集更高等级资源的掉落概率
-------
一把专为采集者设计的工具，其锋利的刀刃能够轻松切割坚硬的矿石和宝石。无论是挖掘珍贵的钻石矿脉还是收集稀有的宝石，这把头发都能帮助你快速而有效地完成任务。它的精确度和耐久性使其成为采集者们的首选工具之一。",0,item-icon-325,325,钻石采集头发,"1,2,3,4,5",0,1,5,1
0,1,"通过合成可以获得这个物品.
装备上可提升属性，提高采集更高等级资源的掉落概率
-------
这件上衣是专为采集者设计的，以提供最佳的采集体验。它采用高品质的材料制成，轻盈而耐用，让你在采集钻石时保持舒适和灵活。它具有强大的防护能力，能够抵御野外环境的各种挑战和危险。无论是在山脉、洞穴还是河流中，这件上衣都是你最可靠的伙伴，让你成为真正的钻石采集专家。",0,item-icon-326,326,钻石采集上衣,"1,2,3,4,5",0,1,5,1
0,1,"通过合成可以获得这个物品.
装备上可提升属性，提高采集更高等级资源的掉落概率
-------
这双手套是专为采集者设计的，以提升钻石采集效率而制作。手套表面覆盖着坚固的护甲，保护手部免受伤害。内部则嵌入了精巧的机械装置，能够吸引并吸附周围的钻石，使采集过程更加迅速和高效。穿上这双手套，你将成为钻石的捕捉者，轻松收获无数闪耀的宝石。",0,item-icon-327,327,钻石采集手套,"1,2,3,4,5",0,1,5,1
0,1,"通过合成可以获得这个物品.
装备上可提升属性，提高采集更高等级资源的掉落概率
-------
这条裤子是专为采集者设计的，以提高钻石采集效率而闻名。它采用先进的材料制成，轻便舒适，具有出色的耐久性和灵活性。裤子上配备了特殊的钻石采集工具，使采集者能够迅速而精准地获取珍贵的钻石资源。无论是在山脉、洞穴还是矿脉中，这条裤子都是采集者的不可或缺的利器。穿上它，你将成为钻石的真正收割者。",0,item-icon-328,328,钻石采集裤子,"1,2,3,4,5",0,1,5,1
0,1,"通过合成可以获得这个物品.
装备上可提升属性，提高采集更高等级资源的掉落概率
-------
这双鞋子专为采集者设计，以提供最佳的钻石采集体验。它们采用轻盈耐用的材料制成，具有出色的抓地力和舒适度，让你在艰难的地形中保持稳定。鞋子上配备了特殊的钻石探测器，能够精确地探测出附近的钻石矿脉，让你轻松地发现并采集宝贵的钻石资源。无论是在山脉、洞穴还是河流中，这双鞋子都是你成为顶级钻石采集者的必备装备。",0,item-icon-329,329,钻石采集鞋子,"1,2,3,4,5",0,1,5,1
0,1,"通过合成可以获得这个物品.
装备上可提升属性，提高采集更高等级资源的掉落概率
-------
一把精巧的镰刀，闪耀着星光般的光芒。它专为采集者设计，用于收割各种植物的头发。锋利的刀刃能够轻松割断头发，而头部的星辉装饰则赋予了它神秘而迷人的外观。无论是采集草药、采摘水果还是收集植物纤维，星辉采集头发都是你最可靠的伙伴。",0,item-icon-330,330,星辉采集头发,"1,2,3,4,5",0,1,6,1
0,1,"通过合成可以获得这个物品.
装备上可提升属性，提高采集更高等级资源的掉落概率
-------
一件轻盈而耐用的上衣，以星辉之力注入而成。它为采集者提供了额外的保护和便利，让他们在采集珍贵资源时更加自信和高效。无论是摘取花朵、采集草药还是挖掘矿石，星辉采集上衣都能为你提供舒适的工作环境，让你的冒险之旅更加愉快和成功。",0,item-icon-331,331,星辉采集上衣,"1,2,3,4,5",0,1,6,1
0,1,"通过合成可以获得这个物品.
装备上可提升属性，提高采集更高等级资源的掉落概率
-------
这双手套闪耀着星光，为采集者们提供了无与伦比的能力。穿上它们，你的手指将变得灵巧而敏锐，能够轻松地采集各种珍贵资源。无论是采摘草药、挖掘矿石还是收集稀有植物，星辉采集手套将成为你最忠实的伙伴，帮助你在广阔的世界中收获丰富的财富。",0,item-icon-332,332,星辉采集手套,"1,2,3,4,5",0,1,6,1
0,1,"通过合成可以获得这个物品.
装备上可提升属性，提高采集更高等级资源的掉落概率
-------
这条裤子是专为采集者设计的，采用了高科技纤维材料制成，轻盈舒适，具有出色的透气性和耐磨性。裤子上细致的星辉图案闪耀着微光，为采集者带来好运和灵感。它的设计考虑到了采集者的需求，提供了充足的储物空间和便捷的工具携带系统，让采集者能够自由地收集各种珍贵资源，无论是采摘植物、挖掘矿石还是捕捉小动物，都能得心应手。穿上星辉采集裤子，你将成为一名高效率的采集大师，探索世界的每个角落，收获无尽的宝藏。",0,item-icon-333,333,星辉采集裤子,"1,2,3,4,5",0,1,6,1
0,1,"通过合成可以获得这个物品.
装备上可提升属性，提高采集更高等级资源的掉落概率
-------
这双鞋子是专为采集者设计的，以星辉之力注入而成。它们轻巧舒适，具有出色的抓地力和灵敏度，让采集者能够在各种地形中迅速穿梭。鞋子上的特殊符文能够增强采集者的感知力，使其能够更容易发现珍贵的资源点。无论是在茂密的森林、险峻的山脉还是广袤的原野，星辉采集鞋子都是采集者的最佳伴侣。",0,item-icon-334,334,星辉采集鞋子,"1,2,3,4,5",0,1,6,1
0,1,"通过合成可以获得这个物品.
装备上可提升属性，提高你在战斗中的生存率
-------
这是一束闪耀如黄金般的战士头发，散发着勇气和力量的气息。它是战士们的骄傲，象征着无畏的战斗精神和无尽的决心。穿戴它的战士将在战场上展现出无与伦比的威严和力量，成为敌人心中的恐惧之源。无论是面对怪物的猛烈攻击，还是与其他玩家的激烈对决，黄金战士头发将成为你的荣耀标志，让你在战斗中脱颖而出。",0,item-icon-335,335,黄金战士头发,"1,2,3,4",0,1,4,1
0,1,"通过合成可以获得这个物品.
装备上可提升属性，提高你在战斗中的生存率
-------
这件上衣是专为勇猛无畏的战士设计的。它由精选的黄金丝线编织而成，散发着令人瞩目的光芒。它提供出色的防御力和抗性，让战士在激烈的战斗中保持坚不可摧的姿态。无论是面对强敌的猛烈攻击还是在队友中展现威严，黄金战士上衣都是战士们的最佳选择。",0,item-icon-336,336,黄金战士上衣,"1,2,3,4",0,1,4,1
0,1,"通过合成可以获得这个物品.
装备上可提升属性，提高你在战斗中的生存率
-------
这双手套由纯黄金打造而成，闪耀着夺目的光芒。它们不仅提供了卓越的防护，还赋予战士无与伦比的力量和敏捷。戴上黄金战士手套，你将成为战场上的无敌之王，毫不畏惧地迎接一切挑战。",0,item-icon-337,337,黄金战士手套,"1,2,3,4",0,1,4,1
0,1,"通过合成可以获得这个物品.
装备上可提升属性，提高你在战斗中的生存率
-------
这条裤子是专为勇敢的战士设计的，由稀有的黄金丝线编织而成。它提供出色的防御和灵活性，让战士在激烈的战斗中保持优势。无论是面对强敌的猛烈攻击还是迅速闪避敌人的攻击，黄金战士裤子都能为战士提供可靠的保护和自由的动作。穿上它，战士们将展现出无与伦比的威严和力量。",0,item-icon-338,338,黄金战士裤子,"1,2,3,4",0,1,4,1
0,1,"通过合成可以获得这个物品.
装备上可提升属性，提高你在战斗中的生存率
-------
这双鞋子是专为勇猛无畏的战士而设计的。由纯黄金打造而成，鞋面镶嵌着闪耀的宝石，散发出令人瞩目的光芒。它不仅提供了卓越的防护和舒适度，还赋予战士无与伦比的速度和敏捷性。穿上黄金战士鞋子，你将在战场上如风般迅捷，无所畏惧。",0,item-icon-339,339,黄金战士鞋子,"1,2,3,4",0,1,4,1
0,1,"通过合成可以获得这个物品.
装备上可提升属性，提高你在战斗中的生存率
-------
一束闪耀如钻石般的头发，散发着强大的战斗能量。这头发是战士们的骄傲，象征着他们的勇气和力量。每根发丝都充满了战斗的热情，能够为战士们带来额外的力量和保护。穿戴这头发的战士将在战场上成为无敌的存在，让敌人闻风丧胆。",0,item-icon-340,340,钻石战士头发,"1,2,3,4,5",0,1,5,1
0,1,"通过合成可以获得这个物品.
装备上可提升属性，提高你在战斗中的生存率
-------
这件上衣是专为勇敢的战士设计的，由坚韧的钻石纤维编织而成。它提供出色的防御力和抗性，能够抵御来自敌人的致命攻击。无论是面对巨龙的火焰喷射还是恶魔的邪恶诅咒，钻石战士上衣都能保护战士免受伤害。穿上它，你将成为战场上的不可战胜之士。",0,item-icon-341,341,钻石战士上衣,"1,2,3,4,5",0,1,5,1
0,1,"通过合成可以获得这个物品.
装备上可提升属性，提高你在战斗中的生存率
-------
这双手套由稀有的钻石材料制成，闪耀着无与伦比的光芒。它们为战士们提供了卓越的防护和强大的攻击力，使他们能够在战场上无往不胜。手套上的钻石刻有古老的符文，赋予佩戴者神秘的力量，让他们成为战斗中的不可忽视的存在。无论是抵挡敌人的攻击还是发起毁灭性的打击，钻石战士手套都是战士们的最佳选择。",0,item-icon-342,342,钻石战士手套,"1,2,3,4,5",0,1,5,1
0,1,"通过合成可以获得这个物品.
装备上可提升属性，提高你在战斗中的生存率
-------
这条裤子是专为勇敢的战士而设计的，采用高品质的钻石纤维制成。它提供出色的防御和灵活性，让战士在激烈的战斗中保持优越的机动性。无论是面对强敌的攻击还是迅猛的招式，钻石战士裤子都能为战士提供可靠的保护，让他们在战场上无所畏惧。",0,item-icon-343,343,钻石战士裤子,"1,2,3,4,5",0,1,5,1
0,1,"通过合成可以获得这个物品.
装备上可提升属性，提高你在战斗中的生存率
-------
这双鞋子是专为勇敢的战士设计的。它们由坚固的钻石材料制成，提供出色的防护和灵活性。鞋子上的特殊纹路增强了战士的移动速度，使其在战斗中更加敏捷。无论是追逐敌人还是闪避攻击，钻石战士鞋子都是不可或缺的装备。穿上它们，战士们将在战场上展现出无与伦比的力量和速度。",0,item-icon-344,344,钻石战士鞋子,"1,2,3,4,5",0,1,5,1
0,1,"通过合成可以获得这个物品.
装备上可提升属性，提高你在战斗中的生存率
-------
这款炫目的头发是专为星辉战士设计的。它闪耀着星光般的色彩，让战士在战斗中展现出无与伦比的威严和力量。头发的质地柔软舒适，能够保护战士的头部免受伤害。无论是在激烈的战斗中还是在和平的农田中，星辉战士头发都是战士们的骄傲之一。",0,item-icon-345,345,星辉战士头发,"1,2,3,4,5",0,1,6,1
0,1,"通过合成可以获得这个物品.
装备上可提升属性，提高你在战斗中的生存率
-------
这件上衣是专为勇敢的战士设计的，以星辉之力注入而成。它提供出色的防御和保护，让战士在激烈的战斗中保持坚定。无论是面对强敌的利剑，还是远程攻击的箭矢，星辉战士上衣都能为战士提供可靠的护甲，让他们在战场上闪耀光芒。",0,item-icon-346,346,星辉战士上衣,"1,2,3,4,5",0,1,6,1
0,1,"通过合成可以获得这个物品.
装备上可提升属性，提高你在战斗中的生存率
-------
这双手套散发着闪耀的星辉，为战士们提供了强大的护手保护。它们由坚韧的材料制成，能够抵御敌人的攻击，并赋予战士们更强的力量和敏捷。无论是挥舞剑刃、挥动锤子还是拉弓射箭，星辉战士手套都能帮助战士们在战斗中保持稳定的掌握力和精准的攻击。穿上这双手套，战士们将成为战场上的真正明星，无人能敌。",0,item-icon-347,347,星辉战士手套,"1,2,3,4,5",0,1,6,1
0,1,"通过合成可以获得这个物品.
装备上可提升属性，提高你在战斗中的生存率
-------
这条裤子是专为勇敢的战士设计的，以星辉之力注入其中。它提供了出色的防御和灵活性，让战士在激烈的战斗中保持优势。无论是迅捷的闪避还是强力的攻击，这条裤子都能为战士提供可靠的保护和自由的动作。穿上它，战士们将成为星辉中最耀眼的存在。",0,item-icon-348,348,星辉战士裤子,"1,2,3,4,5",0,1,6,1
0,1,"通过合成可以获得这个物品.
装备上可提升属性，提高你在战斗中的生存率
-------
这双鞋子是专为勇敢的战士设计的，以星辉之力注入而成。它们轻巧耐用，提供出色的脚步灵活性和稳定性，让战士在战斗中能够迅速穿梭并保持平衡。鞋子上镶嵌着微小的星辉宝石，散发出微光，不仅增添了战士的威严，还赋予了额外的力量和保护。无论是追逐敌人还是躲避攻击，星辉战士鞋子都是战士们最可靠的伙伴。",0,item-icon-349,349,星辉战士鞋子,"1,2,3,4,5",0,1,6,1
0,1,"通过合成可以获得这个物品.
装备上可提升属性，使你的农作物更不容易枯萎
-------
这是一束闪耀着金色光芒的头发，象征着农场主的荣耀与财富。穿戴它的农场主将获得额外的种田收益，让他们的农作物茁壮成长，丰收无限。这是农场主们引以为傲的标志，也是他们努力工作的象征。",0,item-icon-350,350,黄金农场主头发,"1,2,3,4",0,1,4,1
0,1,"通过合成可以获得这个物品.
装备上可提升属性，使你的农作物更不容易枯萎
-------
这件上衣是专为那些热爱农田的农场主设计的。它由顶级黄金丝绸制成，轻盈而耐用，让你在农田间自如穿行。它不仅提供了出色的防护，还赋予了农场主们一种威严和尊贵的气质。无论是耕种、种植还是收获，黄金农场主上衣都是你最可靠的伙伴。",0,item-icon-351,351,黄金农场主上衣,"1,2,3,4",0,1,4,1
0,1,"通过合成可以获得这个物品.
装备上可提升属性，使你的农作物更不容易枯萎
-------
这双手套是专为农场主设计的，以黄金为材料制成。它们具有出色的耐久性和舒适度，让农场主在种植和收获时感受到无与伦比的灵巧和精准。无论是播种作业还是收割季节，黄金农场主手套都是农场主们最可靠的伙伴。",0,item-icon-352,352,黄金农场主手套,"1,2,3,4",0,1,4,1
0,1,"通过合成可以获得这个物品.
装备上可提升属性，使你的农作物更不容易枯萎
-------
这条裤子是专为农场主设计的，采用优质黄金丝织成，轻盈舒适。它具有强大的耐久性和防护能力，让农场主在田地里快乐地工作。无论是耕种、种植还是收割，这条裤子都能提供最佳的灵活性和保护，让你成为农场中的真正主宰。",0,item-icon-353,353,黄金农场主裤子,"1,2,3,4",0,1,4,1
0,1,"通过合成可以获得这个物品.
装备上可提升属性，使你的农作物更不容易枯萎
-------
这双鞋子是专为农场主设计的，采用顶级黄金材质制成。它们轻巧舒适，具有出色的耐久性和防滑功能，让农场主在田地里行走时更加稳定和自信。这双鞋子不仅展现了农场主的地位和财富，还赋予他们更高的种田效率和快乐的农耕体验。",0,item-icon-354,354,黄金农场主鞋子,"1,2,3,4",0,1,4,1
0,1,"通过合成可以获得这个物品.
装备上可提升属性，使你的农作物更不容易枯萎
-------
一束闪耀的钻石头发，散发着奢华与财富的光芒。这是农场主们的专属发型，象征着他们在农田中的辛勤劳动和成功的收获。无论是在种田、采集还是繁忙的农场事务中，这束钻石头发都会让农场主们充满自信和魅力。",0,item-icon-355,355,钻石农场主头发,"1,2,3,4,5",0,1,5,1
0,1,"通过合成可以获得这个物品.
装备上可提升属性，使你的农作物更不容易枯萎
-------
这件上衣是专为那些热爱农田生活的农场主设计的。它采用高品质的钻石纤维材料制成，轻盈舒适，同时具备出色的耐久性。这款上衣不仅提供了优秀的防护性能，还具备吸湿排汗的功能，让你在农田劳作时始终保持干爽舒适。无论是耕种、种植还是收获，钻石农场主上衣都是你最可靠的伙伴。",0,item-icon-356,356,钻石农场主上衣,"1,2,3,4,5",0,1,5,1
0,1,"通过合成可以获得这个物品.
装备上可提升属性，使你的农作物更不容易枯萎
-------
这双手套是专为农场主设计的，以钻石为装饰，展现出豪华与实用的完美结合。手套采用高级材料制成，提供出色的保护和舒适感。它们增强了农场主在种田过程中的灵巧性和效率，让他们能够更快地耕种土地、收获丰富的农作物。无论是播种还是收割，这双手套都是农场主的得力助手，让他们成为真正的农业大亨。",0,item-icon-357,357,钻石农场主手套,"1,2,3,4,5",0,1,5,1
0,1,"通过合成可以获得这个物品.
装备上可提升属性，使你的农作物更不容易枯萎
-------
这条裤子是专为那些热爱农耕的农场主设计的。它采用高品质的材料制成，舒适耐用。裤子上装饰着闪耀的钻石，彰显着农场主的地位和财富。穿上它，你将感受到无与伦比的种田乐趣，让你在农场的工作中更加高效和自信。无论是耕种、播种还是收获，这条裤子都会成为你最可靠的伙伴。",0,item-icon-358,358,钻石农场主裤子,"1,2,3,4,5",0,1,5,1
0,1,"通过合成可以获得这个物品.
装备上可提升属性，使你的农作物更不容易枯萎
-------
这双鞋子是专为农场主设计的，采用优质材料制成。它们具有出色的耐久性和舒适度，让农场主在田地里长时间工作时感到轻松自在。鞋子底部特别加固，以防止尖锐物品刺穿，同时提供良好的抓地力，让农场主在湿滑的土地上行走更加稳定。这双鞋子还附带了一些隐藏的钻石装饰，展现了农场主的独特品味和成功地位。无论是耕种、收割还是照料农作物，钻石农场主鞋子都是不可或缺的工具。",0,item-icon-359,359,钻石农场主鞋子,"1,2,3,4,5",0,1,5,1
0,1,"通过合成可以获得这个物品.
装备上可提升属性，使你的农作物更不容易枯萎
-------
这是一款炫酷的发型道具，适合那些勤劳的农场主们。它散发着星光般的光芒，让你在农田间闪耀夺目。无论是种田、采集还是照顾农作物，这个头发都会给你带来好运和农场主的自豪感。让你成为农场界的明星！",0,item-icon-360,360,星辉农场主头发,"1,2,3,4,5",0,1,6,1
0,1,"通过合成可以获得这个物品.
装备上可提升属性，使你的农作物更不容易枯萎
-------
这件上衣是专为农场主设计的，以星辉为灵感，散发着欢快的氛围。它采用轻盈的材质，舒适而耐用，让农场主在繁忙的农事工作中保持舒适和灵活。无论是耕种、收割还是喂养动物，这件上衣都能为农场主提供足够的保护和便利。让你在农场的每一天都充满活力和快乐！",0,item-icon-361,361,星辉农场主上衣,"1,2,3,4,5",0,1,6,1
0,1,"通过合成可以获得这个物品.
装备上可提升属性，使你的农作物更不容易枯萎
-------
这双手套是专为农场主设计的，以星辉之力注入而成。它们提供了出色的保护和灵巧性，让农场主能够在田地里轻松地种植作物。手套上的细腻纹路能够增强农场主的触感，使他们能够更加精准地操作锄头和刷子，从而打造出美丽的农田景观。无论是耕种、播种还是收获，星辉农场主手套都是农场主最可靠的伙伴。",0,item-icon-362,362,星辉农场主手套,"1,2,3,4,5",0,1,6,1
0,1,"通过合成可以获得这个物品.
装备上可提升属性，使你的农作物更不容易枯萎
-------
这条裤子是专为农场主设计的，采用柔软舒适的材质制成。它具有出色的耐久性和透气性，让农场主在繁忙的农田工作中保持舒适和灵活。裤子上细致的星辉图案象征着农场主的辛勤劳动和希望，为他们带来好运和丰收。无论是耕种、播种还是收割，这条裤子都是农场主最可靠的伙伴。",0,item-icon-363,363,星辉农场主裤子,"1,2,3,4,5",0,1,6,1
0,1,"通过合成可以获得这个物品.
装备上可提升属性，使你的农作物更不容易枯萎
-------
这双鞋子是专为农场主设计的，采用轻盈耐用的材料制成。它们具有出色的防滑性能，让农场主在田地里行走时稳定如山。鞋子上细致的星辉图案，象征着农场主的智慧和勤劳。无论是耕种、种植还是收获，这双鞋子都能为农场主提供舒适和保护，让他们在农田中留下自己的足迹。",0,item-icon-364,364,星辉农场主鞋子,"1,2,3,4,5",0,1,6,1
1,1,"通过击败同等级怪物可以获得这个道具.
可以用于合成装备或道具
-------
硬骨头！应该来自某种生物",0,item-icon-365,365,坚硬骨头,1,0,4,4,1
1,1,"通过击败同等级怪物可以获得这个道具.
可以用于合成装备或道具
-------
植物？动物？还是介于两者之间？",0,item-icon-366,366,蛋头,1,0,4,4,1
1,1,"通过击败同等级怪物可以获得这个道具.
可以用于合成装备或道具
-------
不像是从树上直接砍下来的，倒像是雪人的鼻子",0,item-icon-367,367,精致木材,1,0,4,4,1
1,1,"通过击败同等级怪物可以获得这个道具.
可以用于合成装备或道具
-------
硬骨架！还会发光！",0,item-icon-368,368,光亮骨架,1,0,4,5,1
1,1,"通过击败同等级怪物可以获得这个道具.
可以用于合成装备或道具
-------
看起来有点瘆人...",0,item-icon-369,369,巨大眼球,1,0,4,5,1
1,1,"通过击败同等级怪物可以获得这个道具.
可以用于合成装备或道具
-------
一对精致的双翼，让人爱不释手",0,item-icon-370,370,精灵双翼,1,0,4,5,1
1,1,"通过击败同等级怪物可以获得这个道具.
可以用于合成装备或道具
-------
怎么跟个球一样，圆滚滚的",0,item-icon-371,371,冰晶龟甲,1,0,4,6,1
1,1,"通过击败同等级怪物可以获得这个道具.
可以用于合成装备或道具
-------
晚上不用点蜡烛了",0,item-icon-372,372,鬼火,1,0,4,6,1
1,1,"通过击败同等级怪物可以获得这个道具.
可以用于合成装备或道具
-------
小小一只，没法直接使用，但应该可以作为合成材料",0,item-icon-373,373,小法杖,1,0,4,6,1
1,1,"通过采集同等级的采集物可以获得这个道具.
可以用于合成装备或道具
-------
金色的蒲公英，真是少见",0,item-icon-374,374,金色蒲公英,1,0,4,4,1
1,1,"通过采集同等级的采集物可以获得这个道具.
可以用于合成装备或道具
-------
一朵仙人掌花",0,item-icon-375,375,仙人掌花,1,0,4,4,1
1,1,"通过采集同等级的采集物可以获得这个道具.
可以用于合成装备或道具
-------
这块石头的演技一定很好",0,item-icon-376,376,卡斯奥小金人,1,0,4,4,1
1,1,"通过采集同等级的采集物可以获得这个道具.
可以用于合成装备或道具
-------
看起来很锋利，小心被割到手",0,item-icon-377,377,钻石纤维,1,0,4,5,1
1,1,"通过采集同等级的采集物可以获得这个道具.
可以用于合成装备或道具
-------
轻轻敲击还能发出悦耳的声音",0,item-icon-378,378,钻石音符,1,0,4,5,1
1,1,"通过采集同等级的采集物可以获得这个道具.
可以用于合成装备或道具
-------
很可爱的一块石头",0,item-icon-379,379,熊状钻石矿,1,0,4,5,1
1,1,"通过采集同等级的采集物可以获得这个道具.
可以用于合成装备或道具
-------
快看呐，这朵小花多像一个小精灵",0,item-icon-380,380,仙人花,1,0,4,6,1
1,1,"通过采集同等级的采集物可以获得这个道具.
可以用于合成装备或道具
-------
小时候的愿望是把星星装进罐子里，所以我这是实现愿望了？",0,item-icon-381,381,罐装星星,1,0,4,6,1
1,1,"通过采集同等级的采集物可以获得这个道具.
可以用于合成装备或道具
-------
多么漂亮的石头，就像来自外太空的彗星",0,item-icon-382,382,陨落晶石,1,0,4,6,1
1,1,"通过种植可以获得这种原材料.
可以用于合成装备或道具
-------
世界上最常见的主食之一",0,item-icon-383,383,小麦,1,0,4,4,1
1,1,"通过种植可以获得这种原材料.
可以用于合成装备或道具
-------
我记得有个游戏这玩意会吐子弹",0,item-icon-384,384,豌豆,1,0,4,4,1
1,1,"通过种植可以获得这种原材料.
可以用于合成装备或道具
-------
隔着屏幕都闻到味道了",0,item-icon-385,385,大蒜,1,0,4,4,1
1,1,"通过种植可以获得这种原材料.
可以用于合成装备或道具
-------
有些人会把中间的花芯炒熟做成零食吃，味道不错",0,item-icon-386,386,向日葵,1,0,4,5,1
1,1,"通过种植可以获得这种原材料.
可以用于合成装备或道具
-------
这玩意更应该出现在酒庄里",0,item-icon-387,387,葡萄,1,0,4,5,1
1,1,"通过种植可以获得这种原材料.
可以用于合成装备或道具
-------
世界上最常见的主食之二",0,item-icon-388,388,土豆,1,0,4,5,1
1,1,"通过种植可以获得这种原材料.
可以用于合成装备或道具
-------
被吓到了",0,item-icon-389,389,食人花,1,0,4,6,1
1,1,"通过种植可以获得这种原材料.
可以用于合成装备或道具
-------
像一个喇叭",0,item-icon-390,390,牵牛花,1,0,4,6,1
1,1,"通过种植可以获得这种原材料.
可以用于合成装备或道具
-------
一根木薯",0,item-icon-391,391,木薯,1,0,4,6,1
1,1,"通过养殖可以获得这种原材料.
可以用于合成装备或道具
-------
在某个游戏里，这个东西可以促进植物生长，但在这里好像不行",0,item-icon-392,392,骨粉,1,0,4,4,1
1,1,"通过养殖可以获得这种原材料.
可以用于合成装备或道具
-------
十分具有韧性，可以搓揉成绳子或细线",0,item-icon-393,393,坚韧藤蔓,1,0,4,4,1
1,1,"通过养殖可以获得这种原材料.
可以用于合成装备或道具
-------
一片巨大的叶子",0,item-icon-394,394,橙叶,1,0,4,4,1
1,1,"通过养殖可以获得这种原材料.
可以用于合成装备或道具
-------
别被他的形状吓到，这个东西不输给世界上任何一种香料",0,item-icon-395,395,暗暗香料,1,0,4,5,1
1,1,"通过养殖可以获得这种原材料.
可以用于合成装备或道具
-------
它隐隐发着光",0,item-icon-396,396,发光骨粉,1,0,4,5,1
1,1,"通过养殖可以获得这种原材料.
可以用于合成装备或道具
-------
嘿，喜欢打雪仗吗",0,item-icon-397,397,精灵雪球,1,0,4,5,1
1,1,"通过养殖可以获得这种原材料.
可以用于合成装备或道具
-------
从龟甲上脱落的鳞片，真漂亮",0,item-icon-398,398,龟甲鳞片,1,0,4,6,1
1,1,"通过养殖可以获得这种原材料.
可以用于合成装备或道具
-------
一枚精致的箭头",0,item-icon-399,399,精致箭头,1,0,4,6,1
1,1,"通过养殖可以获得这种原材料.
可以用于合成装备或道具
-------
暖呼呼的，做成衣服肯定很不错！",0,item-icon-400,400,雪兔绒毛,1,0,4,6,1
1,1,"通过合成可以获得这个物品.
可以用于合成装备或道具
-------
战斗的精华，适用于合成多种装备",0,item-icon-401,401,4级战斗精华 ,1,0,4,4,1
1,1,"通过合成可以获得这个物品.
可以用于合成装备或道具
-------
战斗的精华，适用于合成多种装备",0,item-icon-402,402,5级战斗精华 ,1,0,4,5,1
1,1,"通过合成可以获得这个物品.
可以用于合成装备或道具
-------
战斗的精华，适用于合成多种装备",0,item-icon-403,403,6级战斗精华 ,1,0,4,6,1
1,1,"通过合成可以获得这个物品.
可以用于合成装备或道具
-------
采集的精华，适用于合成多种装备",0,item-icon-404,404,4级采集精华 ,1,0,4,4,1
1,1,"通过合成可以获得这个物品.
可以用于合成装备或道具
-------
采集的精华，适用于合成多种装备",0,item-icon-405,405,5级采集精华 ,1,0,4,5,1
1,1,"通过合成可以获得这个物品.
可以用于合成装备或道具
-------
采集的精华，适用于合成多种装备",0,item-icon-406,406,6级采集精华 ,1,0,4,6,1
1,1,"通过合成可以获得这个物品.
可以用于合成装备或道具
-------
种植的精华，适用于合成多种装备",0,item-icon-407,407,4级种植精华 ,1,0,4,4,1
1,1,"通过合成可以获得这个物品.
可以用于合成装备或道具
-------
种植的精华，适用于合成多种装备",0,item-icon-408,408,5级种植精华 ,1,0,4,5,1
1,1,"通过合成可以获得这个物品.
可以用于合成装备或道具
-------
种植的精华，适用于合成多种装备",0,item-icon-409,409,6级种植精华 ,1,0,4,6,1
1,1,"通过合成可以获得这个物品.
可以用于合成装备或道具
-------
养殖的精华，适用于合成多种装备",0,item-icon-410,410,4级畜牧精华 ,1,0,4,4,1
1,1,"通过合成可以获得这个物品.
可以用于合成装备或道具
-------
养殖的精华，适用于合成多种装备",0,item-icon-411,411,5级畜牧精华 ,1,0,4,5,1
1,1,"通过合成可以获得这个物品.
可以用于合成装备或道具
-------
养殖的精华，适用于合成多种装备",0,item-icon-412,412,6级畜牧精华 ,1,0,4,6,1
1,1,"通过采集同等级的采集物可以获得这个道具, 通过击败同等级怪物可以获得这个道具.
使用它可以触发特殊效果
-------
种出小麦的种子",97,item-icon-413,413,小麦种子,1,0,3,4,1
1,1,"通过采集同等级的采集物可以获得这个道具, 通过击败同等级怪物可以获得这个道具.
使用它可以触发特殊效果
-------
种出豌豆的种子",97,item-icon-414,414,豌豆种子,1,0,3,4,1
1,1,"通过采集同等级的采集物可以获得这个道具, 通过击败同等级怪物可以获得这个道具.
使用它可以触发特殊效果
-------
种出大蒜的种子",97,item-icon-415,415,大蒜种子,1,0,3,4,1
1,1,"通过采集同等级的采集物可以获得这个道具, 通过击败同等级怪物可以获得这个道具.
使用它可以触发特殊效果
-------
种出向日葵的种子",97,item-icon-416,416,向日葵种子,1,0,3,5,1
1,1,"通过采集同等级的采集物可以获得这个道具, 通过击败同等级怪物可以获得这个道具.
使用它可以触发特殊效果
-------
种出葡萄的种子",97,item-icon-417,417,葡萄种子,1,0,3,5,1
1,1,"通过采集同等级的采集物可以获得这个道具, 通过击败同等级怪物可以获得这个道具.
使用它可以触发特殊效果
-------
种出土豆的种子",97,item-icon-418,418,土豆种子,1,0,3,5,1
1,1,"通过采集同等级的采集物可以获得这个道具, 通过击败同等级怪物可以获得这个道具.
使用它可以触发特殊效果
-------
种出食人花的种子",97,item-icon-419,419,食人花种子,1,0,3,6,1
1,1,"通过采集同等级的采集物可以获得这个道具, 通过击败同等级怪物可以获得这个道具.
使用它可以触发特殊效果
-------
种出牵牛花的种子",97,item-icon-420,420,牵牛花种子,1,0,3,6,1
1,1,"通过采集同等级的采集物可以获得这个道具, 通过击败同等级怪物可以获得这个道具.
使用它可以触发特殊效果
-------
种出木薯的种子",97,item-icon-421,421,木薯种子,1,0,3,6,1
1,1,"通过合成可以获得这个物品.
使用它可以触发特殊效果
-------
当前血量 增加 320",0,item-icon-422,422,黄金治疗药水,1,0,3,4,1
1,1,"通过合成可以获得这个物品.
使用它可以触发特殊效果
-------
战斗攻击力 增加 50",0,item-icon-423,423,黄金攻击药水,1,0,3,4,1
1,1,"通过合成可以获得这个物品.
使用它可以触发特殊效果
-------
移动速度 增加 200",0,item-icon-424,424,黄金移速药水,1,0,3,4,1
1,1,"通过合成可以获得这个物品.
使用它可以触发特殊效果
-------
对怪物暴击伤害 增加 120",0,item-icon-425,425,黄金暴击药水,1,0,3,4,1
1,1,"通过合成可以获得这个物品.
使用它可以触发特殊效果
-------
最大血量 增加 200",0,item-icon-426,426,黄金生命药水,1,0,3,4,1
1,1,"通过合成可以获得这个物品.
使用它可以触发特殊效果
-------
战斗防御值 增加 20",0,item-icon-427,427,黄金防御药水,1,0,3,4,1
1,1,"通过合成可以获得这个物品.
使用它可以触发特殊效果
-------
当前血量 增加 400",0,item-icon-429,429,钻石治疗药水,1,0,3,5,1
1,1,"通过合成可以获得这个物品.
使用它可以触发特殊效果
-------
战斗攻击力 增加 60",0,item-icon-430,430,钻石攻击药水,1,0,3,5,1
1,1,"通过合成可以获得这个物品.
使用它可以触发特殊效果
-------
移动速度 增加 240",0,item-icon-431,431,钻石移速药水,1,0,3,5,1
1,1,"通过合成可以获得这个物品.
使用它可以触发特殊效果
-------
对怪物暴击伤害 增加 150",0,item-icon-432,432,钻石暴击药水,1,0,3,5,1
1,1,"通过合成可以获得这个物品.
使用它可以触发特殊效果
-------
最大血量 增加 240",0,item-icon-433,433,钻石生命药水,1,0,3,5,1
1,1,"通过合成可以获得这个物品.
使用它可以触发特殊效果
-------
战斗防御值 增加 25",0,item-icon-434,434,钻石防御药水,1,0,3,5,1
1,1,"通过合成可以获得这个物品.
使用它可以触发特殊效果
-------
当前血量 增加 480",0,item-icon-435,435,星辉治疗药水,1,0,3,6,1
1,1,"通过合成可以获得这个物品.
使用它可以触发特殊效果
-------
战斗攻击力 增加 70",0,item-icon-436,436,星辉攻击药水,1,0,3,6,1
1,1,"通过合成可以获得这个物品.
使用它可以触发特殊效果
-------
移动速度 增加 280",0,item-icon-437,437,星辉移速药水,1,0,3,6,1
1,1,"通过合成可以获得这个物品.
使用它可以触发特殊效果
-------
对怪物暴击伤害 增加 180",0,item-icon-438,438,星辉暴击药水,1,0,3,6,1
1,1,"通过合成可以获得这个物品.
使用它可以触发特殊效果
-------
最大血量 增加 280",0,item-icon-439,439,星辉生命药水,1,0,3,6,1
1,1,"通过合成可以获得这个物品.
使用它可以触发特殊效果
-------
战斗防御值 增加 30",0,item-icon-440,440,星辉防御药水,1,0,3,6,1
0,1,"通过合成可以获得这个物品.
装备上可提升属性，提高你在战斗中的生存率
-------
锤子可以破除某些怪物的装甲，带上锤子锤他丫的",0,item-icon-441,441,Lv 1 锤子,1,0,1,1,1
0,1,"通过合成可以获得这个物品.
装备上可提升属性，提高你在战斗中的生存率
-------
锤子可以破除某些怪物的装甲，带上锤子锤他丫的",0,item-icon-442,442,Lv 2 铁锤子,"1,2",0,1,2,1
0,1,"通过合成可以获得这个物品.
装备上可提升属性，提高你在战斗中的生存率
-------
锤子可以破除某些怪物的装甲，带上锤子锤他丫的",0,item-icon-443,443,Lv 3 祝福锤子,"1,2,3",0,1,3,1
0,1,"通过合成可以获得这个物品.
装备上可提升属性，提高你在战斗中的生存率
-------
锤子可以破除某些怪物的装甲，带上锤子锤他丫的",0,item-icon-444,444,Lv 4 黄金锤子,"1,2,3,4",0,1,4,1
0,1,"通过合成可以获得这个物品.
装备上可提升属性，提高你在战斗中的生存率
-------
锤子可以破除某些怪物的装甲，带上锤子锤他丫的",0,item-icon-445,445,Lv 5 钻石锤子,"1,2,3,4,5",0,1,5,1
0,1,"通过合成可以获得这个物品.
装备上可提升属性，提高你在战斗中的生存率
-------
锤子可以破除某些怪物的装甲，带上锤子锤他丫的",0,item-icon-446,446,Lv 6 星辉锤子,"1,2,3,4,5",0,1,6,1
0,1,"通过合成可以获得这个物品.
装备上可提升属性，提高你在战斗中的生存率
-------
如果你很担心被怪物追着打，那么这把弓很适合你，你可以在安全的距离击杀怪物",0,item-icon-450,450,Lv 4 黄金弓,"1,2,3,4",0,1,4,1
0,1,"通过合成可以获得这个物品.
装备上可提升属性，提高你在战斗中的生存率
-------
如果你很担心被怪物追着打，那么这把弓很适合你，你可以在安全的距离击杀怪物",0,item-icon-451,451,Lv 5 钻石弓,"1,2,3,4,5",0,1,5,1
0,1,"通过合成可以获得这个物品.
装备上可提升属性，提高你在战斗中的生存率
-------
如果你很担心被怪物追着打，那么这把弓很适合你，你可以在安全的距离击杀怪物",0,item-icon-452,452,Lv 6 星辉弓,"1,2,3,4,5",0,1,6,1
0,1,"通过合成可以获得这个物品.
装备上可提升属性，使你的农作物更不容易枯萎
-------
用于安抚你的宠物，使其能够安心生产",0,item-icon-453,453,Lv 1 刷子,1,0,1,1,1
0,1,"通过合成可以获得这个物品.
装备上可提升属性，使你的农作物更不容易枯萎
-------
用于安抚你的宠物，使其能够安心生产",0,item-icon-454,454,Lv 2 铜刷子,"1,2",0,1,2,1
0,1,"通过合成可以获得这个物品.
装备上可提升属性，使你的农作物更不容易枯萎
-------
用于安抚你的宠物，使其能够安心生产",0,item-icon-455,455,Lv 3 祝福刷子,"1,2,3",0,1,3,1
0,1,"通过合成可以获得这个物品.
装备上可提升属性，使你的农作物更不容易枯萎
-------
用于安抚你的宠物，使其能够安心生产",0,item-icon-456,456,Lv 4 黄金刷子,"1,2,3,4",0,1,4,1
0,1,"通过合成可以获得这个物品.
装备上可提升属性，使你的农作物更不容易枯萎
-------
用于安抚你的宠物，使其能够安心生产",0,item-icon-457,457,Lv 5 钻石刷子,"1,2,3,4,5",0,1,5,1
0,1,"通过合成可以获得这个物品.
装备上可提升属性，使你的农作物更不容易枯萎
-------
用于安抚你的宠物，使其能够安心生产",0,item-icon-458,458,Lv 6 星辉刷子,"1,2,3,4,5",0,1,6,1
1,1,"通过合成可以获得这个物品.
使用它可以触发特殊效果
-------
恢复精力 + 30",0,item-icon-459,459,Lv 4 精力恢复药水,1,0,3,4,1
1,1,"通过合成可以获得这个物品.
使用它可以触发特殊效果
-------
恢复精力 + 37",0,item-icon-460,460,Lv 5 精力恢复药水,1,0,3,5,1
1,1,"通过合成可以获得这个物品.
使用它可以触发特殊效果
-------
恢复精力 + 45",0,item-icon-461,461,Lv 6 精力恢复药水,1,0,3,6,1
1,1,"通过击败同等级怪物可以获得这个道具.
可以用于合成装备或道具
-------
副本Boss掉落",0,item-icon-462,462,青铜碎片,1,0,4,2,1
1,1,"通过击败同等级怪物可以获得这个道具.
可以用于合成装备或道具
-------
副本Boss掉落",0,item-icon-463,463,领主爪牙,1,0,4,3,1
1,1,"通过合成可以获得这个物品.
可以用于合成装备或道具
-------
第一期 浮空之地抽奖券",0,item-icon-464,464,#01 浮空之地抽奖券,1,0,4,0,1
1,1,"通过合成可以获得这个物品.
可以用于合成装备或道具
-------
第一期 花岚峰抽奖券",0,item-icon-465,465,#01 花岚峰抽奖券,1,0,4,0,1
1,1,"通过合成可以获得这个物品.
可以用于合成装备或道具
-------
第一期 开放世界抽奖券",0,item-icon-466,466,#01 开放世界抽奖券,1,0,4,0,1
1,1,"通过合成可以获得这个物品.
可以用于合成装备或道具
-------
进入浮空之地所需门票",0,item-icon-467,467,浮空之地门票,1,0,4,0,1
1,1,"通过合成可以获得这个物品.
可以用于合成装备或道具
-------
进入花岚峰所需门票",0,item-icon-468,468,花岚峰门票,1,0,4,0,1
1,1,破碎的副本门票碎片，可用于兑换完整的副本门票,0,item-icon-469,469,副本门票碎片,1,0,4,0,1
1,1,破碎的花岚峰门票碎片，可用于兑换完整的花岚峰门票,0,item-icon-470,470,花岚峰门票碎片,1,0,4,0,1
0,1,"合成装备时有几率获得.
没有属性，可改变你的外观
-------
建议作为时装穿戴",0,item-icon-471,471,帮派骨干_头发,5,0,1,4,1
0,1,"合成装备时有几率获得.
没有属性，可改变你的外观
-------
建议作为时装穿戴",0,item-icon-472,472,帮派骨干_上衣,5,0,1,4,1
0,1,"合成装备时有几率获得.
没有属性，可改变你的外观
-------
建议作为时装穿戴",0,item-icon-473,473,帮派骨干_手套,5,0,1,4,1
0,1,"合成装备时有几率获得.
没有属性，可改变你的外观
-------
建议作为时装穿戴",0,item-icon-474,474,帮派骨干_裤子,5,0,1,4,1
0,1,"合成装备时有几率获得.
没有属性，可改变你的外观
-------
建议作为时装穿戴",0,item-icon-475,475,帮派骨干_鞋子,5,0,1,4,1
0,1,LUAG期货(一百)可以与LUAG代币以1:100的比例兑换,0,item-icon-478,478,LUAG期货(一百),1,0,4,0,1
1,1,"产自浮空之地, 产自花岚峰.
可以用于合成装备或道具
-------
用于合成精力药水",0,item-icon-479,479,空药瓶,1,0,4,0,1
1,1,"产自浮空之地, 产自花岚峰.
可以用于合成装备或道具
-------
用于兑换LUAG期货(一百)",0,item-icon-480,480,LUAG期货碎片,1,0,4,0,1
1,1,用于兑换LUAG期货(一百),0,item-icon-481,481,LUAG之星,1,0,4,0,1
1,1,"通过合成可以获得这个物品.
可以用于合成装备或道具
-------
由多种材料提炼而成，蕴含着强烈的能量波动，可二次加工成多种道具",0,item-icon-482,482,Lv 1 能量溶液 ,1,0,4,1,1
1,1,"通过合成可以获得这个物品.
可以用于合成装备或道具
-------
由多种材料提炼而成，蕴含着强烈的能量波动，可二次加工成多种道具",0,item-icon-483,483,Lv 2 能量溶液 ,1,0,4,2,1
1,1,"通过合成可以获得这个物品.
可以用于合成装备或道具
-------
由多种材料提炼而成，蕴含着强烈的能量波动，可二次加工成多种道具",0,item-icon-484,484,Lv 3 能量溶液 ,1,0,4,3,1
1,1,"通过合成可以获得这个物品.
可以用于合成装备或道具
-------
由多种材料提炼而成，蕴含着强烈的能量波动，可二次加工成多种道具",0,item-icon-485,485,Lv 4 能量溶液 ,1,0,4,4,1
1,1,"通过合成可以获得这个物品.
可以用于合成装备或道具
-------
由多种材料提炼而成，蕴含着强烈的能量波动，可二次加工成多种道具",0,item-icon-486,486,Lv 5 能量溶液 ,1,0,4,5,1
1,1,"通过合成可以获得这个物品.
可以用于合成装备或道具
-------
由多种材料提炼而成，蕴含着强烈的能量波动，可二次加工成多种道具",0,item-icon-487,487,Lv 6 能量溶液 ,1,0,4,6,1
1,1,"通过合成可以获得这个物品.
可以用于合成装备或道具
-------
由多种材料提炼而成，蕴含着强烈的能量波动，可二次加工成多种道具",0,item-icon-488,488,Lv 7 能量溶液 ,1,0,4,7,1
1,1,"通过合成可以获得这个物品.
可以用于合成装备或道具
-------
由多种材料提炼而成，蕴含着强烈的能量波动，可二次加工成多种道具",0,item-icon-489,489,Lv 8 能量溶液 ,1,0,4,8,1
1,1,"通过合成可以获得这个物品.
可以用于合成装备或道具
-------
由多种材料提炼而成，蕴含着强烈的能量波动，可二次加工成多种道具",0,item-icon-490,490,Lv 9 能量溶液 ,1,0,4,9,1
1,1,"产自远古灵域.
可以用于合成装备或道具
-------
炙热的岩浆凝结而成的坚硬鳞片，可用于强化装备或炼制强力药剂。",0,item-icon-491,491,火岩鳞片,1,0,4,7,1
1,1,"产自远古灵域.
可以用于合成装备或道具
-------
释放绚丽光芒，照亮黑暗，为你带来无尽的奇迹。",0,item-icon-492,492,炫光瓶,1,0,4,7,1
1,1,"产自远古灵域.
可以用于合成装备或道具
-------
一块巨大的岩石，散发着神秘的能量。",0,item-icon-493,493,巨大岩眼,1,0,4,7,1
1,1,"产自远古灵域.
可以用于合成装备或道具
-------
蕴含着炽热能量的宝石，可用于强化武器和防具。",0,item-icon-494,494,岩浆之芯,1,0,4,7,1
1,1,"产自远古灵域.
可以用于合成装备或道具
-------
燃烧着熊熊烈火的木材，可用于制作强力武器和防具。",0,item-icon-495,495,焰木,1,0,4,7,1
1,1,"产自远古灵域.
可以用于合成装备或道具
-------
炽热的液态岩石，可用于强化武器和装备。",0,item-icon-496,496,岩浆,1,0,4,7,1
1,1,"通过种植可以获得这种原材料.
可以用于合成装备或道具
-------
一朵绽放着炽热火焰的鲜花，散发着令人振奋的能量。",0,item-icon-497,497,火红菊,1,0,4,7,1
1,1,"通过种植可以获得这种原材料.
可以用于合成装备或道具
-------
燃烧一切的烈焰，蕴含着无尽的破坏力。",0,item-icon-498,498,火焰之心,1,0,4,7,1
1,1,"通过种植可以获得这种原材料.
可以用于合成装备或道具
-------
散发着烈火般的热量，能为你提供源源不断的能量。",0,item-icon-499,499,炙热南瓜,1,0,4,7,1
1,1,"通过养殖可以获得这种原材料.
可以用于合成装备或道具
-------
坚固的障碍物，需要采集者的镐子来破坏。",0,item-icon-500,500,巨大岩石,1,0,4,7,1
1,1,"通过养殖可以获得这种原材料.
可以用于合成装备或道具
-------
散发着绚丽光芒的神秘灰烬，能为战士带来无尽力量。",0,item-icon-501,501,炫光灰烬,1,0,4,7,1
1,1,"通过养殖可以获得这种原材料.
可以用于合成装备或道具
-------
能够点燃火焰的小石头。",0,item-icon-502,502,火石,1,0,4,7,1
1,1,"产自远古灵域.
可以用于合成装备或道具
-------
一块坚硬的岩石，适合采集者用来开采珍贵矿石。",0,item-icon-503,503,黄纹岩掌,1,0,4,8,1
1,1,"产自远古灵域.
可以用于合成装备或道具
-------
一块神秘的宝石，散发着强大的能量，可用于强化装备。",0,item-icon-504,504,星龙石,1,0,4,8,1
1,1,"产自远古灵域.
可以用于合成装备或道具
-------
一双闪烁着锐利光芒的眼睛，能够洞察敌人的弱点。",0,item-icon-505,505,鹰之眸,1,0,4,8,1
1,1,"产自远古灵域.
可以用于合成装备或道具
-------
一种稀有材料，具有强大的魔法能量，可用于制作高级装备。",0,item-icon-506,506,虚空纤维,1,0,4,8,1
1,1,"产自远古灵域.
可以用于合成装备或道具
-------
稀有的虚空木材，适用于制作强力的武器和防具。",0,item-icon-507,507,虚空木材,1,0,4,8,1
1,1,"产自远古灵域.
可以用于合成装备或道具
-------
一种神秘的石料，蕴含着无尽的能量，可用于强化装备或制作强力魔法道具。",0,item-icon-508,508,虚空石料,1,0,4,8,1
1,1,"通过种植可以获得这种原材料.
可以用于合成装备或道具
-------
一片飘逸的叶子，散发着神秘的虚空能量。",0,item-icon-509,509,虚空之叶,1,0,4,8,1
1,1,"通过种植可以获得这种原材料.
可以用于合成装备或道具
-------
散发着神秘的虚空能量。",0,item-icon-510,510,虚空之实,1,0,4,8,1
1,1,"通过种植可以获得这种原材料.
可以用于合成装备或道具
-------
一朵神秘的花朵，散发着虚空的能量，拥有神奇的力量。",0,item-icon-511,511,虚空之花,1,0,4,8,1
1,1,"通过养殖可以获得这种原材料.
可以用于合成装备或道具
-------
孕育智慧的鹰蛋，蕴含着无尽的洞察力。",0,item-icon-512,512,智眸鹰蛋,1,0,4,8,1
1,1,"通过养殖可以获得这种原材料.
可以用于合成装备或道具
-------
一瓶神秘的液体，据说是龙的眼泪，能够赋予持有者强大的魔力。",0,item-icon-513,513,龙之泪,1,0,4,8,1
1,1,"通过养殖可以获得这种原材料.
可以用于合成装备或道具
-------
一种黏稠的粘液，具有强力的粘附性，可用于制作粘陷陷阱或粘合材料。",0,item-icon-514,514,黄纹吐物,1,0,4,8,1
1,1,"产自远古灵域.
可以用于合成装备或道具
-------
蕴含着神秘能量的宝石，赋予持有者强大的魔法力量。",0,item-icon-515,515,精灵核心,1,0,4,9,1
1,1,"产自远古灵域.
可以用于合成装备或道具
-------
一颗神秘的能量核心，蕴含着古老雕像的力量。",0,item-icon-516,516,雕像核心,1,0,4,9,1
1,1,"产自远古灵域.
可以用于合成装备或道具
-------
一种强化防御的装置，能够反弹敌人的攻击。",0,item-icon-517,517,刺盾核心,1,0,4,9,1
1,1,"产自远古灵域.
可以用于合成装备或道具
-------
一种坚韧而灵活的材料，适用于制作轻型装备。",0,item-icon-518,518,青铜纤维,1,0,4,9,1
1,1,"产自远古灵域.
可以用于合成装备或道具
-------
一种稀有的木材，坚硬耐用，适合制作弓箭和战斗武器。",0,item-icon-519,519,青铜木,1,0,4,9,1
1,1,"产自远古灵域.
可以用于合成装备或道具
-------
坚硬耐用的矿石，用于制作强力武器和防具。",0,item-icon-520,520,青铜石料,1,0,4,9,1
1,1,"通过种植可以获得这种原材料.
可以用于合成装备或道具
-------
一种神奇的果实，能够提炼出珍贵的矿石和金属。",0,item-icon-521,521,冶炼果实,1,0,4,9,1
1,1,"通过种植可以获得这种原材料.
可以用于合成装备或道具
-------
一种能够提供独特效果的神奇植物，食用后能够带来奇妙的视觉体验。",0,item-icon-522,522,迷幻菜,1,0,4,9,1
1,1,"通过种植可以获得这种原材料.
可以用于合成装备或道具
-------
一朵绽放着力量的花朵，散发着无尽的能量和勇气。",0,item-icon-523,523,力量之花,1,0,4,9,1
1,1,"通过养殖可以获得这种原材料.
可以用于合成装备或道具
-------
增强盾牌防御力的神奇粉末。",0,item-icon-524,524,刺盾粉末,1,0,4,9,1
1,1,"通过养殖可以获得这种原材料.
可以用于合成装备或道具
-------
用于建造华丽的雕像和壮观的建筑物。",0,item-icon-525,525,雕像砖块,1,0,4,9,1
1,1,"通过养殖可以获得这种原材料.
可以用于合成装备或道具
-------
散发着绚丽光芒，能够照亮黑暗之地。",0,item-icon-526,526,荧光粉,1,0,4,9,1
0,1,"通过合成可以获得这个物品.
装备上可提升属性，提高你在战斗中的生存率
-------
炽热的岩浆涂满剑身，能够在战斗中释放熔岩之力。",0,item-icon-527,527,Lv7 岩浆剑,"1,2,3,4,5",0,1,7,1
0,1,"通过合成可以获得这个物品.
装备上可提升属性，提高你在战斗中的生存率
-------
炽热的岩浆能量注入的巨型锤，能够造成毁灭性的打击。",0,item-icon-528,528,Lv7 岩浆锤子,"1,2,3,4,5",0,1,7,1
0,1,"通过合成可以获得这个物品.
装备上可提升属性，提高你在战斗中的生存率
-------
一把强力的远程武器，射出炽热的岩浆箭矢，瞬间燃烧敌人。",0,item-icon-529,529,Lv7 岩浆弓,"1,2,3,4,5",0,1,7,1
0,1,"通过合成可以获得这个物品.
装备上可提升属性，提高你在战斗中的生存率
-------
炙热岩浆流动的战士帽，提供强大的防护和火焰抗性。",0,item-icon-530,530,Lv7 岩浆战士帽子,"1,2,3,4,5",0,1,7,1
0,1,"通过合成可以获得这个物品.
装备上可提升属性，提高你在战斗中的生存率
-------
坚固的护甲，能够抵御岩浆的炙热攻击。",0,item-icon-531,531,Lv7 岩浆战士护甲,"1,2,3,4,5",0,1,7,1
0,1,"通过合成可以获得这个物品.
装备上可提升属性，提高你在战斗中的生存率
-------
坚固的护腿，能够抵御岩浆的炙热，保护战士免受伤害。",0,item-icon-532,532,Lv7 岩浆战士护腿,"1,2,3,4,5",0,1,7,1
0,1,"通过合成可以获得这个物品.
装备上可提升属性，提高你在战斗中的生存率
-------
这双手套由岩浆矿石打造，提供强大的防护和火焰力量。",0,item-icon-533,533,Lv7 岩浆战士手套,"1,2,3,4,5",0,1,7,1
0,1,"通过合成可以获得这个物品.
装备上可提升属性，提高你在战斗中的生存率
-------
坚固的护靴，能够保护战士免受岩浆的灼烧。",0,item-icon-534,534,Lv7 岩浆战士护靴,"1,2,3,4,5",0,1,7,1
0,1,"通过合成可以获得这个物品.
装备上可提升属性，提高采集更高等级资源的掉落概率
-------
炽热的岩浆镰刀，能够迅速收割并提取熔岩资源。",0,item-icon-535,535,Lv7 岩浆镰刀,"1,2,3,4,5",0,1,7,1
0,1,"通过合成可以获得这个物品.
装备上可提升属性，提高采集更高等级资源的掉落概率
-------
燃烧着岩浆之力的强力砍伐工具。",0,item-icon-536,536,Lv7 岩浆斧头,"1,2,3,4,5",0,1,7,1
0,1,"通过合成可以获得这个物品.
装备上可提升属性，提高采集更高等级资源的掉落概率
-------
挖掘矿石和宝石的必备工具，能轻松开采珍贵资源。",0,item-icon-537,537,Lv7 岩浆镐子,"1,2,3,4,5",0,1,7,1
0,1,"通过合成可以获得这个物品.
装备上可提升属性，提高采集更高等级资源的掉落概率
-------
提供额外保护，让你在采集岩浆时更安全。",0,item-icon-538,538,Lv7 岩浆采集帽子,"1,2,3,4,5",0,1,7,1
0,1,"通过合成可以获得这个物品.
装备上可提升属性，提高采集更高等级资源的掉落概率
-------
提供强大的防护，让你在采集岩浆时安全无忧。",0,item-icon-539,539,Lv7 岩浆采集护甲,"1,2,3,4,5",0,1,7,1
0,1,"通过合成可以获得这个物品.
装备上可提升属性，提高采集更高等级资源的掉落概率
-------
这是一双坚固的护腿，适用于采集岩浆的冒险者。",0,item-icon-540,540,Lv7 岩浆采集护腿,"1,2,3,4,5",0,1,7,1
0,1,"通过合成可以获得这个物品.
装备上可提升属性，提高采集更高等级资源的掉落概率
-------
提供炽热保护，轻松采集岩浆资源。",0,item-icon-541,541,Lv7 岩浆采集手套,"1,2,3,4,5",0,1,7,1
0,1,"通过合成可以获得这个物品.
装备上可提升属性，提高采集更高等级资源的掉落概率
-------
这双护靴能够保护你的脚部免受岩浆的灼烧。",0,item-icon-542,542,Lv7 岩浆采集护靴,"1,2,3,4,5",0,1,7,1
0,1,"通过合成可以获得这个物品.
装备上可提升属性，使你的农作物更不容易枯萎
-------
能够储存炽热岩浆的特殊水壶。",0,item-icon-543,543,Lv 7 岩浆水壶,"1,2,3,4,5",0,1,7,1
0,1,"通过合成可以获得这个物品.
装备上可提升属性，使你的农作物更不容易枯萎
-------
挖掘熔岩矿脉的必备工具，能迅速获取珍贵的熔岩矿石。",0,item-icon-544,544,Lv 7 岩浆锄头,"1,2,3,4,5",0,1,7,1
0,1,"通过合成可以获得这个物品.
装备上可提升属性，使你的农作物更不容易枯萎
-------
用于熔岩地区的清理工作。",0,item-icon-545,545,Lv 7 岩浆刷子,"1,2,3,4,5",0,1,7,1
0,1,"通过合成可以获得这个物品.
装备上可提升属性，使你的农作物更不容易枯萎
-------
这顶帽子是岩浆农场主的标志，它散发着火焰般的热情。",0,item-icon-546,546,Lv 7 岩浆农场主帽子,"1,2,3,4,5",0,1,7,1
0,1,"通过合成可以获得这个物品.
装备上可提升属性，使你的农作物更不容易枯萎
-------
坚固的护甲，保护农场主免受岩浆喷溅的伤害。",0,item-icon-547,547,Lv 7 岩浆农场主护甲,"1,2,3,4,5",0,1,7,1
0,1,"通过合成可以获得这个物品.
装备上可提升属性，使你的农作物更不容易枯萎
-------
坚固的护腿，适合岩浆农场主在炙热环境中工作。",0,item-icon-548,548,Lv 7 岩浆农场主护腿,"1,2,3,4,5",0,1,7,1
0,1,"通过合成可以获得这个物品.
装备上可提升属性，使你的农作物更不容易枯萎
-------
这双手套能保护你的手指免受炙热的岩浆伤害。",0,item-icon-549,549,Lv 7 岩浆农场主手套,"1,2,3,4,5",0,1,7,1
0,1,"通过合成可以获得这个物品.
装备上可提升属性，使你的农作物更不容易枯萎
-------
这双护靴能保护农场主免受岩浆的伤害。",0,item-icon-550,550,Lv 7 岩浆农场主护靴,"1,2,3,4,5",0,1,7,1
0,1,"通过合成可以获得这个物品.
装备上可提升属性，提高你在战斗中的生存率
-------
一把轻盈而锋利的剑，能够撕裂敌人的防御。",0,item-icon-551,551,Lv8 虚无剑,"1,2,3,4,5",0,1,8,1
0,1,"通过合成可以获得这个物品.
装备上可提升属性，提高你在战斗中的生存率
-------
一把强力的战斗武器，能够撕裂敌人的防御，引发毁灭性的打击。",0,item-icon-552,552,Lv8 虚无锤子,"1,2,3,4,5",0,1,8,1
0,1,"通过合成可以获得这个物品.
装备上可提升属性，提高你在战斗中的生存率
-------
一把强力的虚无弓，射程遥远，能够精准命中敌人。",0,item-icon-553,553,Lv8 虚无弓,"1,2,3,4,5",0,1,8,1
0,1,"通过合成可以获得这个物品.
装备上可提升属性，提高你在战斗中的生存率
-------
一顶华丽的头盔，增加虚无战士的防御和力量。",0,item-icon-554,554,Lv8 虚无战士帽子,"1,2,3,4,5",0,1,8,1
0,1,"通过合成可以获得这个物品.
装备上可提升属性，提高你在战斗中的生存率
-------
坚固的护甲，能有效抵御敌人的攻击。",0,item-icon-555,555,Lv8 虚无战士护甲,"1,2,3,4,5",0,1,8,1
0,1,"通过合成可以获得这个物品.
装备上可提升属性，提高你在战斗中的生存率
-------
坚固的护腿，提供卓越的防御和灵活性。",0,item-icon-556,556,Lv8 虚无战士护腿,"1,2,3,4,5",0,1,8,1
0,1,"通过合成可以获得这个物品.
装备上可提升属性，提高你在战斗中的生存率
-------
这对手套能够增强虚无战士的力量和敏捷。",0,item-icon-557,557,Lv8 虚无战士手套,"1,2,3,4,5",0,1,8,1
0,1,"通过合成可以获得这个物品.
装备上可提升属性，提高你在战斗中的生存率
-------
这双护靴能够为虚无战士提供强大的防御和敏捷。",0,item-icon-558,558,Lv8 虚无战士护靴,"1,2,3,4,5",0,1,8,1
0,1,"通过合成可以获得这个物品.
装备上可提升属性，提高采集更高等级资源的掉落概率
-------
一把锋利的镰刀，能够迅速收割敌人的生命力。",0,item-icon-559,559,Lv8 虚无镰刀,"1,2,3,4,5",0,1,8,1
0,1,"通过合成可以获得这个物品.
装备上可提升属性，提高采集更高等级资源的掉落概率
-------
一把强力斧头，能够撕裂虚空，斩断一切阻碍。",0,item-icon-560,560,Lv8 虚无斧头,"1,2,3,4,5",0,1,8,1
0,1,"通过合成可以获得这个物品.
装备上可提升属性，提高采集更高等级资源的掉落概率
-------
一把强大的采集工具，能够轻松挖掘稀有矿石和宝藏。",0,item-icon-561,561,Lv8 虚无镐子,"1,2,3,4,5",0,1,8,1
0,1,"通过合成可以获得这个物品.
装备上可提升属性，提高采集更高等级资源的掉落概率
-------
一顶能够提升采集技能的帽子，让你轻松收获更多资源。",0,item-icon-562,562,Lv8 虚无采集帽子,"1,2,3,4,5",0,1,8,1
0,1,"通过合成可以获得这个物品.
装备上可提升属性，提高采集更高等级资源的掉落概率
-------
一件轻盈而坚固的护甲，能够保护采集者免受虚无力量的侵袭。",0,item-icon-563,563,Lv8 虚无采集护甲,"1,2,3,4,5",0,1,8,1
0,1,"通过合成可以获得这个物品.
装备上可提升属性，提高采集更高等级资源的掉落概率
-------
这款护腿是专为采集者设计的，能够提供额外的保护和舒适感。",0,item-icon-564,564,Lv8 虚无采集护腿,"1,2,3,4,5",0,1,8,1
0,1,"通过合成可以获得这个物品.
装备上可提升属性，提高采集更高等级资源的掉落概率
-------
这双手套能够从虚无中采集稀有资源。",0,item-icon-565,565,Lv8 虚无采集手套,"1,2,3,4,5",0,1,8,1
0,1,"通过合成可以获得这个物品.
装备上可提升属性，提高采集更高等级资源的掉落概率
-------
这双护靴能够提供虚无力量，让采集者在收获时更加敏捷。",0,item-icon-566,566,Lv8 虚无采集护靴,"1,2,3,4,5",0,1,8,1
0,1,"通过合成可以获得这个物品.
装备上可提升属性，使你的农作物更不容易枯萎
-------
一种神奇的水壶，能够无限提供清凉的水源。",0,item-icon-567,567,Lv 8 虚无水壶,"1,2,3,4,5",0,1,8,1
0,1,"通过合成可以获得这个物品.
装备上可提升属性，使你的农作物更不容易枯萎
-------
一把轻盈的工具，能够迅速而有效地耕种土地。",0,item-icon-568,568,Lv 8 虚无锄头,"1,2,3,4,5",0,1,8,1
0,1,"通过合成可以获得这个物品.
装备上可提升属性，使你的农作物更不容易枯萎
-------
一把轻盈的刷子，能够迅速清除虚无的障碍物。",0,item-icon-569,569,Lv 8 虚无刷子,"1,2,3,4,5",0,1,8,1
0,1,"通过合成可以获得这个物品.
装备上可提升属性，使你的农作物更不容易枯萎
-------
一顶华丽的帽子，适合虚无农场主，增加农田产量。",0,item-icon-570,570,Lv 8 虚无农场主帽子,"1,2,3,4,5",0,1,8,1
0,1,"通过合成可以获得这个物品.
装备上可提升属性，使你的农作物更不容易枯萎
-------
坚固的护甲，让你在农场中无惧任何危险。",0,item-icon-571,571,Lv 8 虚无农场主护甲,"1,2,3,4,5",0,1,8,1
0,1,"通过合成可以获得这个物品.
装备上可提升属性，使你的农作物更不容易枯萎
-------
这对护腿是专为虚无农场主设计的，提供优秀的防护和舒适度。",0,item-icon-572,572,Lv 8 虚无农场主护腿,"1,2,3,4,5",0,1,8,1
0,1,"通过合成可以获得这个物品.
装备上可提升属性，使你的农作物更不容易枯萎
-------
这双手套能让你在虚无农场中更高效地种植作物。",0,item-icon-573,573,Lv 8 虚无农场主手套,"1,2,3,4,5",0,1,8,1
0,1,"通过合成可以获得这个物品.
装备上可提升属性，使你的农作物更不容易枯萎
-------
这双护靴能让你在农场上轻松行走，保护你的脚部免受伤害。",0,item-icon-574,574,Lv 8 虚无农场主护靴,"1,2,3,4,5",0,1,8,1
0,1,"通过合成可以获得这个物品.
装备上可提升属性，提高你在战斗中的生存率
-------
一把锋利的青铜剑，适合战士在战斗中迅猛而准确地斩击敌人。",0,item-icon-575,575,Lv9 青铜剑,"1,2,3,4,5",0,1,9,1
0,1,"通过合成可以获得这个物品.
装备上可提升属性，提高你在战斗中的生存率
-------
坚固耐用的工具，适合战士用来粉碎敌人的护甲。",0,item-icon-576,576,Lv9 青铜锤子,"1,2,3,4,5",0,1,9,1
0,1,"通过合成可以获得这个物品.
装备上可提升属性，提高你在战斗中的生存率
-------
一把精巧的弓，适合熟练的弓箭手使用，射程较远，威力不俗。",0,item-icon-577,577,Lv9 青铜弓,"1,2,3,4,5",0,1,9,1
0,1,"通过合成可以获得这个物品.
装备上可提升属性，提高你在战斗中的生存率
-------
坚固的青铜战士帽子，提供出色的防护和战斗能力。",0,item-icon-578,578,Lv9 青铜战士帽子,"1,2,3,4,5",0,1,9,1
0,1,"通过合成可以获得这个物品.
装备上可提升属性，提高你在战斗中的生存率
-------
坚固的青铜战士护甲，提供出色的防御力和灵活性。",0,item-icon-579,579,Lv9 青铜战士护甲,"1,2,3,4,5",0,1,9,1
0,1,"通过合成可以获得这个物品.
装备上可提升属性，提高你在战斗中的生存率
-------
坚固的青铜护腿，提供可靠的防御和灵活的移动性。",0,item-icon-580,580,Lv9 青铜战士护腿,"1,2,3,4,5",0,1,9,1
0,1,"通过合成可以获得这个物品.
装备上可提升属性，提高你在战斗中的生存率
-------
坚固的青铜手套，提供出色的防护和灵活性，适合战士在战斗中使用。",0,item-icon-581,581,Lv9 青铜战士手套,"1,2,3,4,5",0,1,9,1
0,1,"通过合成可以获得这个物品.
装备上可提升属性，提高你在战斗中的生存率
-------
坚固的青铜战士护靴，提供优秀的防御和灵活性。",0,item-icon-582,582,Lv9 青铜战士护靴,"1,2,3,4,5",0,1,9,1
0,1,"通过合成可以获得这个物品.
装备上可提升属性，提高采集更高等级资源的掉落概率
-------
锋利的青铜镰刀，适合采集者收割丰富资源。",0,item-icon-583,583,Lv9 青铜镰刀,"1,2,3,4,5",0,1,9,1
0,1,"通过合成可以获得这个物品.
装备上可提升属性，提高采集更高等级资源的掉落概率
-------
一把坚固的青铜斧头，适合采集者砍伐木材和采集矿石。",0,item-icon-584,584,Lv9 青铜斧头,"1,2,3,4,5",0,1,9,1
0,1,"通过合成可以获得这个物品.
装备上可提升属性，提高采集更高等级资源的掉落概率
-------
一把坚固的青铜镐子，适用于采集者挖掘珍贵矿石和宝藏。",0,item-icon-585,585,Lv9 青铜镐子,"1,2,3,4,5",0,1,9,1
0,1,"通过合成可以获得这个物品.
装备上可提升属性，提高采集更高等级资源的掉落概率
-------
这顶帽子是专为采集者设计的，能提供额外的保护和便利。",0,item-icon-586,586,Lv9 青铜采集帽子,"1,2,3,4,5",0,1,9,1
0,1,"通过合成可以获得这个物品.
装备上可提升属性，提高采集更高等级资源的掉落概率
-------
坚固的青铜护甲，提供采集者在危险环境中的保护。",0,item-icon-587,587,Lv9 青铜采集护甲,"1,2,3,4,5",0,1,9,1
0,1,"通过合成可以获得这个物品.
装备上可提升属性，提高采集更高等级资源的掉落概率
-------
坚固的青铜护腿，提供保护和舒适，适合采集者在艰险环境中工作。",0,item-icon-588,588,Lv9 青铜采集护腿,"1,2,3,4,5",0,1,9,1
0,1,"通过合成可以获得这个物品.
装备上可提升属性，提高采集更高等级资源的掉落概率
-------
增加采集速度和效率。",0,item-icon-589,589,Lv9 青铜采集手套,"1,2,3,4,5",0,1,9,1
0,1,"通过合成可以获得这个物品.
装备上可提升属性，提高采集更高等级资源的掉落概率
-------
这双护靴能够提供采集者在采集过程中的额外保护。",0,item-icon-590,590,Lv9 青铜采集护靴,"1,2,3,4,5",0,1,9,1
0,1,"通过合成可以获得这个物品.
装备上可提升属性，使你的农作物更不容易枯萎
-------
一把古朴的青铜水壶，能够储存清凉的饮水。",0,item-icon-591,591,Lv 9 青铜水壶,"1,2,3,4,5",0,1,9,1
0,1,"通过合成可以获得这个物品.
装备上可提升属性，使你的农作物更不容易枯萎
-------
一把坚固的青铜锄头，适用于农夫们耕种土地的必备工具。",0,item-icon-592,592,Lv 9 青铜锄头,"1,2,3,4,5",0,1,9,1
0,1,"通过合成可以获得这个物品.
装备上可提升属性，使你的农作物更不容易枯萎
-------
一把用于绘画和装饰的青铜刷子，能够轻松涂抹色彩和图案。",0,item-icon-593,593,Lv 9 青铜刷子,"1,2,3,4,5",0,1,9,1
0,1,"通过合成可以获得这个物品.
装备上可提升属性，使你的农作物更不容易枯萎
-------
一顶青铜农场主帽子，适合Lv 9的农夫，增加种植效率。",0,item-icon-594,594,Lv 9 青铜农场主帽子,"1,2,3,4,5",0,1,9,1
0,1,"通过合成可以获得这个物品.
装备上可提升属性，使你的农作物更不容易枯萎
-------
坚固的青铜护甲，保护农场主免受伤害。",0,item-icon-595,595,Lv 9 青铜农场主护甲,"1,2,3,4,5",0,1,9,1
0,1,"通过合成可以获得这个物品.
装备上可提升属性，使你的农作物更不容易枯萎
-------
坚固的护腿，适合农场主在田地里忙碌劳作，提供良好的保护和舒适度。",0,item-icon-596,596,Lv 9 青铜农场主护腿,"1,2,3,4,5",0,1,9,1
0,1,"通过合成可以获得这个物品.
装备上可提升属性，使你的农作物更不容易枯萎
-------
这双手套是专为农场主设计的，提供舒适的握持和耐久性。",0,item-icon-597,597,Lv 9 青铜农场主手套,"1,2,3,4,5",0,1,9,1
0,1,"通过合成可以获得这个物品.
装备上可提升属性，使你的农作物更不容易枯萎
-------
坚固耐用的护靴，为农场主提供额外的保护和舒适感。",0,item-icon-598,598,Lv 9 青铜农场主护靴,"1,2,3,4,5",0,1,9,1
1,1,"通过合成可以获得这个物品.
使用它可以触发特殊效果
-------
恢复精力，让你重新充满活力。",0,item-icon-599,599,Lv 7 精力恢复药水,1,0,3,7,1
1,1,"通过合成可以获得这个物品.
使用它可以触发特殊效果
-------
恢复精力，让你重新充满活力。",0,item-icon-600,600,Lv 8 精力恢复药水,1,0,3,8,1
1,1,"通过合成可以获得这个物品.
使用它可以触发特殊效果
-------
恢复精力，让你重新充满活力。",0,item-icon-601,601,Lv 9 精力恢复药水,1,0,3,9,1
1,1,"通过合成可以获得这个物品.
可以用于合成装备或道具
-------
战斗的精华，适用于合成多种装备",0,item-icon-602,602,7级战斗精华,1,0,4,7,1
1,1,"通过合成可以获得这个物品.
可以用于合成装备或道具
-------
战斗的精华，适用于合成多种装备",0,item-icon-603,603,8级战斗精华,1,0,4,8,1
1,1,"通过合成可以获得这个物品.
可以用于合成装备或道具
-------
战斗的精华，适用于合成多种装备",0,item-icon-604,604,9级战斗精华,1,0,4,9,1
1,1,"通过合成可以获得这个物品.
可以用于合成装备或道具
-------
采集的精华，适用于合成多种装备",0,item-icon-605,605,7级采集精华,1,0,4,7,1
1,1,"通过合成可以获得这个物品.
可以用于合成装备或道具
-------
采集的精华，适用于合成多种装备",0,item-icon-606,606,8级采集精华,1,0,4,8,1
1,1,"通过合成可以获得这个物品.
可以用于合成装备或道具
-------
采集的精华，适用于合成多种装备",0,item-icon-607,607,9级采集精华,1,0,4,9,1
1,1,"通过合成可以获得这个物品.
可以用于合成装备或道具
-------
种植的精华，适用于合成多种装备",0,item-icon-608,608,7级种植精华,1,0,4,7,1
1,1,"通过合成可以获得这个物品.
可以用于合成装备或道具
-------
种植的精华，适用于合成多种装备",0,item-icon-609,609,8级种植精华,1,0,4,8,1
1,1,"通过合成可以获得这个物品.
可以用于合成装备或道具
-------
种植的精华，适用于合成多种装备",0,item-icon-610,610,9级种植精华,1,0,4,9,1
1,1,"通过合成可以获得这个物品.
可以用于合成装备或道具
-------
养殖的精华，适用于合成多种装备",0,item-icon-611,611,7级养殖精华,1,0,4,7,1
1,1,"通过合成可以获得这个物品.
可以用于合成装备或道具
-------
养殖的精华，适用于合成多种装备",0,item-icon-612,612,8级养殖精华,1,0,4,8,1
1,1,"通过合成可以获得这个物品.
可以用于合成装备或道具
-------
养殖的精华，适用于合成多种装备",0,item-icon-613,613,9级养殖精华,1,0,4,9,1
1,1,"产自远古灵域.
使用它可以触发特殊效果
-------
种出小麦的种子",97,item-icon-614,614,火红菊种子,1,0,3,7,1
1,1,"产自远古灵域.
使用它可以触发特殊效果
-------
种出火焰之心的种子",97,item-icon-615,615,火焰之心种子,1,0,3,7,1
1,1,"产自远古灵域.
使用它可以触发特殊效果
-------
种出炙热南瓜的种子",97,item-icon-616,616,炙热南瓜种子,1,0,3,7,1
1,1,"产自远古灵域.
使用它可以触发特殊效果
-------
种出虚空之叶的种子",97,item-icon-617,617,虚空之叶种子,1,0,3,8,1
1,1,"产自远古灵域.
使用它可以触发特殊效果
-------
种出虚空之实的种子",97,item-icon-618,618,虚空之实种子,1,0,3,8,1
1,1,"产自远古灵域.
使用它可以触发特殊效果
-------
种出虚空之花的种子",97,item-icon-619,619,虚空之花种子,1,0,3,8,1
1,1,"产自远古灵域.
使用它可以触发特殊效果
-------
种出冶炼果实的种子",97,item-icon-620,620,冶炼果实种子,1,0,3,9,1
1,1,"产自远古灵域.
使用它可以触发特殊效果
-------
种出迷幻菜的种子",97,item-icon-621,621,迷幻菜种子,1,0,3,9,1
1,1,"产自远古灵域.
使用它可以触发特殊效果
-------
种出力量之花的种子",97,item-icon-622,622,力量之花种子,1,0,3,9,1
1,1,"通过合成可以获得这个物品.
使用它可以触发特殊效果
-------
当前血量 增加 320",0,item-icon-623,623,Lv 7 炽热治疗药水,1,0,3,7,1
1,1,"通过合成可以获得这个物品.
使用它可以触发特殊效果
-------
战斗攻击力 增加 50",0,item-icon-641,641,Lv 7 炽热攻击药水,1,0,3,7,1
1,1,"通过合成可以获得这个物品.
使用它可以触发特殊效果
-------
移动速度 增加 200",0,item-icon-642,642,Lv 7 炽热移速药水,1,0,3,7,1
1,1,"通过合成可以获得这个物品.
使用它可以触发特殊效果
-------
对怪物暴击伤害 增加 120",0,item-icon-643,643,Lv 7 炽热暴击药水,1,0,3,7,1
1,1,"通过合成可以获得这个物品.
使用它可以触发特殊效果
-------
最大血量 增加 200",0,item-icon-644,644,Lv 7 炽热生命药水,1,0,3,7,1
1,1,"通过合成可以获得这个物品.
使用它可以触发特殊效果
-------
战斗防御值 增加 20",0,item-icon-645,645,Lv 7 炽热防御药水,1,0,3,7,1
1,1,"通过合成可以获得这个物品.
使用它可以触发特殊效果
-------
当前血量 增加 400",0,item-icon-646,646,Lv 8 虚无治疗药水,1,0,3,8,1
1,1,"通过合成可以获得这个物品.
使用它可以触发特殊效果
-------
战斗攻击力 增加 60",0,item-icon-647,647,Lv 8 虚无攻击药水,1,0,3,8,1
1,1,"通过合成可以获得这个物品.
使用它可以触发特殊效果
-------
移动速度 增加 240",0,item-icon-648,648,Lv 8 虚无移速药水,1,0,3,8,1
1,1,"通过合成可以获得这个物品.
使用它可以触发特殊效果
-------
对怪物暴击伤害 增加 150",0,item-icon-649,649,Lv 8 虚无暴击药水,1,0,3,8,1
1,1,"通过合成可以获得这个物品.
使用它可以触发特殊效果
-------
最大血量 增加 240",0,item-icon-650,650,Lv 8 虚无生命药水,1,0,3,8,1
1,1,"通过合成可以获得这个物品.
使用它可以触发特殊效果
-------
战斗防御值 增加 25",0,item-icon-651,651,Lv 8 虚无防御药水,1,0,3,8,1
1,1,"通过合成可以获得这个物品.
使用它可以触发特殊效果
-------
当前血量 增加 480",0,item-icon-652,652,Lv 9 青铜治疗药水,1,0,3,9,1
1,1,"通过合成可以获得这个物品.
使用它可以触发特殊效果
-------
战斗攻击力 增加 70",0,item-icon-653,653,Lv 9 青铜攻击药水,1,0,3,9,1
1,1,"通过合成可以获得这个物品.
使用它可以触发特殊效果
-------
移动速度 增加 280",0,item-icon-654,654,Lv 9 青铜移速药水,1,0,3,9,1
1,1,"通过合成可以获得这个物品.
使用它可以触发特殊效果
-------
对怪物暴击伤害 增加 180",0,item-icon-655,655,Lv 9 青铜暴击药水,1,0,3,9,1
1,1,"通过合成可以获得这个物品.
使用它可以触发特殊效果
-------
最大血量 增加 280",0,item-icon-656,656,Lv 9 青铜生命药水,1,0,3,9,1
1,1,"通过合成可以获得这个物品.
使用它可以触发特殊效果
-------
战斗防御值 增加 30",0,item-icon-657,657,Lv 9 青铜防御药水,1,0,3,9,1
1,1,"通过合成可以获得这个物品.
可以用于合成装备或道具
-------
进入远古灵域所需门票",0,item-icon-658,658,远古灵域门票,1,0,4,0,1
1,1,"通过合成可以获得这个物品.
可以用于合成装备或道具
-------
进入初级竞技场所需门票",0,item-icon-659,659,初级竞技场门票,1,0,4,0,1
1,1,"通过合成可以获得这个物品.
可以用于合成装备或道具
-------
进入中级竞技场所需门票",0,item-icon-660,660,中级竞技场门票,1,0,4,0,1
1,1,"通过合成可以获得这个物品.
可以用于合成装备或道具
-------
进入高级竞技场所需门票",0,item-icon-661,661,高级级竞技场门票,1,0,4,0,1
0,1,可孵出宠物 - 金属狗,0,item-icon-665,665,金属狗宠物蛋,1,0,6,1,1
0,1,可孵出宠物 - 南瓜先生,0,item-icon-666,666,南瓜先生宠物蛋,1,0,6,1,1
0,1,可孵出宠物 - 仙人掌战士,0,item-icon-667,667,仙人掌战士宠物蛋,1,0,6,1,1
0,1,可孵出宠物 - 嗡嗡蜂,0,item-icon-668,668,嗡嗡蜂宠物蛋,1,0,6,2,1
0,1,可孵出宠物 - 叶状潜伏者,0,item-icon-669,669,叶状潜伏者宠物蛋,1,0,6,2,1
0,1,可孵出宠物 - 矿矿猫,0,item-icon-670,670,矿矿猫宠物蛋,1,0,6,2,1
0,1,可孵出宠物 - 混沌幽灵,0,item-icon-671,671,混沌幽灵宠物蛋,1,0,6,3,1
0,1,可孵出宠物 - 深红猛击者,0,item-icon-672,672,深红猛击者宠物蛋,1,0,6,3,1
0,1,可孵出宠物 - 冰霜爪牙,0,item-icon-673,673,冰霜爪牙宠物蛋,1,0,6,3,1
0,1,可孵出宠物 - 愤怒树桩,0,item-icon-674,674,愤怒树桩宠物蛋,1,0,6,4,1
0,1,可孵出宠物 - 橙叶蛋头,0,item-icon-675,675,橙叶蛋头宠物蛋,1,0,6,4,1
0,1,可孵出宠物 - 骷髅士兵,0,item-icon-676,676,骷髅士兵宠物蛋,1,0,6,4,1
0,1,可孵出宠物 - 黑化雪精灵,0,item-icon-677,677,黑化雪精灵宠物蛋,1,0,6,5,1
0,1,可孵出宠物 - 暗黑巨目,0,item-icon-678,678,暗黑巨目宠物蛋,1,0,6,5,1
0,1,可孵出宠物 - 骷髅队长,0,item-icon-679,679,骷髅队长宠物蛋,1,0,6,5,1
0,1,可孵出宠物 - 冰球巨龟,0,item-icon-680,680,冰球巨龟宠物蛋,1,0,6,6,1
0,1,可孵出宠物 - 雪兔巫师,0,item-icon-681,681,雪兔巫师宠物蛋,1,0,6,6,1
0,1,可孵出宠物 - 骷髅弓箭手,0,item-icon-682,682,骷髅弓箭手宠物蛋,1,0,6,6,1
0,1,可孵出宠物 - 炫光小霸王,0,item-icon-683,683,炫光小霸王宠物蛋,1,0,6,7,1
0,1,可孵出宠物 - 火岩守卫,0,item-icon-684,684,火岩守卫宠物蛋,1,0,6,7,1
0,1,可孵出宠物 - 巨岩守卫,0,item-icon-685,685,巨岩守卫宠物蛋,1,0,6,7,1
0,1,可孵出宠物 - 黄纹岩怪,0,item-icon-686,686,黄纹岩怪宠物蛋,1,0,6,8,1
0,1,可孵出宠物 - 智眸鹰守,0,item-icon-687,687,智眸鹰守宠物蛋,1,0,6,8,1
0,1,可孵出宠物 - 星辰幼龙,0,item-icon-688,688,星辰幼龙宠物蛋,1,0,6,8,1
0,1,可孵出宠物 - 谜光古灵,0,item-icon-689,689,谜光古灵宠物蛋,1,0,6,9,1
0,1,可孵出宠物 - 绿石雕灵,0,item-icon-690,690,绿石雕灵宠物蛋,1,0,6,9,1
0,1,可孵出宠物 - 笑面刺盾,0,item-icon-691,691,笑面刺盾宠物蛋,1,0,6,9,1
1,1,"通过合成可以获得这个物品.
使用它可以触发特殊效果
-------
神秘的种子，埋入土壤中，等待着神奇的图腾生长。",97,item-icon-692,692,图腾测试种子,1,0,3,1,1
1,1,"通过合成可以获得这个物品.
可以用于合成装备或道具
-------
蕴含着浓厚的自然之力，可作用在宠物上",0,item-icon-693,693,Lv 1 自然之灵,1,0,4,1,1
1,1,"通过合成可以获得这个物品.
可以用于合成装备或道具
-------
蕴含着浓厚的自然之力，可作用在宠物上",0,item-icon-694,694,Lv 2 自然之灵,1,0,4,2,1
1,1,"通过合成可以获得这个物品.
可以用于合成装备或道具
-------
蕴含着浓厚的自然之力，可作用在宠物上",0,item-icon-695,695,Lv 3 自然之灵,1,0,4,3,1
1,1,"通过合成可以获得这个物品.
可以用于合成装备或道具
-------
蕴含着浓厚的自然之力，可作用在宠物上",0,item-icon-696,696,Lv 4 自然之灵,1,0,4,4,1
1,1,"通过合成可以获得这个物品.
可以用于合成装备或道具
-------
蕴含着浓厚的自然之力，可作用在宠物上",0,item-icon-697,697,Lv 5 自然之灵,1,0,4,5,1
1,1,"通过合成可以获得这个物品.
可以用于合成装备或道具
-------
蕴含着浓厚的自然之力，可作用在宠物上",0,item-icon-698,698,Lv 6 自然之灵,1,0,4,6,1
1,1,"通过合成可以获得这个物品.
可以用于合成装备或道具
-------
蕴含着浓厚的自然之力，可作用在宠物上",0,item-icon-699,699,Lv 7 自然之灵,1,0,4,7,1
1,1,"通过合成可以获得这个物品.
可以用于合成装备或道具
-------
蕴含着浓厚的自然之力，可作用在宠物上",0,item-icon-700,700,Lv 8 自然之灵,1,0,4,8,1
1,1,"通过合成可以获得这个物品.
可以用于合成装备或道具
-------
蕴含着浓厚的自然之力，可作用在宠物上",0,item-icon-701,701,Lv 9 自然之灵,1,0,4,9,1
1,1,"通过合成可以获得这个物品.
使用它可以触发特殊效果
-------
饲料是一种消耗品，能够提供动物所需的营养成分，使其保持健康成长。它适用于各种家畜和宠物，能够增加它们的生产力和生命值。",27,item-icon-702,702,Lv 3 饲料,1,0,3,0,1
1,1,"通过合成可以获得这个物品.
使用它可以触发特殊效果
-------
饲料是一种消耗品，能够提供动物所需的营养成分，使其保持健康成长。它适用于各种家畜和宠物，能够增加它们的生产力和生命值。",27,item-icon-703,703,Lv 4 饲料,1,0,3,0,1
1,1,"通过合成可以获得这个物品.
使用它可以触发特殊效果
-------
饲料是一种消耗品，能够提供动物所需的营养成分，使其保持健康成长。它适用于各种家畜和宠物，能够增加它们的生产力和生命值。",27,item-icon-704,704,Lv 5 饲料,1,0,3,0,1
1,1,"通过合成可以获得这个物品.
使用它可以触发特殊效果
-------
饲料是一种消耗品，能够提供动物所需的营养成分，使其保持健康成长。它适用于各种家畜和宠物，能够增加它们的生产力和生命值。",27,item-icon-705,705,Lv 6 饲料,1,0,3,0,1
1,1,"通过合成可以获得这个物品.
使用它可以触发特殊效果
-------
饲料是一种消耗品，能够提供动物所需的营养成分，使其保持健康成长。它适用于各种家畜和宠物，能够增加它们的生产力和生命值。",27,item-icon-706,706,Lv 7 饲料,1,0,3,0,1
1,1,"通过合成可以获得这个物品.
使用它可以触发特殊效果
-------
饲料是一种消耗品，能够提供动物所需的营养成分，使其保持健康成长。它适用于各种家畜和宠物，能够增加它们的生产力和生命值。",27,item-icon-707,707,Lv 8 饲料,1,0,3,0,1
1,1,"通过合成可以获得这个物品.
使用它可以触发特殊效果
-------
饲料是一种消耗品，能够提供动物所需的营养成分，使其保持健康成长。它适用于各种家畜和宠物，能够增加它们的生产力和生命值。",27,item-icon-708,708,Lv 9 饲料,1,0,3,0,1
1,1,"通过合成可以获得这个物品.
使用它可以触发特殊效果
-------
恢复你的当前精力值 4",0,item-icon-709,709,Lv 1 精力药水2.0,1,0,3,0,1
1,1,"通过合成可以获得这个物品.
使用它可以触发特殊效果
-------
恢复你的当前精力值 10",0,item-icon-710,710,Lv 2 精力药水2.0,1,0,3,0,1
1,1,"通过合成可以获得这个物品.
使用它可以触发特殊效果
-------
恢复你的当前精力值 17",0,item-icon-711,711,Lv 3 精力药水2.0,1,0,3,0,1
1,1,"通过合成可以获得这个物品.
使用它可以触发特殊效果
-------
恢复你的当前精力值 25",0,item-icon-712,712,Lv 4 精力药水2.0,1,0,3,0,1
1,1,"通过合成可以获得这个物品.
使用它可以触发特殊效果
-------
恢复你的当前精力值 34",0,item-icon-713,713,Lv 5 精力药水2.0,1,0,3,0,1
1,1,"通过合成可以获得这个物品.
使用它可以触发特殊效果
-------
恢复你的当前精力值 44",0,item-icon-714,714,Lv 6 精力药水2.0,1,0,3,0,1
1,1,"通过合成可以获得这个物品.
使用它可以触发特殊效果
-------
恢复你的当前精力值 55",0,item-icon-715,715,Lv 7 精力药水2.0,1,0,3,0,1
1,1,"通过合成可以获得这个物品.
使用它可以触发特殊效果
-------
恢复你的当前精力值 67",0,item-icon-716,716,Lv 8 精力药水2.0,1,0,3,0,1
1,1,"通过合成可以获得这个物品.
使用它可以触发特殊效果
-------
恢复你的当前精力值 80",0,item-icon-717,717,Lv 9 精力药水2.0,1,0,3,0,1
1,1,"产自花岚峰, 产自浮空之地, 产自远古灵域.
可以用于合成装备或道具
-------
[629]出现在花峰，出现在浮游境，出现在古老领域。
它可以用来制作装备或物品。
-------",0,item-icon-718,718,勇者的勋章,1,0,4,0,1
1,0,"[630]空
",97,item-icon-719,719,图腾A种子,1,1,3,0,1
1,0," [631]空
",97,item-icon-720,720,图腾B种子,1,1,3,0,1
1,0," [632]空
",97,item-icon-721,721,图腾C种子,1,1,3,0,1
1,0," [633]空
",97,item-icon-722,722,图腾D种子,1,1,3,0,1
1,0," [634]空
",97,item-icon-723,723,图腾E种子,1,1,3,0,1
1,1,击败浪刃武士获得的纪念品,0,item-icon-725,725,浪刃武士的勋章,1,0,4,0,1
1,1,击败幽魂主教获得的纪念品,0,item-icon-726,726,幽魂主教的勋章,1,0,4,0,1
1,1,"产自竞技场副本.
可以用于合成装备或道具
-------
击杀PVP副本Boss获得的掉落奖励",0,item-icon-727,727,杀戮者的勋章,1,0,4,0,1
1,1,"产自浮空之地.
可以用于合成装备或道具
-------
在浮空之地击杀怪物获得的奖励",0,item-icon-728,728,开拓者的勋章,1,0,4,0,1
1,1,"产自远古灵域.
可以用于合成装备或道具
-------
在远古灵域击杀怪物获得的奖励",0,item-icon-729,729,征服者的勋章,1,0,4,0,1
1,1,"产自竞技场副本.
可以用于合成装备或道具
-------
击杀PVP副本Boss获得的掉落奖励",0,item-icon-730,730,法外之徒勋章,1,0,4,0,1
1,1,"产自竞技场副本.
可以用于合成装备或道具
-------
击杀PVP副本Boss获得的掉落奖励",0,item-icon-731,731,嗜血成瘾勋章,1,0,4,0,1
