canMint-int,desc-string,givenSkillId-int,icon-string,id-int,name-string,quality-int[],type-int,useLv-int,userType-int
1,"有人曾在海邊看到這種材料。
它可以用來製作裝備或物品。
-------
這種綠色粘液是一種稀有的原材料，可以用來製作各種戰鬥裝備。它具有極強的黏附性，可以與各種材料結合。
",0,item-icon-30,30,綠色粘液,1,4,1,1
1,"有人曾在海邊看到這種材料。
它可以用來製作裝備或物品。
-------
南瓜藤蔓是一種可以用來製作武器和盔甲的原材料。它們具有堅韌的質地和出色的韌性，在戰鬥中提供可靠的保護和攻擊力。
",0,item-icon-31,31,南瓜藤蔓,1,4,1,1
1,"有人曾在海邊看到這種材料。
它可以用來製作裝備或物品。
-------
這種鐵絲網是一種用於戰鬥的原材料，可以用來製造具有高強度和耐久性的防禦結構或裝備。
",0,item-icon-32,32,鐵絲網,1,4,1,1
1,"有人曾在沙漠中看到這種材料。
它可以用來製作裝備或物品。
-------
礦礦貓尖牙是一種銳利的原材料，可以用來製作武器和盔甲。它們來自生活在礦坑中的貓科動物，具有強大的戰鬥能力和敏捷性。
",0,item-icon-33,33,礦礦貓尖牙,1,4,2,1
1,"有人曾在草原上看到這種材料。
它可以用來製作裝備或物品。
-------
這種輕質薄膜是一種用於戰鬥的原材料，可以用來製造各種防禦裝備和武器。
",0,item-icon-34,34,輕質薄膜,1,4,2,1
1,"有人曾在峽谷中看到這種材料。
它可以用來製作裝備或物品。
-------
草妖頭冠是一種二級戰鬥材料，由草妖的頭部製成，具有強大的戰鬥能力。
",0,item-icon-35,35,草妖頭冠,1,4,2,1
1,"有人曾在黑森林中看到這種材料。
它可以用來製作裝備或物品。
-------
這種細長鉤爪由堅硬的金屬製成，非常鋒利，適合在戰鬥中使用。它的形狀纖細，可以輕易穿透敵人的防禦。
",0,item-icon-36,36,細長鉤爪,1,4,3,1
1,"有人曾在紅森林中看到這種材料。
它可以用來製作裝備或物品。
-------
赤紅皮毛是一種具有出色防禦性能的高級毛皮，適合製作戰鬥裝備。它是一種稀有的原材料，收集難度高。
",0,item-icon-37,37,赤紅皮毛,1,4,3,1
1,"有人曾在雪山上看到這種材料。
它可以用來製作裝備或物品。
-------
這是一種在戰鬥中獲得的稀有原材料。它外觀如冰雪般，質地毛茸茸的，讓人忍不住想觸摸。
",0,item-icon-38,38,冰雪茸毛,1,4,3,1
1,"你可以通过合成获得这个物品。
装备后，它可以增强属性。提高你的战斗攻击力
-------
这是一把由坚固的石头制成的锋利武器，非常适合近战战斗。它的重量和平衡使得握持起来很容易，可以精准地发动强力打击。
",0,item-icon-40,40,石劍,1,1,1,1
1,"你可以通过合成获得这个物品。
装备后，它可以增强属性。提高你的战斗攻击力
-------
这是一把由铁制成的锋利坚固的武器，能够轻松切割敌人。它的重量给予了令人满意的重量感，可以发动强力打击让对手不知所措。
",0,item-icon-41,41,鐵劍,"1,2",1,2,1
1,"你可以通过合成获得这个物品。
装备后，它可以增强属性。提高你的战斗攻击力
-------
这是一把由纯水晶锻造而成的强大武器，能够轻松切割敌人。它闪烁的刀刃反射着光芒，令对手眼花缭乱，心生畏惧。每一次挥舞，水晶剑都释放出速度和精准度的致命组合。
",0,item-icon-42,42,水晶劍,"1,2,3",1,3,1
1,"你可以通过合成获得这个物品。
装备后，它可以增强属性。提高你的战斗攻击力
-------
这是一把坚固的木制武器，适合初学者磨练战斗技巧。它的轻巧设计使得灵活移动成为可能，是追求多功能和可靠性的玩家的理想选择。
",0,item-icon-39,39,木劍,1,1,0,1
1,"你可以通过合成获得这个物品。
装备后，它可以增强属性。提高你在战斗中的生存概率
-------
这是一个时尚的配饰，为任何服装增添了一丝优雅。精心制作的细节展现出精致和魅力。其独特的设计一定会吸引其他时尚爱好者的目光。
",0,item-icon-43,43,碎晶頭環,1,1,1,1
1,"你可以通过合成获得这个物品。
装备后，它可以增强属性。提高你在战斗中的生存概率
-------
这顶帽子由一种柔软的独特材料制成，触感非常柔软。它提供了奢华舒适的贴合感，非常适合长时间的游戏会话。
",0,item-icon-44,44,戰士頭盔 晶皮軟帽,"1,2",1,2,1
1,"你可以通过合成获得这个物品。
装备后，它可以增强属性。提高你在战斗中的生存概率
-------
这是一顶由闪亮的水晶制成的坚固头盔，提供了出色的保护力而不影响敏捷性。它迷人的光芒让佩戴者在黑暗的地下城中拥有增强的视觉。
",0,item-icon-45,45,戰士頭盔 晶石頭盔,"1,2,3",1,3,1
1,"你可以通过合成获得这个物品。
装备后，它可以增强属性。提高你在战斗中的生存概率
-------
这件护甲以其碎裂的水晶设计散发出坚韧和力量的气息。闪烁的表面反射着光芒，吸引所有看到它的人。它是力量和耐力的象征，是任何经验丰富的战士必备的装备。
",0,item-icon-46,46,戰士上衣 碎晶藤甲,1,1,1,1
1,"你可以通过合成获得这个物品。
装备后，它可以增强属性。提高你在战斗中的生存概率
-------
这件护甲由一种独特的水晶状材料制成，提供了出色的保护力而不影响机动性。其流线型设计和闪亮的表面使其成为工艺的杰作。佩戴晶皮护甲，你将在战场上感到无敌。
",0,item-icon-47,47,戰士上衣 晶皮上衣,"1,2",1,2,1
1,"你可以通过合成获得这个物品。
装备后，它可以增强属性。提高你在战斗中的生存概率
-------
这是一件由附魔水晶锻造而成的强大护甲，提供了无与伦比的保护，能够抵御物理和魔法攻击。闪烁的表面反射着光芒，令敌人眼花缭乱，心生畏惧。佩戴这件护甲，佩戴者会散发出无敌的光环，在战场上成为无可阻挡的力量。
",0,item-icon-48,48,戰士上衣 晶石甲胄,"1,2,3",1,3,1
1,"你可以通过合成获得这个物品。
装备后，它可以增强属性。提高你在战斗中的生存概率
-------
这是一种由精致的水晶制成的草裙，为任何服装增添了一丝优雅。其破裂的质地赋予了它神秘而迷人的魅力，使其成为时尚前卫的冒险者必备的物品。
",0,item-icon-49,49,戰士褲子 碎晶草裙,1,1,1,1
1,"你可以通过合成获得这个物品。
装备后，它可以增强属性。提高你在战斗中的生存概率
-------
这条裤子采用稀有的水晶石材质制成，提供了无与伦比的保护和耐久性。闪烁的表面反射着光芒，使佩戴者看起来飘渺而神秘。
",0,item-icon-50,50,戰士褲子 晶皮長褲,"1,2",1,2,1
1,"你可以通过合成获得这个物品。
装备后，它可以增强属性。提高你在战斗中的生存概率
-------
这是一款闪亮的配饰，带有精致的裂纹，散发出神秘和坚韧的气息。破碎的表面反映出佩戴者的力量和决心，成为坚韧和毅力的象征。
",0,item-icon-51,51,戰士褲子 晶石腿甲,"1,2,3",1,3,1
1,"你可以通过合成获得这个物品。
装备后，它可以增强属性。提高你在战斗中的生存概率
-------
这副手套采用独特的水晶状材料制成，提供了光滑而柔软的质地，增强了握持和灵活性。其轻巧的设计使得轻松移动成为可能，成为追求精确和舒适的玩家的最爱。
",0,item-icon-52,52,戰士手套 碎晶手環,1,1,1,1
1,"你可以通过合成获得这个物品。
装备后，它可以增强属性。提高你在战斗中的生存概率
-------
这是一只注入了水晶能量的强大护手，赋予佩戴者增强的力量和操控元素力量的能力。驾驭大自然的原始力量，对敌人释放毁灭性的攻击。用水晶石手套主宰战场！
",0,item-icon-53,53,戰士手套 晶皮手套,"1,2",1,2,1
1,"你可以通过合成获得这个物品。
装备后，它可以增强属性。提高你在战斗中的生存概率
-------
这双鞋子采用一种独特的材料制成，提供了出色的抓地力和牢固性，非常适合在湿滑的地面上行走。破碎的水晶设计为你的服装增添了一丝优雅和神秘感。穿上它们，感受到每一步带来的自信。
",0,item-icon-54,54,戰士手套 晶石護手,"1,2,3",1,3,1
1,"你可以通过合成获得这个物品。
装备后，它可以增强属性。提高你在战斗中的生存概率
-------
这双靴子采用一种独特的材料制成，增强了敏捷性并提供了出色的保护。其流线型设计使得快速移动成为可能，成为冒险者们的最爱。晶皮长靴是追求风格和功能性的玩家必备的装备。
",0,item-icon-55,55,戰士鞋子 碎晶草鞋,1,1,1,1
1,"你可以通过合成获得这个物品。
装备后，它可以增强属性。提高你在战斗中的生存概率
-------
这双鞋子采用独特的水晶石设计，为每一步增添一丝优雅。鞋子上镶嵌的闪亮宝石创造出迷人的效果，使你成为众人瞩目的焦点。穿上这双精致的鞋子，感受它们为你的服装带来的魔力。
",0,item-icon-56,56,戰士鞋子 晶皮長靴,"1,2",1,2,1
1,"有人曾在海边看到过这种材料。
它可以用来制作装备或物品。
-------
这种材料可以通过种植获得，用于制作装备或物品。
",0,item-icon-57,57,戰士鞋子 晶石鞋,"1,2,3",1,3,1
1,"有人曾在海边看到过这种材料。
它可以用来制作装备或物品。
-------
这种石头是一级品质的，可以用来采集树木等原材料。
",0,item-icon-58,58,石頭,1,4,1,1
1,"有人曾在峡谷看到过这种材料。
它可以用来制作装备或物品。
-------
黑铁矿石是一种次级原材料，可以通过采矿获得。它呈黑色，质地坚硬，含有丰富的铁元素。
",0,item-icon-59,59,黑鐵礦,1,4,2,1
1,"有人曾在雪山上看到过这种材料。
它可以用来制作装备或物品。
-------
这是一种三级红色水晶矿石，可以在森林中采集到。它是一种重要的原材料，可以用来制作各种装备和物品。
",0,item-icon-60,60,紅色水晶礦,1,4,3,1
1,"有人曾在海边看到过这种材料。
它可以用来制作装备或物品。
-------
这种木材通常用于制作简单的家具或建筑材料。其质地相对柔软，易于加工和雕刻。",0,item-icon-62,62,普通木材,1,4,1,1
1,"有人曾在沙漠中看到过这种材料。
它可以用来制作装备或物品。
-------
沙漠树是一种生长在沙漠中的树木。它们通常较矮小，树干粗壮，叶子呈浅绿色。它们可以用来采集原材料，并适用于制作一些特殊物品。
",0,item-icon-63,63,沙漠樹木材,1,4,2,1
1,"有人曾在红色森林中看到过这种材料。
它可以用来制作装备或物品。
-------
暗黑木是一种高级木材，具有黑色纹理和坚硬的质地，适用于制作高端家具和手工艺品。它只能在特定的采集点采集，采集难度较大，但也非常有利可图。
",0,item-icon-64,64,暗黑木材,1,4,3,1
1,"你可以通过种植获得这种类型的材料。
它可以用来制作装备或物品。
-------
这种竹子是农业产出的一种植物，用于制作各种农业原材料。在农业中非常常见，生长速度很快。
",0,item-icon-70,70,竹子,1,4,1,1
1,"你可以通过种植获得这种类型的材料。
它可以用来制作装备或物品。
-------
这种物品是农业产出的原材料，通常在Lv 1时可收获。它的形状类似三叶草，因此被称为幸运三叶草。它可以用来制作许多不同的物品，是一种非常有用的资源。
",0,item-icon-71,71,三葉草,1,4,1,1
1,"你可以通过种植获得这种类型的材料。
它可以用来制作装备或物品。
-------
这种胡萝卜是一种农业产出的一级产品，可以在农田中获得。它是一种重要的原材料。
",0,item-icon-72,72,胡蘿蔔,1,4,1,1
1,"你可以通过种植获得这种类型的材料。
它可以用来制作装备或物品。
-------
豬籠草是一种独特的植物，可以吸引并捕获昆虫作为食物。它被视为农业产出的一种，可以用作农业领域的原材料。
",0,item-icon-73,73,豬籠草,1,4,2,1
1,"你可以通过种植获得这种类型的材料。
它可以用来制作装备或物品。
-------
这种棉花是二级品质的，适用于制造纺织品。
",0,item-icon-74,74,棉花,1,4,2,1
1,"你可以通过种植获得这种类型的材料。
它可以用来制作装备或物品。
-------
这种忍耐果实是农业产出的原材料，可以在2级农田中种植，每次可产出2-3个果实。它具有耐久性强、保存时间长的特点，是制作各种食品和药物的重要材料。
",0,item-icon-75,75,忍耐果實,1,4,2,1
1,"你可以通过种植获得这种类型的材料。
它可以用来制作装备或物品。
-------
这种火爆辣椒是3级的，非常辣，适合喜欢辣食的人。它是农业产出的，可以在田地中种植。作为农业原材料，它可以用来制作各种辣椒制品，如辣椒酱和辣椒油。
",0,item-icon-76,76,火爆辣椒,1,4,3,1
1,"你可以通过种植获得这种类型的材料。
它可以用来制作装备或物品。
-------
这种坚硬果实是高产的农业原材料，可以用来制作各种食品和药物。它具有坚硬的质地和丰富的营养成分，是农业生产中不可或缺的一部分。
",0,item-icon-77,77,堅硬果實,1,4,3,1
1,"你可以通过种植获得这种类型的材料。
它可以用来制作装备或物品。
-------
这种蓝幻菇是一种高级蘑菇品种，通常在农业领域生产。它是一种非常有价值的原材料，可用于制作药物和美食。
",0,item-icon-78,78,藍幻菇,1,4,3,1
1,"你可以通过合成获得这个物品。
装备后，它可以增强属性。解锁更高级的农业产品
-------
铁锄是一种坚固耐用的耕作工具，由坚固的铁制成。在游戏中，它是翻土和种植作物的必备工具。
",0,item-icon-79,79,木質鋤頭,1,1,0,1
1,"你可以通过合成获得这个物品。
装备后，它可以增强属性。解锁更高级的农业产品
-------
这把锄头可以帮助农民更轻松地耕种土地，但同时也带来了一些神秘的诅咒。
",0,item-icon-80,80,鐵質鋤頭,1,1,1,1
1,"你可以通过合成获得这个物品。
装备后，它可以增强属性。解锁更高级的农业产品
-------
祝福锄头是一种强大的工具，可以提高耕作效率和作物产量。它散发着神圣的光芒，每一次挥舞都带来祝福，促进健康生长和丰收。拿着这把附魔的锄头，玩家可以轻松耕种土地，享受努力工作的回报。
",0,item-icon-81,81,詛咒鋤頭,"1,2",1,2,1
1,"你可以通过合成获得这个物品。
装备后，它可以增强属性。解锁更高级的农业产品
-------
这个木制水壶是一种适用于农业的设备，可以用来装清水或灌溉水。
",0,item-icon-82,82,祝福鋤頭,"1,2,3",1,3,1
1,"你可以通过合成获得这个物品。
装备后，它可以增强属性。解锁更高级的农业产品
-------
这是一种坚固可靠的烹饪器具，由耐用的铁制成。它可以快速均匀地加热，实现高效烹饪。其人体工程学设计确保倒水时舒适握持。
",0,item-icon-83,83,木質水壺,1,1,0,1
1,"你可以通过合成获得这个物品。
装备后，它可以增强属性。解锁更高级的农业产品
-------
这是一种神秘的水壶，拥有它的人会带来厄运，引发混乱和绝望。它散发着黑暗的气息，散发出一种怪异的存在感。要小心，因为它的诅咒力量甚至可以将最幸运的人变成自己灭亡的受害者。
",0,item-icon-84,84,鐵質水壺,1,1,1,1
1,"你可以通过合成获得这个物品。
装备后，它可以增强属性。解锁更高级的农业产品
-------
这是一件带给主人祝福和好运的神圣物品，增强了他们的运气，给予他们意想不到的机会。这个神秘的水壶据说散发着积极的能量，吸引着繁荣和幸福。对于那些寻求神圣干预的人来说，这是一件珍贵的财产。
",0,item-icon-85,85,詛咒水壺,"1,2",1,2,1
1,"你可以通过合成获得这个物品。
装备后，它可以增强属性。提高你的采集效率
-------
这是一种坚固的木制工具，非常适合高效地采矿和采集资源。它的耐久性确保不易损坏，是任何冒险者可靠的选择。
",0,item-icon-86,86,祝福水壺,"1,2,3",1,3,1
1,"你可以通过合成获得这个物品。
装备后，它可以增强属性。提高你的采集效率
-------
这是一种由铁制成的坚固工具，非常适合采矿和挖掘有价值的资源。其锋利的刃和耐用的结构使其成为任何冒险者的必备物品。拿着这把鎬子，你将能够挖掘更深，发现隐藏的宝藏。
",0,item-icon-87,87,木質鎬子,1,1,0,1
1,"你可以通过合成获得这个物品。
装备后，它可以增强属性。提高你的采集效率
-------
这把诅咒鎬子可以帮助你更快地采集树木和矿石。它是一种2级装备，具有强大的采集能力。
",0,item-icon-88,88,鐵質鎬子,1,1,1,1
1,"你可以通过合成获得这个物品。装备后，它可以增强属性。提高你的采集效率。
-------
这把诅咒的鎬子可以帮助你更快地采集树木和矿石。它是一件二级装备，具有强大的采集能力。
",0,item-icon-89,89,詛咒鎬子,"1,2",1,2,1
1,"你可以通过合成获得这个物品。装备后，它可以增强属性。提高你的采集效率。
-------
祝福的鎬子是一件被赋予神圣力量的神器，轻松劈开最坚硬的岩石，留下一串闪烁的碎片。它的附魔刀刃散发着辉煌的光芒，引导矿工们深入地底寻找隐藏的宝藏。每一次挥动都赐予幸运和繁荣的祝福，使其成为任何冒险者的必备伙伴。
",0,item-icon-90,90,祝福鎬子,"1,2,3",1,3,1
1,"你可以通过合成获得这个物品。装备后，它可以增强属性。提高你的采集效率。
-------
这把斧头是一种木制工具，适用于户外采集工作。它是一种可以帮助你更高效地完成采集任务的装备。
",0,item-icon-91,91,木質斧頭,1,1,0,1
1,"你可以通过合成获得这个物品。装备后，它可以增强属性。提高你的采集效率。
-------
这把铁斧可以砍伐树木，是采集木材的必备工具。它也可以作为装备来增加战斗效果。
",0,item-icon-92,92,鐵質斧頭,1,1,1,1
1,"你可以通过合成获得这个物品。装备后，它可以增强属性。提高你的采集效率。
-------
这把斧头的锋利度达到了2级，可以轻松采集树木。然而，它也被诅咒了，因此在使用时需要小心。
",0,item-icon-93,93,詛咒斧頭,"1,2",1,2,1
1,"你可以通过合成获得这个物品。装备后，它可以增强属性。提高你的采集效率。
-------
一把被祝福的斧头，赋予了神圣的祝福力量，可以轻松劈开任何障碍物。它的锋利刀刃闪耀着圣洁的光芒，让敌人心生畏惧。祝福的斧头是战场上力量和正义的真正象征。
",0,item-icon-94,94,祝福斧頭,"1,2,3",1,3,1
1,"你可以通过合成获得这个物品。装备后，它可以增强属性，使你的作物不易枯萎。
-------
这顶时尚的帽子为佩戴者带来好运，为任何服装增添了一丝魅力。鲜艳的颜色和精美的设计使它成为时尚玩家必备的配饰。戴上它，让好运与你同在！
",0,item-icon-98,98,農業帽子 幸運三葉草帽子,1,1,1,1
1,"你可以通过合成获得这个物品。装备后，它可以增强属性，使你的作物不易枯萎。
-------
这顶时尚的帽子由柔软舒适的棉质制成，为佩戴者带来好运。鲜艳的颜色和精美的设计使它成为任何服装的时尚配饰。戴上这顶帽子，你会感到自信，并准备好迎接任何冒险。
",0,item-icon-99,99,農業帽子 幸運棉花帽子,"1,2",1,2,1
1,"你可以通过合成获得这个物品。装备后，它可以增强属性，使你的作物不易枯萎。
-------
这顶坚固的安全帽为佩戴者带来好运，提供额外的保护，并增加找到宝贵宝藏的机会。鲜艳的颜色和耐用的材质使它成为冒险玩家的最爱。
",0,item-icon-100,100,農業帽子 幸運堅硬帽子,"1,2,3",1,3,1
1,"你可以通过合成获得这个物品。装备后，它可以增强属性，使你的作物不易枯萎。
-------
这款时尚夹克是户外冒险的理想选择，提供保暖和防护功能。坚固的材料和实用的设计使它成为任何冒险者必备的装备。穿上它，保持舒适和时尚。
",0,item-icon-101,101,農業上衣,1,1,1,1
1,"你可以通过合成获得这个物品。装备后，它可以增强属性，使你的作物不易枯萎。
-------
这款耐用的夹克专为农民设计，提供防护功能，抵御恶劣天气和崎岖地形。坚固的缝线和耐用的面料使它成为户外工作的理想选择。穿上这件可靠的服装，保持舒适并专注于工作任务。
",0,item-icon-102,102,農業上衣,"1,2",1,2,1
1,"你可以通过合成获得这个物品。装备后，它可以增强属性，使你的作物不易枯萎。
-------
这款夹克专为从事农业工作的人设计，具有防护、透气和耐用的特点，使你在田间工作更加舒适和安全。
",0,item-icon-103,103,農業上衣,"1,2,3",1,3,1
1,"你可以通过合成获得这个物品。装备后，它可以增强属性，使你的作物不易枯萎。
-------
这条裤子专为农民设计，为在田间工作的长时间提供舒适和耐用性。采用优质材料制成，能很好地防护污垢和污渍。凭借其实用的设计和可调节的合身度，这条裤子是任何专注的农民必备的装备。
",0,item-icon-104,104,農業褲子,1,1,1,1
1,"你可以通过合成获得这个物品。装备后，它可以增强属性，使你的作物不易枯萎。
-------
这款农业裤子专为农业工作而设计，具有防水和耐磨的特点，使你在田间工作更加舒适和安全。
",0,item-icon-105,105,農業褲子,"1,2",1,2,1
1,"你可以通过合成获得这个物品。装备后，它可以增强属性，使你的作物不易枯萎。
-------
这条裤子专为农业工作者设计，采用高品质材料制成，舒适耐用。它具有防水、防污和防刺的功能，有效保护工作者的身体和衣物。此外，它还有多个口袋和精细的设计，方便携带工具，提高工作效率。
",0,item-icon-106,106,農業褲子,"1,2,3",1,3,1
1,"你可以通过合成获得这个物品。装备后，它可以增强属性，使你的作物不易枯萎。
-------
这副手套适用于田间工作，可以保护手部免受荆棘、污垢和其他尖锐物体的伤害。它还具有防滑功能，在湿润的土壤上更加稳定。
",0,item-icon-107,107,農業手套,1,1,1,1
1,"你可以通过合成获得这个物品。装备后，它可以增强属性，使你的作物不易枯萎。
-------
这副手套专为农业工作而设计，提供出色的抓握力和防护功能，可防止荆棘和粗糙表面的伤害。它采用耐用材料制成，可以经受长时间的田间工作。有了这些手套，你可以轻松应对任何农业工作。
",0,item-icon-108,108,農業手套,"1,2",1,2,1
1,"你可以通过合成获得这个物品。装备后，它可以增强属性，使你的作物不易枯萎。
-------
这副手套专为农业工作而设计，提供舒适的握持和保护，帮助农民完成各种农业活动。
",0,item-icon-109,109,農業手套,"1,2,3",1,3,1
1,"你可以通过合成获得这个物品。装备后，它可以增强属性，增加收集高级资源的掉落概率。
-------
这双采集鞋专为采集而设计。穿上它们，你在森林中行走更加敏捷，轻松收集所需资源。
",0,item-icon-113,113,採集鞋子,1,1,1,1
1,"你可以通过合成获得这个物品。装备后，它可以增强属性，增加收集高级资源的掉落概率。
-------
这双采集鞋专为采集而设计。它可以帮助你更快、更高效地收集资源，使你的采集之旅更加顺利。
",0,item-icon-114,114,採集鞋子,"1,2",1,2,1
1,"你可以通过合成获得这个物品。装备后，它可以增强属性，增加收集高级资源的掉落概率。
-------
这双鞋子专为热衷于采集的人设计，提供增强的敏捷性和舒适性，让玩家轻松穿越各种地形，轻松收集资源。鞋子还具有专门的抓地力，确保稳定性，即使在恶劣环境中也能防止滑倒。
",0,item-icon-115,115,採集鞋子,"1,2,3",1,3,1
1,"你可以通过合成获得这个物品。
使用它可以触发特殊效果。
-------
使用这种肥料可以促进作物的生长，确保丰收。增强您的农业效率，观察您的植物茁壮成长，享受这种强大的肥料带来的好处。
",98,item-icon-128,128,加速肥料,1,3,0,1
1,"你可以通过合成获得这个物品。
使用它可以触发特殊效果。
-------
增产肥料是专为LV0及以上的农业生产而设计的消耗品。它可以为作物提供充足的营养，促进其生长发育，提高产量和品质。
",98,item-icon-129,129,增產肥料,1,3,0,1
1,"你可以通过合成获得这个物品。
使用它可以触发特殊效果。
-------
这种富含营养的配方深层滋养植物，促进健康生长和鲜艳的花朵。它增强土壤保水能力，确保植物长时间保持水分。用这种必备肥料提升您花园的活力。
",98,item-icon-130,130,濕潤肥料,1,3,0,1
1,"你可以通过合成获得这个物品。使用它可以触发特殊效果。
-------
这种药水可以在战斗中使用，提供轻微的治疗效果。
",0,item-icon-134,134,次治療藥水,1,3,1,1
1,"你可以通过合成获得这个物品。使用它可以触发特殊效果。
-------
这种药水可以增强你的攻击力。
",0,item-icon-135,135,次攻擊藥水,1,3,1,1
1,"你可以通过合成获得这个物品。使用它可以触发特殊效果。
-------
这种药水增强你的敏捷性，使你能够迅速移动和轻松闪避攻击。它给予你短暂的速度提升，在战场上成为一股强大的力量。策略性地使用它来超越对手，在战斗中占据上风。
",0,item-icon-136,136,次移速藥水,1,3,1,1
1,"你可以通过合成获得这个物品。使用它可以触发特殊效果。
-------
这种药水增加你的暴击几率，使你能够对敌人造成毁灭性的打击。对于任何希望最大化伤害输出的玩家来说，这是必备之物。明智地使用它，看着你的敌人在你面前崩溃。
",0,item-icon-137,137,次暴擊藥水,1,3,1,1
1,"你可以通过合成获得这个物品。使用它可以触发特殊效果。
-------
这种药水是游戏中的救命稻草，为你的角色提供急需的生命值提升。它可以立即恢复大量的生命值，让你可以毫不中断地继续冒险。它鲜艳的颜色和清爽的口感，是任何危急情况下的完美解药。
",0,item-icon-138,138,次生命藥水,1,3,1,1
1,"你可以通过合成获得这个物品。使用它可以触发特殊效果。
-------
这种药水可以提供临时的防御效果，适用于战斗中的紧急情况。
",0,item-icon-139,139,次防禦藥水,1,3,1,1
1,"收集相同等级的材料可能会获得额外的种子，杀死相同等级的怪物可能会获得这个物品。使用它可以触发特殊效果。
-------
这是一种种子，可以种植竹子，适用于农业领域。
",97,item-icon-146,146,竹子種子,1,3,1,1
1,"收集相同等级的材料可能会获得额外的种子，杀死相同等级的怪物可能会获得这个物品。使用它可以触发特殊效果。
-------
三叶草种子是农业用品，用于种植三叶草，适用于低等级的土地。它们可以在适宜的环境中快速生长，并产生丰富的营养价值。
",97,item-icon-147,147,三葉草種子,1,3,1,1
1,"收集相同等级的材料可能会获得额外的种子，杀死相同等级的怪物可能会获得这个物品。使用它可以触发特殊效果。
-------
这种胡萝卜种子可以种植出新鲜美味的胡萝卜。适用于家庭花园或小农场，可以在春季和秋季种植。从这些种子种植出来的胡萝卜味道鲜美，营养丰富。
",97,item-icon-148,148,胡蘿蔔種子,1,3,1,1
1,"收集相同等级的材料可能会获得额外的种子，杀死相同等级的怪物可能会获得这个物品。使用它可以触发特殊效果。
-------
豬籠草種子是一种农业用品，可以用来种植豬籠草。这种植物是一种食肉植物，可以从昆虫中吸收营养。种植后需要充足的阳光和水分才能顺利生长。
",97,item-icon-149,149,豬籠草種子,1,3,2,1
1,"收集相同等级的材料可能会获得额外的种子，杀死相同等级的怪物可能会获得这个物品。使用它可以触发特殊效果。
-------
这种棉花种子可以种植在田地中，收获棉花用于纺织品生产。
",97,item-icon-150,150,棉花種子,1,3,2,1
1,"收集相同等级的材料可能会获得额外的种子，杀死相同等级的怪物可能会获得这个物品。使用它可以触发特殊效果。
-------
这种种子具有坚韧耐用的外壳，非常适合保护和延长寿命。它的强大特性使其能够承受恶劣的环境条件，在任何环境中都能茁壮成长。这种种子是坚韧和力量的象征。
",97,item-icon-151,151,仙人掌種子,1,3,2,1
1,"收集相同等级的材料可能会获得额外的种子，杀死相同等级的怪物可能会获得这个物品。使用它可以触发特殊效果。
-------
这种种子承载着一个充满活力的蓝色蘑菇的希望，准备为你的花园带来一抹色彩。种植它，观察它生长成为一个迷人的真菌，让你的感官为之沉醉。
",97,item-icon-152,152,火爆辣椒種子,1,3,3,1
1,"这是一种强大的护身符，增强你的魔法能力，使你能够施展更精确、更强大的法术。它散发着神秘的能量氛围，让你在追求胜利的道路上更加强大。
",97,item-icon-153,153,堅硬果實種子,1,3,3,1
1,"这个独特的NFT护身符是一件强大的神器，增强你的能力，提升你在游戏中的运气。它散发着神秘的能量氛围，让你能够克服挑战，取得伟大的成就。装备它，释放潜力，踏上非凡的旅程。
",97,item-icon-154,154,藍幻菇種子,1,3,3,1
1,"你可以通过合成获得这个物品。
使用它可以触发特殊效果。
-------
这种强效肥料可以增强植物生长，提高产量，让作物在短时间内茁壮成长。它提供必需的营养物质，促进根系发育，从而获得更健康、更丰富的收成。使用这种先进的肥料，农民可以期待农业生产力的显著提升。
",98,item-icon-131,131,高加速肥料,1,3,0,1
1,"你可以通过合成获得这个物品。
使用它可以触发特殊效果。
-------
这种强效肥料显著提高作物产量，获得丰富的收成。它促进植物生长，最大限度地吸收营养，确保作物更健康、更强壮。有了这种先进肥料，农民可以期待农业生产力的显著提升。",98,item-icon-132,132,高增產肥料,1,3,0,1
1,"你可以通过合成获得这个物品。使用它可以触发特殊效果。
-------
这种肥料经过特殊配方，可以为植物提供深层次的水分和营养，使其生长更健康、更繁盛。其先进的配方确保土壤保持最佳的湿润度，促进根系强壮，叶片茂盛。用这种先进的保湿肥料给你的植物提供终极的水分补充。
",98,item-icon-133,133,高濕潤肥料,1,3,0,1
1,"你可以通过合成获得这个物品。使用它可以触发特殊效果。
-------
这种药水可以在战斗中使用，可以治愈你的伤口。
",0,item-icon-140,140,治療藥水,1,3,2,1
1,"你可以通过合成获得这个物品。使用它可以触发特殊效果。
-------
这种药水增强你的战斗能力，提升你的攻击力一段时间。对于任何想要对敌人造成毁灭性打击的冒险者来说，这是必备之物。明智地使用它，看着你的敌人在你面前颤抖。
",0,item-icon-141,141,攻擊藥水,1,3,2,1
1,"你可以通过合成获得这个物品。使用它可以触发特殊效果。
-------
这种药水增强你的速度，使你能够迅速移动和轻松闪避攻击。对于任何想在战斗中占据优势的冒险者来说，这是必备之物。
",0,item-icon-142,142,移速藥水,1,3,2,1
1,"你可以通过合成获得这个物品。使用它可以触发特殊效果。
-------
这种药水增强你的战斗能力，增加你对敌人造成毁灭性打击的几率。它提高了你的暴击率，使你在战斗中造成巨大的伤害。有了这种药水，胜利就在你的掌握之中。
",0,item-icon-143,143,暴擊藥水,1,3,2,1
1,"你可以通过合成获得这个物品。使用它可以触发特殊效果。
-------
这种药水可以恢复你的生命值。在战斗中使用效果更佳。
",0,item-icon-144,144,生命藥水,1,3,2,1
1,"你可以通过合成获得这个物品。使用它可以触发特殊效果。
-------
这种强力的药剂增强你的防御能力，提供临时的护盾，抵御敌人的攻击。这种药水增加你的护甲和韧性，使你能够经受住最艰难的战斗。明智地使用它，扭转战局，获得胜利。
",0,item-icon-145,145,防禦藥水,1,3,2,1
1,"有人曾在海边看到过这种材料。
它可以用来制作装备或物品。
-------
黏土是一种高可塑性的土壤，通常用于制作陶器、砖块和其他建筑材料。它通常呈灰褐色或红褐色，质地细腻，含有高浓度的有机物和矿物质。在采集黏土时，保持土壤湿润可以更好地塑造和加工。
",0,item-icon-61,61,黏土,1,4,1,1
1,"有人曾在海边看到过这种材料。
它可以用来制作装备或物品。
-------
这种树脂是一种高粘度的液体，可以用于制作胶粘剂、涂料、密封剂等。通常是从树木上采集而来，需要专用工具进行采集。
",0,item-icon-65,65,樹脂,1,4,1,1
1,"有人曾在峡谷中看到过这种材料。
它可以用来制作装备或物品。
-------
这是一种在荒野中生长的多年生草本植物，具有强大的抗旱能力。它的叶子厚实，富含水分和营养物质，是制作酒类和药物的重要原材料。
",0,item-icon-68,68,龍舌蘭,1,4,3,1
1,"有人曾在海边看到过这种材料。
它可以用来制作装备或物品。
-------
这种植物纤维是一种采集的原材料，通常从树木上获取。它可以用来制作各种不同的物品，如绳子、织物和纸张。
",0,item-icon-66,66,植物纖維,1,4,1,1
1,"有人曾在雪山上看到过这种材料。
它可以用来制作装备或物品。
-------
这些蘑菇生长在寒冷的极地地区，呈浅蓝色。它们口感美味，适合烹饪。
",0,item-icon-67,67,冰原菇,1,4,2,1
1,"有人曾在海边看到过这种材料。
它可以用来制作装备或物品。
-------
这种蜘蛛网是一级的，可以在森林中采集。它是一种原材料，可以用来制作各种物品。
",0,item-icon-69,69,蜘蛛網,1,4,1,1
1,"這張票券將讓你參加一個充滿刺激冒險和難忘經歷的獨家活動。準備好展開一段前所未有的旅程，創造一生難忘的回憶。
",0,item-icon-171,171,獎券#一,1,4,0,1
1,"這張票券將讓你參加一個充滿刺激冒險和難忘經歷的獨家活動。準備好展開一段前所未有的旅程，創造一生難忘的回憶。
",0,item-icon-172,172,獎券#二,1,4,0,1
1,"這張票券將讓你參加一個充滿刺激冒險和難忘經歷的獨家活動。準備好展開一段前所未有的旅程，創造一生難忘的回憶。
",0,item-icon-173,173,獎券#三,1,4,0,1
1,"你可以通過繁殖獲得這種材料。它可以用來製作裝備或物品。

-------
這個枯萎的植物可能是由於缺水或營養不足引起的。它可以用來製作肥料或藥草，也可以用作動物飼料。
",0,item-icon-174,174,枯萎的植物,1,4,0,1
1,"你可以通過繁殖獲得這種材料。它可以用來製作裝備或物品。

-------
這種物質是一種有機物質，作為肥料在農業生產中起著作用。它是通過動物糞便的發酵和腐爛獲得的，含有豐富的氮、磷、鉀等營養物質。
",0,item-icon-176,176,糞便,1,4,0,1
1,"你可以通過繁殖獲得這種材料。它可以用來製作裝備或物品。

-------
這種嫩芽是從仙人掌中收穫的，顏色淡綠，質地柔軟。它是一種重要的農業原料，可以用來製作藥品、食品和美容產品等。
",0,item-icon-177,177,仙人掌嫩芽,1,4,1,1
1,"你可以通過繁殖獲得這種材料。它可以用來製作裝備或物品。

-------
這個螺絲是從怪物飼養中獲得的，可以用作農業的原材料。
",0,item-icon-178,178,螺絲,1,4,1,1
1,"你可以通過繁殖獲得這種材料。它可以用來製作裝備或物品。

-------
南瓜嫩芽是從怪物繁殖中產生的農業原料，外觀嫩綠，富含營養。它們可以用來製作各種食物和藥品。
",0,item-icon-179,179,南瓜嫩芽,1,4,1,1
1,"你可以通過繁殖獲得這種材料。它可以用來製作裝備或物品。

-------
藍色晶石是一種稀有的農業原料，來自怪物養殖。它可以幫助農民提高作物的生長速度和產量，是農業生產中不可或缺的一部分。
",0,item-icon-180,180,藍色晶石,1,4,2,1
1,"你可以通過繁殖獲得這種材料。它可以用來製作裝備或物品。

-------
這種草型怪物，闊葉，是農業生產中的畜牧產出，提供豐富的原材料。
",0,item-icon-181,181,草妖怪闊葉,1,4,2,1
1,"你可以通過繁殖獲得這種材料。它可以用來製作裝備或物品。

-------
這是從怪物農場生產的蜂蜜，可以用作農業原料。
",0,item-icon-182,182,蜂蜜,1,4,2,1
1,"你可以通過繁殖獲得這種材料。它可以用來製作裝備或物品。

-------
這個物品是從怪物牧場生產的，是農業中使用的原材料，是一個3級的黑暗羽毛。
",0,item-icon-183,183,暗黑羽毛,1,4,3,1
1,"你可以通過繁殖獲得這種材料。它可以用來製作裝備或物品。

-------
這種凝固的岩漿是由怪物繁殖產生的，可以用於農業原料的生產。它具有高黏度和高溫度抗性，適用於極端條件下的使用。
",0,item-icon-184,184,凝固的岩漿,1,4,3,1
1,"你可以通過繁殖獲得這種材料。它可以用來製作裝備或物品。

-------
這個冰之結晶是從怪物飼養中獲得的，是農業中使用的材料。它有三個品質等級，可以用來製作各種冰製品。
",0,item-icon-185,185,冰之結晶,1,4,3,1
1,"你可以通過合成獲得這個物品。裝備後，可以增強屬性。解鎖更高級的農業產品。
",0,item-icon-95,95,刷子,1,1,0,1
1,"你可以通過合成獲得這個物品。裝備後，可以增強屬性。解鎖更高級的農業產品。
",0,item-icon-96,96,剪毛器,1,1,0,1
1,"你可以通過合成獲得這個物品。裝備後，可以增強屬性。解鎖更高級的農業產品。
",0,item-icon-97,97,擠奶器,1,1,0,1
1,"你可以通過繁殖獲得這種材料。它可以用來製作裝備或物品。

-------
這個作物似乎已經腐爛，不再適合食用。可能是由於過度澆水或害蟲侵害引起的。這些作物可以用作肥料，或者可以埋葬處理。
",0,item-icon-175,175,腐爛的作物,1,4,0,1
1,"你可以通過合成獲得這個物品。裝備後，可以增強屬性。增加收集更高級資源的機率。
",0,item-icon-116,116,採集帽子,1,1,1,1
1,"這個帽子非常適合任何冒險者，提供額外的保護，同時不失時尚感。寬邊和可調節的帶子確保舒適的配戴，使其成為任何戶外活動的必備配件。這頂帽子採用耐用材料製成，設計用於抵禦最嚴苛的條件。輕巧的結構和透氣的面料使您在長時間的探險中保持涼爽和保護。憑藉其實用的設計和時尚的外觀，Gathering Hat是任何經驗豐富的冒險者的必備物品。
",0,item-icon-126,126,採集手套,"1,2",1,2,1
1,"你可以通過合成獲得這個物品。裝備後，可以增強屬性。增加收集更高級資源的機率。
",0,item-icon-125,125,採集手套,1,1,1,1
1,"這些手套專為熱衷於收集的人設計，可以輕鬆收集各種資源，而不弄髒雙手。舒適的配戴和耐用的材料，提供可靠的握持力，並保護免受尖銳邊緣的傷害。無論是採摘草藥還是挖礦，這些手套都是任何專注於收集的人必備的物品。
",0,item-icon-122,122,採集褲子,1,1,1,1
1,"你可以通過合成獲得這個物品。裝備後，可以增強屬性。增加收集更高級資源的機率。
",0,item-icon-124,124,採集褲子,"1,2,3",1,3,1
1,"這些褲子專為熱衷於冒險的人設計，提供舒適和靈活性，適合長途旅行。加固的縫線和耐用的面料，非常適合在荒野中收集資源。保持靈活和專注，成為任何專注的探險者的必備褲子。
",0,item-icon-123,123,採集褲子,"1,2",1,2,1
1,"你可以通過合成獲得這個物品。裝備後，可以增強屬性。增加收集更高級資源的機率。
",0,item-icon-127,127,採集手套,"1,2,3",1,3,1
1,"這些褲子專為熱衷於冒險的人設計，提供舒適和靈活性，適合長途旅行。採用耐用材料製成，提供出色的防護效果，同時不影響行動能力。對於那些希望在探索遊戲的廣闊風景中高效收集資源的人來說，它是完美的選擇。
",0,item-icon-121,121,採集上衣,"1,2,3",1,3,1
1,"你可以通過合成獲得這個物品。裝備後，可以增強屬性。增加收集更高級資源的機率。
",0,item-icon-120,120,採集上衣,"1,2",1,2,1
1,"這件外套是為冒險者設計的實用外套，提供出色的防護效果。耐用的面料和加固的縫線使其非常適合長途旅行和戶外活動。擁有多個口袋和可調節的帶子，為任何戶外愛好者提供便利和功能性。
",0,item-icon-119,119,採集上衣,1,1,1,1
1,"你可以通過合成獲得這個物品。裝備後，可以增強屬性。增加收集更高級資源的機率。
",0,item-icon-118,118,採集帽子,"1,2,3",1,3,1
1,"這件外套是為冒險者設計的實用外套，提供出色的防護效果。耐用的面料和加固的縫線使其非常適合長途旅行和戶外探險。擁有多個口袋和可調節的帶子，提供便利和功能性，適合任何戶外愛好者。
",0,item-icon-117,117,採集帽子,"1,2",1,2,1
1,"你可以通過合成獲得這個物品。裝備後，可以增強屬性。增加收集更高級資源的機率。
",0,item-icon-112,112,農業鞋子,"1,2,3",1,3,1
1,"這些手套專為熱衷於收集的人設計，提供增強的靈巧性和握持力。它們由耐用材料製成，可以保護手部免受荊棘和尖銳物體的傷害，讓您輕鬆高效地收集資源。有了這些手套，您再也不用擔心起水泡或割傷了。
",0,item-icon-111,111,農業鞋子,"1,2",1,2,1
1,"你可以通過合成獲得這個物品。裝備後，可以增強屬性。增加收集更高級資源的機率。
",0,item-icon-110,110,農業鞋子,1,1,1,1
1,"你可以通過合成獲得這個物品。
使用它可以觸發特殊效果。
-------
寵物飼料是一種適合0級寵物的消耗品，可以增加寵物的飽食度和成長值。它由天然植物和營養物質製成，口感清爽，易於消化和吸收。每包寵物飼料重量輕，方便攜帶，是寵物主人必備的物品。
",27,item-icon-28,28,小飼料,1,3,0,1
1,"你可以通過合成獲得這個物品。
使用它可以觸發特殊效果。
-------
動物飼料是一種提供動物所需營養的消耗品，適用於各種家畜和寵物，可以增加它們的生產力和壽命。
",27,item-icon-29,29,大飼料,1,3,0,1
0,"農業經驗值是遊戲中通過種植作物和飼養動物等農業活動獲得的經驗值。它是提高農業技能和等級的關鍵因素，也是解鎖更高級農業工具和設備的必要條件。
",0,item-icon-188,188,Farming EXP,1,4,0,0
0,"戰鬥經驗值是指在戰鬥中獲得的經驗值。它可以幫助玩家升級和提高技能，增強角色的能力。在許多遊戲中，戰鬥經驗值是玩家提升實力的重要途徑之一。
",0,item-icon-189,189,Combat EXP,1,4,0,0
0,"採集經驗值是遊戲中的一個重要資源，對提高資源收集效率和角色能力起著至關重要的作用。玩家通過伐木和挖礦等活動累積經驗值，提高採集技能等級。技能等級決定了採集速度、稀有資源獲得概率以及解鎖更高級技能。隨著遊戲的進展，角色的需求變得更加複雜，高採集技能對於支援至關重要。此外，提升的採集經驗值還有助於增強攻擊能力。玩家應該不斷學習技能，提高採集經驗值，勇敢面對挑戰，脫穎而出。
",0,item-icon-190,190,Gathering EXP,1,4,0,0
1,"你可以通過合成獲得這個物品。使用它可以觸發特殊效果。
",0,item-icon-191,191,晶化治療藥水,1,3,3,1
1,"你可以通過合成獲得這個物品。使用它可以觸發特殊效果。
",0,item-icon-192,192,晶化攻擊藥水,1,3,3,1
1,"你可以通過合成獲得這個物品。使用它可以觸發特殊效果。
",0,item-icon-194,194,晶化移速藥水,1,3,3,1
1,"你可以通過合成獲得這個物品。使用它可以觸發特殊效果。
",0,item-icon-195,195,晶化暴擊藥水,1,3,3,1
1,"這種藥水可以在戰鬥中治療你的傷口，恢復你的戰鬥能力。
",0,item-icon-196,196,晶化生命藥水,1,3,3,1
1,"你可以通過合成獲得這個物品。使用它可以觸發特殊效果。
",0,item-icon-197,197,晶化防禦藥水,1,3,3,1
1,"你可以通過合成獲得這個物品。它可以用來製作裝備或物品。
",0,item-icon-207,207,Lv 1 採集精華,1,4,1,1
1,"你可以通過合成獲得這個物品。它可以用來製作裝備或物品。

-------
這種精華是從樹木中收集的，可以用來製造各種原材料和合成物質。
",0,item-icon-208,208,Lv 2 採集精華,1,4,2,1
1,"你可以通过合成获得这个物品。
它可以用来制作装备或物品。
-------
这个物品是用于收集合成原材料的精华，需要等级3才能使用。它可以通过从树木上采集获得，是非常重要的资源。
",0,item-icon-209,209,Lv 3 採集精華,1,4,3,1
1,"你可以通过合成获得这个物品。
它可以用来制作装备或物品。
-------
这个农业种植精华是由优质农业原材料精心合成而成，适用于一级农业种植。它可以提高作物的生长速度和产量，增加作物的品质和口感。使用它可以使你的作物更健康繁茂，使你的农业生产更高效稳定。
",0,item-icon-210,210,Lv 1 種植精華,1,4,1,1
1,"你可以通过合成获得这个物品。
它可以用来制作装备或物品。
-------
这是一种专为农业种植设计的精华，可以提高作物的生长速度和产量，帮助提高农业生产效率。它由多种农业原材料合成而成，是农业生产中不可或缺的重要物品。
",0,item-icon-211,211,Lv 2 種植精華,1,4,2,1
1,"你可以通过合成获得这个物品。
它可以用来制作装备或物品。
-------
这个农业种植精华是各种珍贵植物精华的混合物，对促进作物生长和增加产量具有神奇的效果。它是农业领域不可或缺的原材料之一，适用于各种类型的作物。
",0,item-icon-212,212,Lv 3 種植精華,1,4,3,1
1,"你可以通过合成获得这个物品。
它可以用来制作装备或物品。
-------
这个农牧精华是由各种天然植物和动物精华混合而成，可以提高农牧业的生产效率和产量。它富含营养成分和生物活性物质，可以促进作物和牲畜的健康生长。
",0,item-icon-213,213,Lv 1 畜牧精華,1,4,1,1
1,"你可以通过合成获得这个物品。
它可以用来制作装备或物品。
-------
这是从农牧业中提取的精华，可以用来合成其他农业原材料。
",0,item-icon-214,214,Lv 2 畜牧精華,1,4,2,1
1,"你可以通过合成获得这个物品。
它可以用来制作装备或物品。
-------
这个精华是从优质农牧产品中提取的，具有极高的营养和药用价值。它可以用来制作各种与农牧业相关的药品和调味品。
",0,item-icon-215,215,Lv 3 畜牧精華,1,4,3,1
1,"你可以通过合成获得这个物品。
当装备时，它可以增强属性。
-------
这个战斗精华是用于合成更高级装备的原材料，具有强大的战斗能力，适用于一级战斗。
",0,item-icon-216,216,Lv 1 戰士精華,1,4,1,1
1,"你可以通过合成获得这个物品。
当装备时，它可以增强属性。
-------
这是一种用于合成二级装备的战斗精华，可以增强装备的战斗属性。它由战斗中获得的原材料合成而成，是战斗中不可或缺的物品。
",0,item-icon-217,217,Lv 2 戰士精華,1,4,2,1
1,"你可以通过合成获得这个物品。
当装备时，它可以增强属性。
-------
这是一种用于合成战斗装备的原材料，具有很高的战斗能力，可以提升装备的等级和属性。
",0,item-icon-218,218,Lv 3 戰士精華,1,4,3,1
1,"你可以通过合成获得这个物品。
使用它可以触发特殊效果。
-------
这种肥料可以促进作物的生长速度，适用于中级作物。
",98,item-icon-219,219,中加速肥料,1,3,0,1
1,"你可以通过合成获得这个物品。
使用它可以触发特殊效果。
-------
这些肥料经过特殊配方，可以提高作物的产量，带来丰收的收成。它们提供必要的营养物质，促进植物的健康生长，确保农民的最佳生产力。用这些高质量的肥料提高你的产量。
",98,item-icon-220,220,中增產肥料,1,3,0,1
1,"你可以通过合成获得这个物品。
使用它可以触发特殊效果。
-------
这种肥料可以为植物提供增强的保湿效果，确保它们保持水分和健康。它促进了植物的最佳生长和滋养，无需频繁浇水。用这种先进的保湿肥料给你的植物最好的护理。
",98,item-icon-221,221,中濕潤肥料,1,3,0,1
1,"你可以通过合成获得这个物品。
当装备时，它可以增强属性。提高你的战斗攻击力
-------
这个强大的工具是由坚固的石头制成的，非常耐用，非常适合打破坚硬的障碍物。它沉重的头部带来令人满意的冲击感，深受冒险者和建筑师的喜爱。
",0,item-icon-222,222,錘0 石錘,1,1,0,1
1,"你可以通过合成获得这个物品。
当装备时，它可以增强属性。提高你的战斗攻击力
-------
这是一个精确制作的坚固木弓，非常适合远程攻击。它的表面光滑，雕刻精细的设计确保舒适的握持和准确的射击。
",0,item-icon-223,223,弓箭0 木弓,1,1,0,1
1,"你可以通过合成获得这个物品。
当装备时，它可以增强属性。提高你的采集效率
-------
石镰是由坚硬的石头制成的镰刀。它的刀刃锋利，可以轻松切割各种植物。石镰的手柄经过精心设计，提供舒适的握持和稳定灵活的使用。它的石质材料使其耐用且抗锈，适合户外使用。无论是修剪草坪还是收割庄稼，石镰都是一种实用的工具。
",0,item-icon-225,225,石頭鐮刀,1,1,0,1
1,"你可以通过合成获得这个物品。
当装备时，它可以增强属性。提高你的采集效率
-------
铜镰是由纯铜制成的农具，刀刃呈弧形，手柄坚固。它的刀刃锋利耐用，适合割断作物和草坪。铜质材料使镰刀更加坚固，抗锈性更强。它的设计精美，握持舒适，使用方便。铜镰是农民的必备劳动工具之一，帮助他们完成田间的收获。无论是在田野还是农场，铜镰都展现出其实用性和耐用性。
",0,item-icon-226,226,銅質鐮刀,1,1,1,1
1,"你可以通过合成获得这个物品。
当装备时，它可以增强属性。提高你的采集效率
-------
铁镰是由优质铁制成的坚固耐用的工具。它的刀刃锋利，适合割草、收割庄稼等农业工作。镰刀的弯曲设计使用户能够轻松割断作物，提高工作效率。它的手柄经过精心设计，握持舒适，使用稳定。无论是农业工作还是园艺修剪，铁镰都是不可或缺的工具。
",0,item-icon-227,227,鐵質鐮刀,1,1,2,1
1,"你可以通过合成获得这个物品。
当装备时，它可以增强属性。提高你的采集效率
-------
水晶镰刀是一把闪耀着晶莹光彩的武器，刀刃由纯水晶制成，透明如水，散发着神秘的魔力。镰刀的刀刃极其锋利，能够轻松切割任何障碍物。它的手柄装饰着精美的银色图案，散发出一种贵族和神秘的气息。握持水晶镰刀，感觉就像能够操控自然的力量，释放无尽的能量，在战斗中成为无敌存在。无论是战士还是法师，都渴望拥有这把独特的武器，展示他们巨大的力量。
",0,item-icon-228,228,水晶鐮刀,1,1,3,1
1,"你可以通过合成获得这个物品。
当装备时，它可以增强属性。提高你的采集效率
-------
黄金镰刀，闪耀着金色的光芒，极其锋利，镰刀的刀刃镶嵌着珍贵的黄金，散发着奢华的气息。镰刀的刀刃呈弧形，非常适合收割庄稼。一挥之间，带来丰收，犹如黄金一般。手柄经过精心雕刻，华丽而舒适，握持在手中感觉就像拥有无限的力量。无论作为装饰品还是实用工具，黄金镰刀都是独特而奢华的选择。
",0,item-icon-229,229,黃金鐮刀,1,1,4,1
1,"你可以通过合成获得这个物品。
当装备时，它可以增强属性。提高你的采集效率
-------
钻石镰刀是一把精致华丽的武器，刀刃由纯钻石制成，闪烁着迷人的光芒。镰刀的刀刃极其锋利，能够轻松切割任何障碍物。它的手柄设计精巧，握持舒适，使战斗中更加灵活和轻松。钻石镰刀不仅具有强大的攻击力，还具有独特的魔法属性，能释放致命的能量波，让敌人无处可逃。无论是在战斗还是展示中，钻石镰刀都是引人注目的珍宝。
",0,item-icon-230,230,鑽石鐮刀,1,1,5,1
1,"你可以通过合成获得这个物品。
当装备时，它可以增强属性。提高你的采集效率
-------
星辰镰刀，一把闪耀着星光的镰刀，刀刃上镶嵌着无数明亮的星星，散发着神秘的光芒。它的刀刃极其锋利，能够轻松切割任何障碍物。镰刀的手柄雕刻着精美的星座图案，给人一种神圣和庄严的感觉。挥舞着星辰镰刀，感觉就像驾驭星星的力量，让人感受到无尽的力量和荣耀。无论是在战斗还是仪式中，都是一个绝佳的选择。
",0,item-icon-231,231,星輝鐮刀,1,1,6,1
1,"你可以通过合成获得这个物品。
使用它可以触发特殊效果。
-------
一颗炸弹
",347,item-icon-232,232,爆炸藥瓶,1,3,0,1
1,"你可以通过合成获得这个物品。
使用它可以触发特殊效果。
-------
眩晕药水
",348,item-icon-233,233,眩暈藥瓶,1,3,0,1
1,"你可以通过合成获得这个物品。
使用它可以触发特殊效果。
-------
粘稠药水
",351,item-icon-234,234,減速藥瓶,1,3,0,1
1,"你可以通过合成获得这个物品。
使用它可以触发特殊效果。
-------
燃烧药水
",352,item-icon-235,235,燃燒藥瓶,1,3,0,1
1,"你可以通过合成获得这个物品。
使用它可以触发特殊效果。
-------
闪电药水
",356,item-icon-236,236,飛雷神藥瓶,1,3,0,1
1,"你可以通过合成获得这个物品。
使用它可以触发特殊效果。
-------
连击药水
",357,item-icon-237,237,閃避藥瓶,1,3,0,1
1,"你可以通过合成获得这个物品。
使用它可以触发特殊效果。
-------
净化药水
",358,item-icon-238,238,淨化藥瓶,1,3,0,1
1,"合成装备时有机会获得。
时尚外观，没有属性。
-------
建议作为时尚装备穿戴。
",0,item-icon-241,241,棒球职业发型,5,1,1,1
1,"合成装备时有机会获得。
时尚外观，没有属性。
-------
建议作为时尚装备穿戴。
",0,item-icon-242,242,棒球职业上衣,5,1,1,1
1,"合成装备时有机会获得。
时尚外观，没有属性。
-------
建议作为时尚装备穿戴。
",0,item-icon-243,243,棒球职业手套,5,1,1,1
1,"合成装备时有机会获得。
时尚外观，没有属性。
-------
建议作为时尚装备穿戴。
",0,item-icon-244,244,棒球职业裤子,5,1,1,1
1,"合成装备时有机会获得。
时尚外观，没有属性。
-------
建议作为时尚装备穿戴。
",0,item-icon-245,245,棒球职业鞋子,5,1,1,1
1,"合成装备时有机会获得。
时尚外观，没有属性。
-------
建议作为时尚装备穿戴。
",0,item-icon-246,246,亚白发型,5,1,3,1
1,"合成装备时有机会获得。
时尚外观，没有属性。
-------
建议作为时尚装备穿戴。
",0,item-icon-247,247,亚白上衣,5,1,3,1
1,"合成装备时有机会获得。
时尚外观，没有属性。
-------
建议作为时尚装备穿戴。
",0,item-icon-248,248,亚白手套,5,1,3,1
1,"合成装备时有机会获得。
时尚外观，没有属性。
-------
建议作为时尚装备穿戴。
",0,item-icon-249,249,亚白裤子,5,1,3,1
1,"合成装备时有机会获得。
时尚外观，没有属性。
-------
建议作为时尚装备穿戴。
",0,item-icon-250,250,亚白鞋子,5,1,3,1
1,"合成装备时有机会获得。
时尚外观，没有属性。
-------
建议作为时尚装备穿戴。
",0,item-icon-251,251,地狱男爵发型,5,1,3,1
1,"合成装备时有机会获得。
时尚外观，没有属性。
-------
建议作为时尚装备穿戴。
",0,item-icon-252,252,地狱男爵上衣,5,1,3,1
1,"合成装备时有机会获得。
时尚外观，没有属性。
-------
建议作为时尚装备穿戴。
",0,item-icon-253,253,地狱男爵手套,5,1,3,1
1,"合成装备时有机会获得。
时尚外观，没有属性。
-------
建议作为时尚装备穿戴。
",0,item-icon-254,254,地狱男爵裤子,5,1,3,1
1,"合成装备时有机会获得。
时尚外观，没有属性。
-------
建议作为时尚装备穿戴。
",0,item-icon-255,255,地狱男爵鞋子,5,1,3,1
1,"合成装备时有机会获得。
时尚外观，没有属性。
-------
建议作为时尚装备穿戴。
",0,item-icon-257,257,时尚小伙发型,5,1,0,1
1,"合成装备时有机会获得。
时尚外观，没有属性。
-------
建议作为时尚装备穿戴。
",0,item-icon-258,258,时尚小伙上衣,5,1,0,1
1,"合成装备时有机会获得。
时尚外观，没有属性。
-------
建议作为时尚装备穿戴。
",0,item-icon-259,259,时尚小伙手套,5,1,0,1
1,"合成装备时有机会获得。
时尚外观，没有属性。
-------
建议作为时尚装备穿戴。
",0,item-icon-260,260,时尚小伙裤子,5,1,0,1
1,"合成装备时有机会获得。
时尚外观，没有属性。
-------
建议作为时尚装备穿戴。
",0,item-icon-261,261,时尚小伙鞋子,5,1,0,1
1,"合成装备时有机会获得。
时尚外观，没有属性。
-------
建议作为时尚装备穿戴。
",0,item-icon-262,262,速度狂发型,5,1,1,1
1,"合成装备时有机会获得。
时尚外观，没有属性。
-------
建议作为时尚装备穿戴。
",0,item-icon-263,263,速度狂上衣,5,1,1,1
1,"合成装备时有机会获得。
时尚外观，没有属性。
-------
建议作为时尚装备穿戴。
",0,item-icon-264,264,速度狂手套,5,1,1,1
1,"合成装备时有机会获得。
时尚外观，没有属性。
-------
建议作为时尚装备穿戴。
",0,item-icon-265,265,速度狂裤子,5,1,1,1
1,"合成装备时有机会获得。
时尚外观，没有属性。
-------
建议作为时尚装备穿戴。
",0,item-icon-266,266,速度狂鞋子,5,1,1,1
1,"合成装备时有机会获得。
时尚外观，没有属性。
-------
建议作为时尚装备穿戴。
",0,item-icon-267,267,罗马士兵发型,5,1,2,1
1,"合成装备时有机会获得。
时尚外观，没有属性。
-------
建议作为时尚装备穿戴。
",0,item-icon-268,268,罗马士兵上衣,5,1,2,1
1,"合成装备时有机会获得。
时尚外观，没有属性。
-------
建议作为时尚装备穿戴。
",0,item-icon-269,269,罗马士兵手套,5,1,2,1
1,"合成装备时有机会获得。
时尚外观，没有属性。
-------
建议作为时尚装备穿戴。
",0,item-icon-270,270,罗马士兵裤子,5,1,2,1
1,"合成装备时有机会获得。
时尚外观，没有属性。
-------
建议作为时尚装备穿戴。
",0,item-icon-271,271,罗马士兵鞋子,5,1,2,1
1,"合成装备时有机会获得。
时尚外观，没有属性。
-------
建议作为时尚装备穿戴。
",0,item-icon-272,272,街头小子发型,5,1,2,1
1,"合成装备时有机会获得。
时尚外观，没有属性。
-------
建议作为时尚装备穿戴。
",0,item-icon-273,273,街头小子上衣,5,1,2,1
1,"合成装备时有机会获得。
时尚外观，没有属性。
-------
建议作为时尚装备穿戴。
",0,item-icon-274,274,街头小子手套,5,1,2,1
1,"合成装备时有机会获得。
时尚外观，没有属性。
-------
建议作为时尚装备穿戴。
",0,item-icon-275,275,街头小子裤子,5,1,2,1
1,"合成装备时有机会获得。
时尚外观，没有属性。
-------
建议作为时尚装备穿戴。
",0,item-icon-276,276,街头小子鞋子,5,1,2,1
1,"合成装备时有机会获得。
时尚外观，没有属性。
-------
建议作为时尚装备穿戴。
",0,item-icon-277,277,汪汪套装发型,5,1,5,1
1,"合成装备时有机会获得。
时尚外观，没有属性。
-------
建议作为时尚装备穿戴。
",0,item-icon-278,278,汪汪套装上衣,5,1,5,1
1,"合成装备时有机会获得。
时尚外观，没有属性。
-------
建议作为时尚装备穿戴。
",0,item-icon-279,279,汪汪套装手套,5,1,5,1
1,"合成装备时有机会获得。
时尚外观，没有属性。
-------
建议作为时尚装备穿戴。
",0,item-icon-280,280,汪汪套装裤子,5,1,5,1
1,"合成装备时有机会获得。
时尚外观，没有属性。
-------
建议作为时尚装备穿戴。
",0,item-icon-281,281,汪汪套装鞋子,5,1,5,1
1,"合成装备时有机会获得。
时尚外观，没有属性。
-------
建议作为时尚装备穿戴。
",0,item-icon-282,282,热情火焰发型,5,1,6,1
1,"合成装备时有机会获得。
时尚外观，没有属性。
-------
建议作为时尚装备穿戴。
",0,item-icon-283,283,热情火焰上衣,5,1,6,1
1,"合成装备时有机会获得。
时尚外观，没有属性。
-------
建议作为时尚装备穿戴。
",0,item-icon-284,284,热情火焰手套,5,1,6,1
1,"合成装备时有机会获得。
时尚外观，没有属性。
-------
建议作为时尚装备穿戴。
",0,item-icon-285,285,"熱情火焰褲子
",5,1,6,1
1,"合成装备时有机会获得。
时尚外观，没有属性。
-------
建议作为时尚装备穿戴。
",0,item-icon-286,286,"熱情火焰鞋子
",5,1,6,1
1,"你可以通过合成获得这个物品。
装备后，它可以增强属性。提升你的战斗攻击力。
-------
如果你担心被怪物追赶，这把弓对你来说非常完美，你可以从安全的距离杀死怪物。
",0,item-icon-287,287,铜弓,1,1,1,1
1,"你可以通过合成获得这个物品。
装备后，它可以增强属性。提升你的战斗攻击力。
-------
如果你担心被怪物追赶，这把弓对你来说非常完美，你可以从安全的距离杀死怪物。
",0,item-icon-288,288,金屬弓,"1,2",1,2,1
1,"你可以通过合成获得这个物品。
装备后，它可以增强属性。提升你的战斗攻击力。
-------
如果你担心被怪物追赶，这把弓对你来说非常完美，你可以从安全的距离杀死怪物。
",0,item-icon-289,289,水晶弓,"1,2,3",1,3,1
1,"通過合成可以獲得這個物品.
使用它可以觸發特殊效果
-------
恢復少量精力",0,item-icon-295,295,精力恢復藥水-小,1,3,1,1
1,"通過合成可以獲得這個物品.
使用它可以觸發特殊效果
-------
恢復些許精力",0,item-icon-296,296,精力恢復藥水-中,1,3,2,1
1,"通過合成可以獲得這個物品.
使用它可以觸發特殊效果
-------
恢復部分精力",0,item-icon-297,297,精力恢復藥水-大,1,3,3,1
1,"你可以通过合成获得这个物品。
装备后，它可以增强属性。解锁更高级的农业产品。
-------
一把闪耀着金光的锄头，异常锋利耐用。用于农耕，让你轻松驾驭大地的力量，培育出强壮的庄稼。它也是农民的骄傲，象征着他们的辛勤劳动和对丰收的希望。
",0,item-icon-299,299,黃金鋤頭,"1,2,3,4",1,4,1
1,"你可以通过合成获得这个物品。
装备后，它可以增强属性。提高你的采集效率。
-------
一把闪耀着金光的斧头，刀刃异常锋利，能够轻松砍倒最坚硬的树木。它的适中重量使其成为采集者首选的稳定而灵活的工具。
",0,item-icon-300,300,黃金斧頭,"1,2,3,4",1,4,1
1,"你可以通过合成获得这个物品。
装备后，它可以增强属性。提高你的采集效率。
-------
一把闪耀着光芒的工具，专为采集而设计。其坚固的材质和精致的设计使得挖掘矿石和宝藏变得更加容易。无论是深入地下还是在山区探索珍贵资源，黄金镐是你最可靠的伙伴。
",0,item-icon-301,301,黃金鎬子,"1,2,3,4",1,4,1
1,"你可以通过合成获得这个物品。
装备后，它可以增强属性。解锁更高级的农业产品。
-------
一把闪耀着金光的剪刀，刀刃异常锋利，能够轻松切割各种材料，无论是织物、纸张还是娇嫩的植物。它是每个农民和工匠必备的工具，用于修剪植物、裁剪织物或制作精美的手工艺品。无论是在田野还是工作室，黄金剪刀都是精湛工艺和高雅品味的象征。
",0,item-icon-302,302,黃金剪子,"1,2,3,4",1,4,1
1,"你可以通过合成获得这个物品。
装备后，它可以增强属性。提高你的采集效率。
-------
一把闪耀着金光的镰刀，刀刃异常锋利。它是农民最喜欢的工具之一，用于收割成熟的庄稼。阳光下闪烁的金色光芒为田野带来丰收和繁荣的喜悦。
",0,item-icon-303,303,黃金鐮刀,"1,2,3,4",1,4,1
1,"你可以通过合成获得这个物品。
装备后，它可以增强属性。解锁更高级的农业产品。
-------
一把完全由纯金制成的水壶，不仅外观闪耀夺目，而且具有魔法属性。当你使用黄金水壶时，它会迅速恢复你的生命和法力，让你在战斗中保持活力。无论是在激烈的战斗中还是繁忙的田野中，黄金水壶都是你最忠实的伴侣。
",0,item-icon-304,304,黃金水壺,"1,2,3,4",1,4,1
1,"你可以通过合成获得这个物品。
装备后，它可以增强属性。解锁更高级的农业产品。
-------
一把闪耀着宝石般光芒的锄头，异常锋利耐用。使用它进行农耕可以轻松耕种肥沃的农田，收获丰富的庄稼。
",0,item-icon-305,305,鑽石鋤頭,"1,2,3,4,5",1,5,1
1,"你可以通过合成获得这个物品。
装备后，它可以增强属性。提高你的采集效率。
-------
一把闪耀着宝石般光芒的斧头，刀刃异常锋利，能够轻松砍倒最坚硬的树木。它的锋利和耐用性使其成为采集者的首选工具，提高他们的资源采集效率。
",0,item-icon-306,306,鑽石斧頭,"1,2,3,4,5",1,5,1
1,"你可以通过合成获得这个物品。
装备后，它可以增强属性。提高你的采集效率。
-------
一把闪耀着宝石般光芒的工具，用于采集珍贵的矿石。其锋利的钻石头部轻松穿透坚硬的岩石，帮助你轻松地定位和收集宝贵的矿石资源。无论是在探险中还是在繁荣的城市中，钻石镐是每个矿工的必备工具，打开财富之门。
",0,item-icon-307,307,鑽石鎬子,"1,2,3,4,5",1,5,1
1,"你可以通过合成获得这个物品。
装备后，它可以增强属性。解锁更高级的农业产品。
-------
闪耀着宝石般光芒的剪刀，轻松剪断任何材料，无论是坚硬的金属还是厚实的织物，都能快速而准确地完成任务。在田野中，它是农民修剪庄稼和修剪树木的高效助手。在探索领域，它是勇敢的冒险者的必备工具，快速收集珍贵资源。无论是农民还是探险者，钻石剪刀都是他们最可靠的伙伴。
",0,item-icon-308,308,鑽石剪子,"1,2,3,4,5",1,5,1
1,"你可以通过合成获得这个物品。
装备后，它可以增强属性。提高你的采集效率。
-------
闪耀着宝石般光芒的镰刀，刀刃异常锋利，轻松收割田野中的庄稼。它的钻石镶嵌使每次收割都高效而迅速，让你成为田野中的收割大师。
",0,item-icon-309,309,鑽石鐮刀,"1,2,3,4,5",1,5,1
1,"你可以通过合成获得这个物品。
装备后，它可以增强属性。解锁更高级的农业产品。
-------
一把精美实用的物品，闪耀着宝石般的光芒。它迅速恢复你的生命和法力，让你在战斗中保持持久的活力。无论是在激烈的战斗中还是漫长的冒险旅程中，钻石水壶都是你最可靠的伴侣。
",0,item-icon-310,310,鑽石水壺,"1,2,3,4,5",1,5,1
1,"你可以通过合成获得这个物品。
装备后，它可以增强属性。解锁更高级的农业产品。
-------
一把闪耀着星光的锄头，其锋利轻松耕种土壤，为农田注入生机。
",0,item-icon-311,311,星輝鋤頭,"1,2,3,4,5",1,6,1
1,"你可以通过合成获得这个物品。
装备后，它可以增强属性。提高你的采集效率。
-------
一把闪耀着星光的斧头，散发着强大的战斗能量。其锋利的刀刃轻松劈开坚硬的木材，使你在战场上成为无敌的统治者。
",0,item-icon-312,312,星輝斧頭,"1,2,3,4,5",1,6,1
1,"你可以通过合成获得这个物品。
装备后，它可以增强属性。提高你的采集效率。
-------
一把闪耀着星光的镐子，其锋利的镰刀刀刃轻松挖掘宝贵的矿石和宝石。无论是深入山区还是勤奋地在洞穴中挖掘，星光镐是采集者最可靠的伙伴。它的外观使资源采集更加高效，为使用者和他们的团队带来丰厚的财富和荣耀。
",0,item-icon-313,313,星輝鎬子,"1,2,3,4,5",1,6,1
1,"你可以通过合成获得这个物品。
装备后，它可以增强属性。解锁更高级的农业产品。
-------
闪耀着星光的剪刀，用于精确修剪叶子和树枝，为植物注入活力。无论是修剪花园中的花朵还是整理田野中的庄稼，星光剪刀都是农民最有效的工具。
",0,item-icon-314,314,星輝剪子,"1,2,3,4,5",1,6,1
1,"你可以通过合成获得这个物品。
装备后，它可以增强属性。提高你的采集效率。
-------
闪耀着星光的刀刃，如夜空中的流星，散发着神秘而强大的能量。它是战士的首选武器，让你在战场上无敌。
",0,item-icon-315,315,星輝鐮刀,"1,2,3,4,5",1,6,1
1,"你可以通过合成获得这个物品。
装备后，它可以增强属性。解锁更高级的农业产品。
-------
一把精美的水壶，闪耀着星光般的光芒。它不仅外观华丽，而且具有神奇的属性。当你使用星光水壶时，它会迅速恢复你的生命和法力，让你在战斗中保持活力。无论是在激烈的战斗中还是漫长的冒险旅程中，星光水壶都是你最可靠的伴侣。
",0,item-icon-316,316,星輝水壺,"1,2,3,4,5",1,6,1
1,"你可以通过合成获得这个物品。
装备后，它可以增强属性。提高你的战斗攻击力。
-------
一把闪耀着光芒的黄金剑，刀刃异常锋利。它珍贵的材质赋予它强大的攻击力和耐久性，成为战士追求的象征。在战斗中，黄金剑轻松突破敌人的防御，将其击败。无论是面对单个对手还是参与大规模战斗，黄金剑都是战士最可靠的伴侣。
",0,item-icon-317,317,黃金劍,"1,2,3,4",1,4,1
1,"你可以通过合成获得这个物品。
装备后，它可以增强属性。提高你的战斗攻击力。
-------
一把闪耀着宝石般光芒的剑，其锋利的刀刃轻松穿透敌人的防御。这是战士的主要武器，使你在战场上成为无敌的统治者。
",0,item-icon-318,318,鑽石劍,"1,2,3,4,5",1,5,1
1,"你可以通过合成获得这个物品。
装备后，它可以增强属性。提高你的战斗攻击力。
-------
一把闪耀着星光的剑，其刀刃如流星般迅速。它的锋利轻松穿透敌人的防御，释放出无尽的力量。使用者可以感受到宇宙能量在身体中流动，成为战斗中不可忽视的力量。
",0,item-icon-319,319,星輝劍,"1,2,3,4,5",1,6,1
1,"你可以通过合成获得这个物品。
装备后，它可以增强属性。增加采集更高级资源的掉落概率。
-------
一种由纯金制成的稀有采集工具。凭借其细齿设计，它轻松采集各种珍贵资源，如草药、宝石和矿石。使用黄金采集工具，你将能够以极高的效率采集，获得更多有价值的资源。
",0,item-icon-320,320,黃金採集頭髮,"1,2,3,4",1,4,1
1,"你可以通过合成获得这个物品。
装备后，它可以增强属性。增加采集更高级资源的掉落概率。
-------
这件上衣专为采集者设计，由精选的黄金丝织成。轻盈舒适，提供出色的保护和灵活性，使采集者在艰难的采集活动中自由移动。它的金色外观散发着奢华和独特的魅力，使穿戴者在冒险中成为众人瞩目的焦点。
",0,item-icon-321,321,黃金採集上衣,"1,2,3,4",1,4,1
1,"你可以通过合成获得这个物品。
装备后，它可以增强属性。增加采集更高级资源的掉落概率。
-------
这副手套专为采集者设计，由精细的黄金丝编织而成。它不仅提供出色的保护，还赋予采集者卓越的敏捷性和灵活性。戴上黄金采集手套，你的手指就像跳舞的精灵，轻松采集各种珍贵资源，成为无敌的采集之王。
",0,item-icon-322,322,黃金採集手套,"1,2,3,4",1,4,1
1,"你可以通过合成获得这个物品。
装备后，它可以增强属性。增加采集更高级资源的掉落概率。
-------
这条裤子专为采集者量身定制，由高品质的黄金丝制成。它具有出色的耐用性和舒适性，使采集者在艰苦的工作中保持轻松愉快的状态。配备多个实用的口袋和工具固定装置，黄金采集裤子便于携带和使用各种采集工具。无论是采集珍贵的矿石、稀有的草药还是其他有价值的资源，这条裤子为采集者提供了出色的效率和舒适度。
",0,item-icon-323,323,黃金採集褲子,"1,2,3,4",1,4,1
1,"你可以通过合成获得这个物品。
装备后，它可以增强属性。增加采集更高级资源的掉落概率。
-------
这双鞋子专为采集者使用黄金材料制作。轻盈舒适，提供出色的牵引力和耐久性，使采集者能够在各种地形上自由移动。这些鞋子还配有特殊的采集技能增强，提高采集者的采集效率和质量。无论是在茂密的森林、崎岖的山区还是广阔的平原上，黄金采集鞋都是采集者不可或缺的伙伴。
",0,item-icon-324,324,黃金採集鞋子,"1,2,3,4",1,4,1
1,"你可以通过合成获得这个物品。
装备后，它可以增强属性。增加采集更高级资源的掉落概率。
-------
一种专为采集者设计的工具，具有锋利的刀刃，轻松切割坚硬的矿石和宝石。无论是挖掘珍贵的钻石矿脉还是收集稀有的宝石，这个工具帮助你迅速高效地完成任务。其精确性和耐用性使其成为采集者首选的工具之一。
",0,item-icon-325,325,鑽石採集頭髮,"1,2,3,4,5",1,5,1
1,"你可以通过合成获得这个物品。
装备后，它可以增强属性。增加采集更高级资源的掉落概率。
-------
这件上衣专为采集者量身定制，提供最佳的采集体验。采用高品质材料制成，轻盈耐用，舒适透气，耐用性强。它具有强大的防护能力，抵御荒野中的各种挑战和危险。无论是在山区、洞穴还是河流中，这件上衣都是你最可靠的伙伴，让你成为真正的钻石收集专家。
",0,item-icon-326,326,鑽石採集上衣,"1,2,3,4,5",1,5,1
1,"你可以通过合成获得这个物品。
装备后，它可以增强属性。增加采集更高级资源的掉落概率。
-------
这副手套专为提高钻石收集效率而设计。它们的表面覆盖着坚固的盔甲，保护手部免受伤害。内部嵌有精密的机械装置，这些手套吸引并粘附周围的钻石，使采集过程更快更高效。戴上这些手套，你将成为钻石的捕获者，轻松收获无数闪闪发光的宝石。
",0,item-icon-327,327,鑽石採集手套,"1,2,3,4,5",1,5,1
1,"你可以通过合成获得这个物品。
装备后，它可以增强属性。增加采集更高级资源的掉落概率。
-------
这条裤子以提高钻石收集效率而闻名，专为采集者量身定制。采用先进的材料制成，轻盈、舒适、耐用、灵活。配备特殊的钻石采集工具，使采集者能够迅速而准确地获取珍贵的钻石资源。无论是在山区、洞穴还是矿脉中采集珍贵的矿石，这条裤子为采集者提供了出色的效率和舒适度。穿上它们，你将真正成为钻石的收割者。
",0,item-icon-328,328,鑽石採集褲子,"1,2,3,4,5",1,5,1
1,"你可以通过合成获得这个物品。
装备后，它可以增强属性。增加采集更高级资源的掉落概率。
-------
这双鞋子专为提供最佳的钻石收集体验而注入了星光之力。它们轻盈、舒适，提供出色的牵引力和敏感性，使采集者能够在各种地形上迅速移动。鞋子上的特殊符文增强了采集者的感知力，使其更容易发现有价值的资源点。无论是在茂密的森林、崎岖的山区还是广阔的平原上，星光采集鞋都是采集者的最佳伴侣。
",0,item-icon-329,329,鑽石採集鞋子,"1,2,3,4,5",1,5,1
1,"你可以通过合成获得这个物品。
装备后，它可以增强属性。增加采集更高级资源的掉落概率。
-------
一把精致的镰刀，闪耀着星光般的光芒。它专为采集者收割各种植物而设计。锋利的刀刃轻松切割植物材料，而头部的星空装饰使其具有神秘而迷人的外观。无论是采集草药、收获水果还是采集植物纤维，星光收割镰刀都是你最可靠的伴侣。
",0,item-icon-330,330,星輝採集頭髮,"1,2,3,4,5",1,6,1
1,"你可以通过合成获得这个物品。
装备后，它可以增强属性。增加采集更高级资源的掉落概率。
-------
一件轻盈耐用的上衣，注入了星光的力量。它为采集者提供额外的保护和便利，使他们在收集珍贵资源时更加自信和高效。无论是采摘花朵、采集草药还是挖掘矿石，星光收割上衣都提供了一个舒适的工作环境，使你的冒险之旅更加愉快和成功。
",0,item-icon-331,331,星輝採集上衣,"1,2,3,4,5",1,6,1
1,"你可以通过合成获得这个物品。
装备后，它可以增强属性。增加采集更高级资源的掉落概率。
-------
这副手套闪耀着星光，为采集者提供无与伦比的能力。戴上它们，你的手指变得灵活而敏锐，轻松采集各种珍贵资源。无论是采摘草药、挖掘矿石还是采集稀有植物，星光收割手套将成为你最忠实的伴侣，帮助你在广阔的世界中积累财富。
",0,item-icon-332,332,星輝採集手套,"1,2,3,4,5",1,6,1
1,"你可以通过合成获得这个物品。
装备后，它可以增强属性。增加采集更高级资源的掉落概率。
-------
这条裤子专为采集者设计，采用先进的纤维技术，打造出轻盈、舒适、高透气性和耐用的服装。裤子上的星空图案闪烁着柔和的光芒，为采集者带来好运和灵感。它旨在满足采集者的需求，提供充足的存储空间和便捷的工具携带系统，使采集各种珍贵资源，无论是采集植物、挖掘矿石还是捕捉小动物，都变得轻松自如。穿上星光收割裤子，你将成为高效的采集大师，探索世界的每一个角落，收获无尽的宝藏。
",0,item-icon-333,333,星輝採集褲子,"1,2,3,4,5",1,6,1
1,"你可以通过合成获得这个物品。
装备后，它可以增强属性。增加采集更高级资源的掉落概率。
-------
这双鞋子注入了星光之力，专为采集者设计。它们轻盈、舒适，提供出色的牵引力和耐用性，使采集者能够在各种地形上迅速移动。鞋子上的特殊符文增强了采集者的感知力，使其更容易发现有价值的资源点。无论是在茂密的森林、崎岖的山区还是广阔的平原上，星光收割鞋是采集者的最佳伴侣。
",0,item-icon-334,334,星輝採集鞋子,"1,2,3,4,5",1,6,1
1,"你可以通过合成获得这个物品。
装备后，它可以增强属性。增加你在战斗中的生存概率。
-------
这是一头闪耀着金色光芒的鬃毛，散发着勇气和力量的气息。它是战士的骄傲象征，象征着不屈不挠的精神和无尽的决心。佩戴这个，战士在战场上展现出无与伦比的威严和力量，成为敌人的恐惧源泉。无论是面对凶猛的怪物攻击还是与其他玩家进行激烈的战斗，黄金战士鬃毛将成为你荣耀的象征，让你在战斗中脱颖而出。
",0,item-icon-335,335,黃金戰士頭髮,"1,2,3,4",1,4,1
1,"你可以通过合成获得这个物品。
装备后，它可以增强属性。增加你在战斗中的生存概率。
-------
这件盔甲专为无畏和勇敢的战士设计。由精选的黄金丝编织而成，散发着卓越的光芒。提供出色的防御和抵抗能力，黄金战士盔甲使战士在激烈的战斗中保持不屈的姿态。无论是面对强大的敌人攻击还是在盟友中展示权威，黄金战士盔甲都是战士的最佳选择。
",0,item-icon-336,336,黃金戰士上衣,"1,2,3,4",1,4,1
1,"你可以通过合成获得这个物品。
装备后，它可以增强属性。增加你在战斗中的生存概率。
-------
这副手套闪耀着耀眼的光芒，不仅提供出色的保护，还赋予战士无与伦比的力量和敏捷性。戴上黄金战士手套，你将成为战场上无敌的王者，毫无畏惧地迎接一切挑战。
",0,item-icon-337,337,黃金戰士手套,"1,2,3,4",1,4,1
1,"你可以通过合成获得这个物品。
装备后，它可以增强属性。增加你在战斗中的生存概率。
-------
专为勇敢的战士量身定制的裤子，由稀有的黄金丝编织而成。它提供出色的防御和灵活性，使战士在激烈的战斗中保持优势。无论是面对敌人的猛烈攻击还是迅速躲避袭击，黄金战士裤子都提供可靠的保护和自由的动作。穿上它们，战士将展示无与伦比的权威和力量。
",0,item-icon-338,338,黃金戰士褲子,"1,2,3,4",1,4,1
1,"你可以通过合成获得这个物品。
装备后，它可以增强属性。增加你在战斗中的生存概率。
-------
专为无畏的战士设计的鞋子，由纯金制成，镶嵌着闪闪发光的宝石。它不仅提供出色的保护和舒适性，还赋予战士无与伦比的速度和敏捷性。穿上黄金战士靴子，你将在战场上如风一般迅速，无所畏惧。
",0,item-icon-339,339,黃金戰士鞋子,"1,2,3,4",1,4,1
1,"你可以通过合成获得这个物品。
装备后，它可以增强属性。增加你在战斗中的生存概率。
-------
这是一头闪耀着钻石般光芒的鬃毛，散发着强大的战斗能量。它是战士的骄傲象征，象征着他们的勇气和力量。每一根鬃毛都充满了战斗的激情，为战士提供额外的力量和保护。佩戴这个鬃毛，战士在战场上无敌，击败敌人。
",0,item-icon-340,340,鑽石戰士頭髮,"1,2,3,4,5",1,5,1
1,"你可以通过合成获得这个物品。
装备后，它可以增强属性。增加你在战斗中的生存概率。
-------
这件盔甲专为勇敢的战士设计，由坚韧的钻石纤维编织而成。它提供出色的防御能力，抵御敌人的致命攻击。无论是面对龙的火焰喷射还是恶魔的邪恶诅咒，钻石战士盔甲都能保护战士免受伤害。穿上它，你将成为战",0,item-icon-341,341,鑽石戰士上衣,"1,2,3,4,5",1,5,1
1,"你可以通过合成获得这个物品。
装备后，它可以增强属性，提高你在战斗中的生存概率。
-------
这些手套由稀有的钻石材料制成，闪耀着无与伦比的光芒。它们为战士提供卓越的防护和强大的攻击力，使他们在战场上无敌。手套上刻有古老的符文，赋予佩戴者神秘的力量，在战斗中成为不可忽视的存在。无论是抵御敌人的攻击还是发动毁灭性的打击，钻石战士手套都是战士们的最佳选择。
",0,item-icon-342,342,鑽石戰士手套,"1,2,3,4,5",1,5,1
1,"你可以通过合成获得这个物品。
装备后，它可以增强属性，提高你在战斗中的生存概率。
-------
专为勇敢的战士量身定制，这条裤子由高品质的钻石纤维制成。它们提供出色的防御和灵活性，使战士在激烈的战斗中保持卓越的机动性。无论面对强大的敌人攻击还是灵活的机动，钻石战士裤子为战士提供可靠的保护，使他们在战场上无所畏惧。
",0,item-icon-343,343,鑽石戰士褲子,"1,2,3,4,5",1,5,1
1,"你可以通过合成获得这个物品。
装备后，它可以增强属性，提高你在战斗中的生存概率。
-------
专为勇敢的战士设计，这双靴子由坚固的钻石材料制成，提供出色的保护和灵活性。鞋子上的特殊图案增强了战士的移动速度，在战斗中使他们更加敏捷。无论是追逐敌人还是躲避攻击，钻石战士靴子都是不可或缺的装备。穿上它们，战士将在战场上展现无与伦比的力量和速度。
",0,item-icon-344,344,鑽石戰士鞋子,"1,2,3,4,5",1,5,1
1,"你可以通过合成获得这个物品。
装备后，它可以增强属性，提高你在战斗中的生存概率。
-------
这款耀眼的发型专为星光战士设计。它闪烁着星光般的色彩，使战士在战斗中散发出无与伦比的威严和力量。发型的质地柔软舒适，能够保护战士的头部免受伤害。无论是在激烈的战斗还是宁静的农田中，星光战士发型都是战士的骄傲象征。
",0,item-icon-345,345,星輝戰士頭髮,"1,2,3,4,5",1,6,1
1,"你可以通过合成获得这个物品。
装备后，它可以增强属性，提高你在战斗中的生存概率。
-------
专为勇敢的战士量身定制，这件服装融入了星光的力量。它提供出色的防御和保护，使战士能够在激烈的战斗中坚守阵地。无论面对强大的剑击还是远程箭矢攻击，星光战士上衣都提供可靠的护甲，使战士在战场上闪耀夺目。
",0,item-icon-346,346,星輝戰士上衣,"1,2,3,4,5",1,6,1
1,"你可以通过合成获得这个物品。
装备后，它可以增强属性，提高你在战斗中的生存概率。
-------
散发着闪亮光芒的手套为战士提供强大的手部保护。它们由坚固的材料制成，可以抵御敌人的攻击，同时赋予战士更大的力量和敏捷性。无论是挥舞剑、锤子还是弓箭，星光战士手套都能帮助战士保持稳定的握持和精确的攻击。戴上这些手套，战士将在战场上成为真正的明星，无人能敌。
",0,item-icon-347,347,星輝戰士手套,"1,2,3,4,5",1,6,1
1,"你可以通过合成获得这个物品。
装备后，它可以增强属性，提高你在战斗中的生存概率。
-------
融入星光之力的裤子提供出色的防御和灵活性，使战士在激烈的战斗中保持优势。无论是灵活的闪避还是强力的攻击，这些裤子为战士提供可靠的保护和自由的移动。穿上它们，战士将成为星光中最耀眼的存在。
",0,item-icon-348,348,星輝戰士褲子,"1,2,3,4,5",1,6,1
1,"你可以通过合成获得这个物品。
装备后，它可以增强属性，提高你在战斗中的生存概率。
-------
专为勇敢的战士设计，这双鞋子融入了星光之力。它们轻巧耐用，提供出色的脚部灵活性和稳定性，使战士在战斗中迅速移动并保持平衡。鞋子上镶嵌着微小的星光宝石，不仅增强了战士的威严，还提供额外的力量和保护。无论是追逐敌人还是躲避攻击，星光战士鞋子都是战士最可靠的伙伴。
",0,item-icon-349,349,星輝戰士鞋子,"1,2,3,4,5",1,6,1
1,"你可以通过合成获得这个物品。
装备后，它可以增强属性，使你的作物不易枯萎。
-------
这是一束闪耀的金色头发，象征着农民的荣誉和财富。戴上它的农民将获得额外的农业产量，使他们的庄稼茁壮成长，收获无限。这是农民的骄傲象征，意味着他们的辛勤劳动。
",0,item-icon-350,350,黃金農場主頭髮,"1,2,3,4",1,4,1
1,"你可以通过合成获得这个物品。
装备后，它可以增强属性，使你的作物不易枯萎。
-------
专为热爱田园生活的农场主设计，由顶级金丝制成，轻盈耐用，让你在农田中自由行动。提供出色的保护，也赋予农场主尊严和高贵的气质。无论是犁地、种植还是收获，金色农场主上衣都是你最可靠的伴侣。
",0,item-icon-351,351,黃金農場主上衣,"1,2,3,4",1,4,1
1,"你可以通过合成获得这个物品。
装备后，它可以增强属性，使你的作物不易枯萎。
-------
专为农场主量身定制，由黄金制成，这副手套提供出色的耐用性和舒适性，使农场主在种植和收获过程中拥有无与伦比的灵活性和精确性。无论是播种还是收割，黄金农场主手套都是农场主最可靠的伙伴。
",0,item-icon-352,352,黃金農場主手套,"1,2,3,4",1,4,1
1,"你可以通过合成获得这个物品。
装备后，它可以增强属性，使你的作物不易枯萎。
-------
专为农场主设计，由顶级金丝制成，这条裤子轻盈舒适。它们提供出色的耐用性和保护，让农场主在农田中愉快地工作。无论是犁地、种植还是收获，这些裤子提供最佳的灵活性和保护，使你成为农场的真正主人。
",0,item-icon-353,353,黃金農場主褲子,"1,2,3,4",1,4,1
1,"你可以通过合成获得这个物品。
装备后，它可以增强属性，使你的作物不易枯萎。
-------
专为农场主量身定制，由顶级金丝制成，这双鞋子轻盈、舒适、耐用且防滑，让农场主在田间行走更加稳定和自信。鞋底经过加固，防止尖锐物体穿刺，同时提供出色的抓地力，确保在湿滑的地形上保持稳定。这些鞋子还带有一些隐藏的金色装饰，反映了农场主独特的品味和成功的地位。无论是犁地、收割还是照料庄稼，金色农场主鞋子都是不可或缺的工具。
",0,item-icon-354,354,黃金農場主鞋子,"1,2,3,4",1,4,1
1,"你可以通过合成获得这个物品。
装备后，它可以增强属性，使你的作物不易枯萎。
-------
一束闪耀如钻石般的头发散发着奢华的光环。这款专属于农民的发型象征着他们在田间努力工作和丰收的成功。无论是种植、收获还是繁忙的农活，这款钻石发型都会给农民带来自信和魅力。
",0,item-icon-355,355,鑽石農場主頭髮,"1,2,3,4,5",1,5,1
1,"你可以通过合成获得这个物品。
装备后，它可以增强属性，使你的作物不易枯萎。
-------
专为热爱农田生活的农民量身定制，由高品质的钻石纤维材料制成，轻盈、舒适、极其耐用。这件上衣提供出色的防护性能，并具有吸湿排汗的特性，确保你在田间工作时保持干爽舒适。无论是犁地、种植还是收获，钻石农民上衣都是你最可靠的伴侣。
",0,item-icon-356,356,鑽石農場主上衣,"1,2,3,4,5",1,5,1
1,"你可以通过合成获得这个物品。
装备后，它可以增强属性，使你的作物不易枯萎。
-------
专为农民设计，镶有钻石，展现了奢华与实用的完美结合。这些手套采用优质材料制成，提供出色的保护和舒适性。它们增强了农民在农田工作中的敏捷性和效率，使种植过程更加快速和丰收。无论是播种还是收获，这些手套都是农民可靠的助手，使他们成为真正的农业巨头。
",0,item-icon-357,357,鑽石農場主手套,"1,2,3,4,5",1,5,1
1,"你可以通过合成获得这个物品。
装备后，它可以增强属性，使你的作物不易枯萎。
-------
专为热爱农田生活的人设计，由高品质材料制成，舒适耐用。镶嵌着闪闪发光的钻石，展示了农场主的地位和财富。当你穿上它们时，你将体验到无与伦比的农田乐趣，使你在农场工作中更加高效和自信。无论是犁地、播种还是收获，这些裤子将成为你最可靠的伙伴。
",0,item-icon-358,358,鑽石農場主褲子,"1,2,3,4,5",1,5,1
1,"你可以通过合成获得这个物品。
装备后，它可以增强属性，使你的作物不易枯萎。
-------
专为农场主量身定制，由顶级材料制成，这双鞋子耐用、舒适、防滑，让农场主在田间长时间工作时感到轻松自在。鞋底经过加固，防止尖锐物体穿刺，同时提供出色的抓地力，确保在湿滑的地形上保持稳定。这些鞋子还镶有一些隐藏的钻石装饰，反映了农场主独特的品味和成功的地位。无论是犁地、收割还是照料庄稼，钻石农场主鞋子都是不可或缺的工具。
",0,item-icon-359,359,鑽石農場主鞋子,"1,2,3,4,5",1,5,1
1,"你可以通过合成获得这个物品。
装备后，它可以增强属性，使你的作物不易枯萎。
-------
一款时尚的发饰，非常适合勤劳的农民。散发着星光般的光芒，让你在田间闪耀夺目。无论是种植、收获还是照料庄稼，这款发饰都会给你带来好运和农民的自豪感，使你成为农业界的明星！
",0,item-icon-360,360,星輝農場主頭髮,"1,2,3,4,5",1,6,1
1,"你可以通过合成获得这个物品。
装备后，它可以增强属性，使你的作物不易枯萎。
-------
专为农场主设计，以星光为灵感，散发着欢快的氛围。由轻盈的材料制成，舒适耐用，让农场主在繁忙的农活中保持舒适和灵活。无论是犁地、收割还是喂养动物，这件上衣为农场主提供充足的保护和便利，使你在农场的每一天都充满活力和快乐！
",0,item-icon-361,361,星輝農場主上衣,"1,2,3,4,5",1,6,1
1,"你可以通过合成获得这个物品。
装备后，它可以增强属性，使你的作物不易枯萎。
-------
融入星光之力的手套专为农民设计，提供出色的保护和灵巧性，使农民能够轻松在田间耕作。手套上精致的图案增强了农民的触觉感，使他们能够更精确地操作锄头和刷子，打造美丽的农田景观。无论是犁地、播种还是收获，星光农民手套都是农民最可靠的伴侣。
",0,item-icon-362,362,星輝農場主手套,"1,2,3,4,5",1,6,1
1,"你可以通过合成获得这个物品。
装备后，它可以增强属性，使你的作物不易枯萎。
-------
专为农民量身定制，由柔软舒适的材料制成，这条裤子提供出色的耐用性和透气性，让农民在繁忙的田间工作中保持舒适和灵活。裤子上精致的星光图案象征着农民的辛勤劳动和希望，为他们带来好运和丰收。无论是种植、播种还是收获，这条裤子是农民最可靠的伙伴。
",0,item-icon-363,363,星輝農場主褲子,"1,2,3,4,5",1,6,1
1,"你可以通过合成获得这个物品。
装备后，它可以增强属性，使你的作物不易枯萎。
-------
专为农民设计，由轻盈耐用的材料制成。它们提供出色的防滑性能，确保农民在田间行走时保持稳定。鞋子上精致的星光图案象征着农民的智慧和勤奋。无论是耕种、种植还是收获，这些鞋子提供舒适和保护，留下农民在田间的足迹。
",0,item-icon-364,364,星輝農場主鞋子,"1,2,3,4,5",1,6,1
1,"通過擊敗同等級怪物可以獲得這個道具.
可以用於合成裝備或道具
-------
硬骨頭！應該來自某種生物",0,item-icon-365,365,堅硬骨頭,1,4,4,1
1,"通過擊敗同等級怪物可以獲得這個道具.
可以用於合成裝備或道具
-------
植物？動物？還是介於兩者之間？",0,item-icon-366,366,蛋頭,1,4,4,1
1,"通過擊敗同等級怪物可以獲得這個道具.
可以用於合成裝備或道具
-------
不像是從樹上直接砍下來的，倒像是雪人的鼻子",0,item-icon-367,367,精緻木材,1,4,4,1
1,"通過擊敗同等級怪物可以獲得這個道具.
可以用於合成裝備或道具
-------
硬骨架！還會發光！",0,item-icon-368,368,光亮骨架,1,4,5,1
1,"通過擊敗同等級怪物可以獲得這個道具.
可以用於合成裝備或道具
-------
看起來有點瘆人...",0,item-icon-369,369,巨大眼球,1,4,5,1
1,"通過擊敗同等級怪物可以獲得這個道具.
可以用於合成裝備或道具
-------
一對精緻的雙翼，讓人愛不釋手",0,item-icon-370,370,精靈雙翼,1,4,5,1
1,"通過擊敗同等級怪物可以獲得這個道具.
可以用於合成裝備或道具
-------
怎麼跟個球一樣，圓滾滾的",0,item-icon-371,371,冰晶龜甲,1,4,6,1
1,"通過擊敗同等級怪物可以獲得這個道具.
可以用於合成裝備或道具
-------
晚上不用點蠟燭了",0,item-icon-372,372,鬼火,1,4,6,1
1,"通過擊敗同等級怪物可以獲得這個道具.
可以用於合成裝備或道具
-------
小小一只，沒法直接使用，但應該可以作為合成材料",0,item-icon-373,373,小法杖,1,4,6,1
1,"通過採集同等級的採集物可以獲得這個道具.
可以用於合成裝備或道具
-------
金色的蒲公英，真是少見",0,item-icon-374,374,金色蒲公英,1,4,4,1
1,"通過採集同等級的採集物可以獲得這個道具.
可以用於合成裝備或道具
-------
一朵仙人掌花",0,item-icon-375,375,仙人掌花,1,4,4,1
1,"通過採集同等級的採集物可以獲得這個道具.
可以用於合成裝備或道具
-------
這塊石頭的演技一定很好",0,item-icon-376,376,卡斯奧小金人,1,4,4,1
1,"通過採集同等級的採集物可以獲得這個道具.
可以用於合成裝備或道具
-------
看起來很鋒利，小心被割到手",0,item-icon-377,377,鑽石纖維,1,4,5,1
1,"通過採集同等級的採集物可以獲得這個道具.
可以用於合成裝備或道具
-------
輕輕敲擊還能發出悅耳的聲音",0,item-icon-378,378,鑽石音符,1,4,5,1
1,"通過採集同等級的採集物可以獲得這個道具.
可以用於合成裝備或道具
-------
很可愛的一塊石頭",0,item-icon-379,379,熊狀鑽石礦,1,4,5,1
1,"通過採集同等級的採集物可以獲得這個道具.
可以用於合成裝備或道具
-------
快看呐，這朵小花多像一個小精靈",0,item-icon-380,380,仙人花,1,4,6,1
1,"通過採集同等級的採集物可以獲得這個道具.
可以用於合成裝備或道具
-------
小時候的願望是把星星裝進罐子裏，所以我這是實現願望了？",0,item-icon-381,381,罐裝星星,1,4,6,1
1,"通過採集同等級的採集物可以獲得這個道具.
可以用於合成裝備或道具
-------
多麼漂亮的石頭，就像來自外太空的彗星",0,item-icon-382,382,隕落晶石,1,4,6,1
1,"通過種植可以獲得這種原材料.
可以用於合成裝備或道具
-------
世界上最常見的主食之一",0,item-icon-383,383,小麥,1,4,4,1
1,"通過種植可以獲得這種原材料.
可以用於合成裝備或道具
-------
我記得有個遊戲這玩意會吐子彈",0,item-icon-384,384,豌豆,1,4,4,1
1,"通過種植可以獲得這種原材料.
可以用於合成裝備或道具
-------
隔著螢幕都聞到味道了",0,item-icon-385,385,大蒜,1,4,4,1
1,"通過種植可以獲得這種原材料.
可以用於合成裝備或道具
-------
有些人會把中間的花芯炒熟做成零食吃，味道不錯",0,item-icon-386,386,向日葵,1,4,5,1
1,"通過種植可以獲得這種原材料.
可以用於合成裝備或道具
-------
這玩意更應該出現在酒莊裏",0,item-icon-387,387,葡萄,1,4,5,1
1,"通過種植可以獲得這種原材料.
可以用於合成裝備或道具
-------
世界上最常見的主食之二",0,item-icon-388,388,土豆,1,4,5,1
1,"通過種植可以獲得這種原材料.
可以用於合成裝備或道具
-------
被嚇到了",0,item-icon-389,389,食人花,1,4,6,1
1,"通過種植可以獲得這種原材料.
可以用於合成裝備或道具
-------
像一個喇叭",0,item-icon-390,390,牽牛花,1,4,6,1
1,"通過種植可以獲得這種原材料.
可以用於合成裝備或道具
-------
一根木薯",0,item-icon-391,391,木薯,1,4,6,1
1,"通過養殖可以獲得這種原材料.
可以用於合成裝備或道具
-------
在某個遊戲裏，這個東西可以促進植物生長，但在這裏好像不行",0,item-icon-392,392,骨粉,1,4,4,1
1,"通過養殖可以獲得這種原材料.
可以用於合成裝備或道具
-------
十分具有韌性，可以搓揉成繩子或細線",0,item-icon-393,393,堅韌藤蔓,1,4,4,1
1,"通過養殖可以獲得這種原材料.
可以用於合成裝備或道具
-------
一片巨大的葉子",0,item-icon-394,394,橙葉,1,4,4,1
1,"通過養殖可以獲得這種原材料.
可以用於合成裝備或道具
-------
別被他的形狀嚇到，這個東西不輸給世界上任何一種香料",0,item-icon-395,395,暗暗香料,1,4,5,1
1,"通過養殖可以獲得這種原材料.
可以用於合成裝備或道具
-------
它隱隱發著光",0,item-icon-396,396,發光骨粉,1,4,5,1
1,"通過養殖可以獲得這種原材料.
可以用於合成裝備或道具
-------
嘿，喜歡打雪仗嗎",0,item-icon-397,397,精靈雪球,1,4,5,1
1,"通過養殖可以獲得這種原材料.
可以用於合成裝備或道具
-------
從龜甲上脫落的鱗片，真漂亮",0,item-icon-398,398,龜甲鱗片,1,4,6,1
1,"通過養殖可以獲得這種原材料.
可以用於合成裝備或道具
-------
一枚精緻的箭頭",0,item-icon-399,399,精緻箭頭,1,4,6,1
1,"通過養殖可以獲得這種原材料.
可以用於合成裝備或道具
-------
暖呼呼的，做成衣服肯定很不錯！",0,item-icon-400,400,雪兔絨毛,1,4,6,1
1,"通過合成可以獲得這個物品.
可以用於合成裝備或道具
-------
戰鬥的精華，適用於合成多種裝備",0,item-icon-401,401,Lv 4 戰士精華,1,4,4,1
1,"通過合成可以獲得這個物品.
可以用於合成裝備或道具
-------
戰鬥的精華，適用於合成多種裝備",0,item-icon-402,402,Lv 5 戰士精華,1,4,5,1
1,"通過合成可以獲得這個物品.
可以用於合成裝備或道具
-------
戰鬥的精華，適用於合成多種裝備",0,item-icon-403,403,Lv 6 戰士精華,1,4,6,1
1,"通過合成可以獲得這個物品.
可以用於合成裝備或道具
-------
採集的精華，適用於合成多種裝備",0,item-icon-404,404,Lv 4 採集精華,1,4,4,1
1,"通過合成可以獲得這個物品.
可以用於合成裝備或道具
-------
採集的精華，適用於合成多種裝備",0,item-icon-405,405,Lv 5 採集精華,1,4,5,1
1,"通過合成可以獲得這個物品.
可以用於合成裝備或道具
-------
採集的精華，適用於合成多種裝備",0,item-icon-406,406,Lv 6 採集精華,1,4,6,1
1,"通過合成可以獲得這個物品.
可以用於合成裝備或道具
-------
種植的精華，適用於合成多種裝備",0,item-icon-407,407,Lv 4 種植精華,1,4,4,1
1,"通過合成可以獲得這個物品.
可以用於合成裝備或道具
-------
種植的精華，適用於合成多種裝備",0,item-icon-408,408,Lv 5 種植精華,1,4,5,1
1,"通過合成可以獲得這個物品.
可以用於合成裝備或道具
-------
種植的精華，適用於合成多種裝備",0,item-icon-409,409,Lv 6 種植精華,1,4,6,1
1,"通過合成可以獲得這個物品.
可以用於合成裝備或道具
-------
養殖的精華，適用於合成多種裝備",0,item-icon-410,410,Lv 4 畜牧精華,1,4,4,1
1,"通過合成可以獲得這個物品.
可以用於合成裝備或道具
-------
養殖的精華，適用於合成多種裝備",0,item-icon-411,411,Lv 5 畜牧精華,1,4,5,1
1,"通過合成可以獲得這個物品.
可以用於合成裝備或道具
-------
養殖的精華，適用於合成多種裝備",0,item-icon-412,412,Lv 6 畜牧精華,1,4,6,1
1,"通過採集同等級的採集物可以獲得這個道具, 通過擊敗同等級怪物可以獲得這個道具.
使用它可以觸發特殊效果
-------
種出小麥的種子",97,item-icon-413,413,小麥種子,1,3,4,1
1,"通過採集同等級的採集物可以獲得這個道具, 通過擊敗同等級怪物可以獲得這個道具.
使用它可以觸發特殊效果
-------
種出豌豆的種子",97,item-icon-414,414,豌豆種子,1,3,4,1
1,"通過採集同等級的採集物可以獲得這個道具, 通過擊敗同等級怪物可以獲得這個道具.
使用它可以觸發特殊效果
-------
種出大蒜的種子",97,item-icon-415,415,大蒜種子,1,3,4,1
1,"通過採集同等級的採集物可以獲得這個道具, 通過擊敗同等級怪物可以獲得這個道具.
使用它可以觸發特殊效果
-------
種出向日葵的種子",97,item-icon-416,416,向日葵種子,1,3,5,1
1,"通過採集同等級的採集物可以獲得這個道具, 通過擊敗同等級怪物可以獲得這個道具.
使用它可以觸發特殊效果
-------
種出葡萄的種子",97,item-icon-417,417,葡萄種子,1,3,5,1
1,"通過採集同等級的採集物可以獲得這個道具, 通過擊敗同等級怪物可以獲得這個道具.
使用它可以觸發特殊效果
-------
種出土豆的種子",97,item-icon-418,418,土豆種子,1,3,5,1
1,"通過採集同等級的採集物可以獲得這個道具, 通過擊敗同等級怪物可以獲得這個道具.
使用它可以觸發特殊效果
-------
種出食人花的種子",97,item-icon-419,419,食人花種子,1,3,6,1
1,"通過採集同等級的採集物可以獲得這個道具, 通過擊敗同等級怪物可以獲得這個道具.
使用它可以觸發特殊效果
-------
種出牽牛花的種子",97,item-icon-420,420,牽牛花種子,1,3,6,1
1,"通過採集同等級的採集物可以獲得這個道具, 通過擊敗同等級怪物可以獲得這個道具.
使用它可以觸發特殊效果
-------
種出木薯的種子",97,item-icon-421,421,木薯種子,1,3,6,1
1,"通過合成可以獲得這個物品.
使用它可以觸發特殊效果
-------
當前血量 增加 320",0,item-icon-422,422,黃金治療藥水,1,3,4,1
1,"通過合成可以獲得這個物品.
使用它可以觸發特殊效果
-------
戰鬥攻擊力 增加 50",0,item-icon-423,423,黃金攻擊藥水,1,3,4,1
1,"通過合成可以獲得這個物品.
使用它可以觸發特殊效果
-------
移動速度 增加 200",0,item-icon-424,424,黃金移速藥水,1,3,4,1
1,"通過合成可以獲得這個物品.
使用它可以觸發特殊效果
-------
對怪物暴擊傷害 增加 120",0,item-icon-425,425,黃金暴擊藥水,1,3,4,1
1,"通過合成可以獲得這個物品.
使用它可以觸發特殊效果
-------
最大血量 增加 200",0,item-icon-426,426,黃金生命藥水,1,3,4,1
1,"通過合成可以獲得這個物品.
使用它可以觸發特殊效果
-------
戰鬥防禦值 增加 20",0,item-icon-427,427,黃金防禦藥水,1,3,4,1
1,"通過合成可以獲得這個物品.
使用它可以觸發特殊效果
-------
當前血量 增加 400",0,item-icon-429,429,鑽石治療藥水,1,3,5,1
1,"通過合成可以獲得這個物品.
使用它可以觸發特殊效果
-------
戰鬥攻擊力 增加 60",0,item-icon-430,430,鑽石攻擊藥水,1,3,5,1
1,"通過合成可以獲得這個物品.
使用它可以觸發特殊效果
-------
移動速度 增加 240",0,item-icon-431,431,鑽石移速藥水,1,3,5,1
1,"通過合成可以獲得這個物品.
使用它可以觸發特殊效果
-------
對怪物暴擊傷害 增加 150",0,item-icon-432,432,鑽石暴擊藥水,1,3,5,1
1,"通過合成可以獲得這個物品.
使用它可以觸發特殊效果
-------
最大血量 增加 240",0,item-icon-433,433,鑽石生命藥水,1,3,5,1
1,"通過合成可以獲得這個物品.
使用它可以觸發特殊效果
-------
戰鬥防禦值 增加 25",0,item-icon-434,434,鑽石防禦藥水,1,3,5,1
1,"通過合成可以獲得這個物品.
使用它可以觸發特殊效果
-------
當前血量 增加 480",0,item-icon-435,435,星輝治療藥水,1,3,6,1
1,"通過合成可以獲得這個物品.
使用它可以觸發特殊效果
-------
戰鬥攻擊力 增加 70",0,item-icon-436,436,星輝攻擊藥水,1,3,6,1
1,"通過合成可以獲得這個物品.
使用它可以觸發特殊效果
-------
移動速度 增加 280",0,item-icon-437,437,星輝移速藥水,1,3,6,1
1,"通過合成可以獲得這個物品.
使用它可以觸發特殊效果
-------
對怪物暴擊傷害 增加 180",0,item-icon-438,438,星輝暴擊藥水,1,3,6,1
1,"通過合成可以獲得這個物品.
使用它可以觸發特殊效果
-------
最大血量 增加 280",0,item-icon-439,439,星輝生命藥水,1,3,6,1
1,"通過合成可以獲得這個物品.
使用它可以觸發特殊效果
-------
戰鬥防禦值 增加 30",0,item-icon-440,440,星輝防禦藥水,1,3,6,1
1,"你可以通过合成获得这个物品。
当装备时，它可以增强属性。提高你的战斗攻击力
-------
锤子可以去除某些怪物的护甲，拿起锤子砸碎它们 
",0,item-icon-441,441,Lv  錘子,1,1,1,1
1,"你可以通过合成获得这个物品。
当装备时，它可以增强属性。提高你的战斗攻击力
-------
锤子可以去除某些怪物的护甲，拿起锤子砸碎它们 
",0,item-icon-442,442,Lv  鐵錘子,"1,2",1,2,1
1,"你可以通过合成获得这个物品。
当装备时，它可以增强属性。提高你的战斗攻击力
-------
锤子可以去除某些怪物的护甲，拿起锤子砸碎它们",0,item-icon-443,443,Lv  祝福錘子,"1,2,3",1,3,1
1,"你可以通过合成获得这个物品。
装备后，它可以增强属性。提高你的战斗攻击力
-------
锤子可以去除某些怪物的护甲，拿起锤子砸碎它们
",0,item-icon-444,444,Lv 4 黃金錘子,"1,2,3,4",1,4,1
1,"你可以通过合成获得这个物品。
装备后，它可以增强属性。提高你的战斗攻击力
-------
锤子可以去除某些怪物的护甲，拿起锤子砸碎它们
",0,item-icon-445,445,Lv 5 鑽石錘子,"1,2,3,4,5",1,5,1
1,"你可以通过合成获得这个物品。
装备后，它可以增强属性。提高你的战斗攻击力
-------
锤子可以去除某些怪物的护甲，拿起锤子砸碎它们
",0,item-icon-446,446,Lv 6 星輝錘子,"1,2,3,4,5",1,6,1
1,"你可以通过合成获得这个物品。
装备后，它可以增强属性。提高你的战斗攻击力
-------
如果你担心被怪物追赶，这把弓对你来说非常完美，你可以从安全距离杀死怪物
",0,item-icon-450,450,Lv 4 黃金弓,"1,2,3,4",1,4,1
1,"你可以通过合成获得这个物品。
装备后，它可以增强属性。提高你的战斗攻击力
-------
如果你担心被怪物追赶，这把弓对你来说非常完美，你可以从安全距离杀死怪物
",0,item-icon-451,451,Lv 5 鑽石弓,"1,2,3,4,5",1,5,1
1,"你可以通过合成获得这个物品。
装备后，它可以增强属性。提高你的战斗攻击力
-------
如果你担心被怪物追赶，这把弓对你来说非常完美，你可以从安全距离杀死怪物
",0,item-icon-452,452,Lv 6 星輝弓,"1,2,3,4,5",1,6,1
1,"你可以通过合成获得这个物品。
装备后，它可以增强属性。解锁更高级的农业产品
-------
用于安抚你的宠物，让它安心生产
",0,item-icon-453,453,Lv  刷子,1,1,1,1
1,"你可以通过合成获得这个物品。
装备后，它可以增强属性。解锁更高级的农业产品
-------
用于安抚你的宠物，让它安心生产
",0,item-icon-454,454,Lv  銅刷子,"1,2",1,2,1
1,"你可以通过合成获得这个物品。
装备后，它可以增强属性。解锁更高级的农业产品
-------
用于安抚你的宠物，让它安心生产
",0,item-icon-455,455,Lv  祝福刷子,"1,2,3",1,3,1
1,"你可以通过合成获得这个物品。
装备后，它可以增强属性。解锁更高级的农业产品
-------
用于安抚你的宠物，让它安心生产
",0,item-icon-456,456,Lv 4 黃金刷子,"1,2,3,4",1,4,1
1,"你可以通过合成获得这个物品。
装备后，它可以增强属性。解锁更高级的农业产品
-------
用于安抚你的宠物，让它安心生产
",0,item-icon-457,457,Lv 5 鑽石刷子,"1,2,3,4,5",1,5,1
1,"你可以通过合成获得这个物品。
装备后，它可以增强属性。解锁更高级的农业产品
-------
用于安抚你的宠物，让它安心生产
",0,item-icon-458,458,Lv 6 星輝刷子,"1,2,3,4,5",1,6,1
1,"通過合成可以獲得這個物品.
使用它可以觸發特殊效果
-------
恢復精力 + 30",0,item-icon-459,459,Lv 4 精力恢復藥水,1,3,4,1
1,"通過合成可以獲得這個物品.
使用它可以觸發特殊效果
-------
恢復精力 + 37",0,item-icon-460,460,Lv 5 精力恢復藥水,1,3,5,1
1,"通過合成可以獲得這個物品.
使用它可以觸發特殊效果
-------
恢復精力 + 45",0,item-icon-461,461,Lv 6 精力恢復藥水,1,3,6,1
1,"在击杀与自己等级相同的怪物时可能获得此物品。
它可以用于制作装备或物品。
-------
仅在花峰获得
",0,item-icon-462,462,青铜碎片,1,4,2,1
1,"在击杀与自己等级相同的怪物时可能获得此物品。
它可以用于制作装备或物品。
-------
仅在花峰获得
",0,item-icon-463,463,领主爪,1,4,3,1
1,"你可以通过合成获得此物品。
-------
#01浮空境抽奖券
",0,item-icon-464,464,#01 浮空境彩票,1,4,0,1
1,"你可以通过合成获得此物品。
-------
#01花峰抽奖券
",0,item-icon-465,465,#01 花峰彩票,1,4,0,1
1,"你可以通过合成获得此物品。
-------
#01开放世界抽奖券
",0,item-icon-466,466,#01 开放世界彩票,1,4,0,1
1,"你可以通过合成获得此物品。
-------
浮空境入场券
",0,item-icon-467,467,浮空境入场券,1,4,0,1
1,"你可以通过合成获得此物品。
-------
花峰入场券
",0,item-icon-468,468,花峰入场券,1,4,0,1
1,"破损的入场券可以用来兑换完整的入场券
",0,item-icon-469,469,破损的浮空境入场券,1,4,0,1
1,破损的花峰入场券可以用来兑换完整的花峰入场券,0,item-icon-470,470,破损的花峰入场券,1,4,0,1
1,"合成装备时有机会获得。
时尚外观，没有属性。
-------
建议作为时尚装备穿戴。
",0,item-icon-471,471,"幫派核心頭髮
",5,1,4,1
1,"合成装备时有机会获得。
时尚外观，没有属性。
-------
建议作为时尚装备穿戴。
",0,item-icon-472,472,"幫派核心上衣
",5,1,4,1
1,"合成装备时有机会获得。
时尚外观，没有属性。
-------
建议作为时尚装备穿戴。
",0,item-icon-473,473,"幫派核心手套
",5,1,4,1
1,"合成装备时有机会获得。
时尚外观，没有属性。
-------
建议作为时尚装备穿戴。
",0,item-icon-474,474,"幫派核心褲子
",5,1,4,1
1,"合成装备时有机会获得。
时尚外观，没有属性。
-------
建议作为时尚装备穿戴。",0,item-icon-475,475,幫派核心鞋子,5,1,4,1
1,"LUAG Future(100)以1:100的比例与LUAG代币挂钩。
",0,item-icon-478,478,LUAG 未來(100),1,4,0,1
1,"出現在浮游境界，出現在花峰。
它可以用來製作裝備或物品。
-------
它可以用來製作精力藥水。
",0,item-icon-479,479,空瓶,1,4,0,1
1,"出現在浮游境界。
它可以用來製作裝備或物品。
-------
它可以用來兌換LUAG未來(100)。
",0,item-icon-480,480,LUAG 未來(N),1,4,0,1
1,它可以用來兌換LUAG未來(100)。,0,item-icon-481,481,LUAG 星星,1,4,0,1
1,,0,item-icon-527,527,,"1,2,3,4,5",1,7,1
1,,0,item-icon-528,528,,"1,2,3,4,5",1,7,1
1,,0,item-icon-529,529,,"1,2,3,4,5",1,7,1
1,,0,item-icon-530,530,,"1,2,3,4,5",1,7,1
1,,0,item-icon-531,531,,"1,2,3,4,5",1,7,1
1,,0,item-icon-532,532,,"1,2,3,4,5",1,7,1
1,,0,item-icon-533,533,,"1,2,3,4,5",1,7,1
1,,0,item-icon-534,534,,"1,2,3,4,5",1,7,1
1,,0,item-icon-535,535,,"1,2,3,4,5",1,7,1
1,,0,item-icon-536,536,,"1,2,3,4,5",1,7,1
1,,0,item-icon-537,537,,"1,2,3,4,5",1,7,1
1,,0,item-icon-538,538,,"1,2,3,4,5",1,7,1
1,,0,item-icon-539,539,,"1,2,3,4,5",1,7,1
1,,0,item-icon-540,540,,"1,2,3,4,5",1,7,1
1,,0,item-icon-541,541,,"1,2,3,4,5",1,7,1
1,,0,item-icon-542,542,,"1,2,3,4,5",1,7,1
1,,0,item-icon-543,543,,"1,2,3,4,5",1,7,1
1,,0,item-icon-544,544,,"1,2,3,4,5",1,7,1
1,,0,item-icon-545,545,,"1,2,3,4,5",1,7,1
1,,0,item-icon-546,546,,"1,2,3,4,5",1,7,1
1,,0,item-icon-547,547,,"1,2,3,4,5",1,7,1
1,,0,item-icon-548,548,,"1,2,3,4,5",1,7,1
1,,0,item-icon-549,549,,"1,2,3,4,5",1,7,1
1,,0,item-icon-550,550,,"1,2,3,4,5",1,7,1
1,,0,item-icon-551,551,,"1,2,3,4,5",1,8,1
1,,0,item-icon-552,552,,"1,2,3,4,5",1,8,1
1,,0,item-icon-553,553,,"1,2,3,4,5",1,8,1
1,,0,item-icon-554,554,,"1,2,3,4,5",1,8,1
1,,0,item-icon-555,555,,"1,2,3,4,5",1,8,1
1,,0,item-icon-556,556,,"1,2,3,4,5",1,8,1
1,,0,item-icon-557,557,,"1,2,3,4,5",1,8,1
1,,0,item-icon-558,558,,"1,2,3,4,5",1,8,1
1,,0,item-icon-559,559,,"1,2,3,4,5",1,8,1
1,,0,item-icon-560,560,,"1,2,3,4,5",1,8,1
1,,0,item-icon-561,561,,"1,2,3,4,5",1,8,1
1,,0,item-icon-562,562,,"1,2,3,4,5",1,8,1
1,,0,item-icon-563,563,,"1,2,3,4,5",1,8,1
1,,0,item-icon-564,564,,"1,2,3,4,5",1,8,1
1,,0,item-icon-565,565,,"1,2,3,4,5",1,8,1
1,,0,item-icon-566,566,,"1,2,3,4,5",1,8,1
1,,0,item-icon-567,567,,"1,2,3,4,5",1,8,1
1,,0,item-icon-568,568,,"1,2,3,4,5",1,8,1
1,,0,item-icon-569,569,,"1,2,3,4,5",1,8,1
1,,0,item-icon-570,570,,"1,2,3,4,5",1,8,1
1,,0,item-icon-571,571,,"1,2,3,4,5",1,8,1
1,,0,item-icon-572,572,,"1,2,3,4,5",1,8,1
1,,0,item-icon-573,573,,"1,2,3,4,5",1,8,1
1,,0,item-icon-574,574,,"1,2,3,4,5",1,8,1
1,,0,item-icon-575,575,,"1,2,3,4,5",1,9,1
1,,0,item-icon-576,576,,"1,2,3,4,5",1,9,1
1,,0,item-icon-577,577,,"1,2,3,4,5",1,9,1
1,,0,item-icon-578,578,,"1,2,3,4,5",1,9,1
1,,0,item-icon-579,579,,"1,2,3,4,5",1,9,1
1,,0,item-icon-580,580,,"1,2,3,4,5",1,9,1
1,,0,item-icon-581,581,,"1,2,3,4,5",1,9,1
1,,0,item-icon-582,582,,"1,2,3,4,5",1,9,1
1,,0,item-icon-583,583,,"1,2,3,4,5",1,9,1
1,,0,item-icon-584,584,,"1,2,3,4,5",1,9,1
1,,0,item-icon-585,585,,"1,2,3,4,5",1,9,1
1,,0,item-icon-586,586,,"1,2,3,4,5",1,9,1
1,,0,item-icon-587,587,,"1,2,3,4,5",1,9,1
1,,0,item-icon-588,588,,"1,2,3,4,5",1,9,1
1,,0,item-icon-589,589,,"1,2,3,4,5",1,9,1
1,,0,item-icon-590,590,,"1,2,3,4,5",1,9,1
1,,0,item-icon-591,591,,"1,2,3,4,5",1,9,1
1,,0,item-icon-592,592,,"1,2,3,4,5",1,9,1
1,,0,item-icon-593,593,,"1,2,3,4,5",1,9,1
1,,0,item-icon-594,594,,"1,2,3,4,5",1,9,1
1,,0,item-icon-595,595,,"1,2,3,4,5",1,9,1
1,,0,item-icon-596,596,,"1,2,3,4,5",1,9,1
1,,0,item-icon-597,597,,"1,2,3,4,5",1,9,1
1,,0,item-icon-598,598,,"1,2,3,4,5",1,9,1
1,,0,item-icon-599,599,,1,3,7,1
1,,0,item-icon-600,600,,1,3,8,1
1,,0,item-icon-601,601,,1,3,9,1
1,,0,item-icon-658,658,,1,4,0,1
1,,0,item-icon-659,659,,1,4,0,1
1,,0,item-icon-660,660,,1,4,0,1
1,,0,item-icon-661,661,,1,4,0,1
1,"收集相同等级的材料可能会获得额外的种子，杀死相同等级的怪物可能会获得这个物品。使用它可以触发特殊效果。
-------
这是一种种子，可以种植竹子，适用于农业领域。
",97,item-icon-692,692,竹子種子,1,3,1,1
