IsBeHitBreakable-bool,IsIndependentLogic-bool,accuBreakable-bool,accuTime-int,attackCanMove-bool,effectEnemy-int[],effectForward-int[],forwardReleaseTime-int,id-int,isAutoUse-bool,isCheckHit-bool,isHoldSkill-bool,isReleaseEffFollow-bool,isReleastActLoop-bool,isRemote-bool,playProgress-bool,rangeTips-bool,releaseAct-string,releaseEff-string,releaseSound-string[],releaseSpd-int,releaseTime-int,searchTarget-int[][],skillCD-int,skillDesc-string,skillDistance-int,skillFlag-int[],skillFlyerId-int,skillName-string,skillRange-int[],skillShake-string[],targetFlag-int[],targetLock-bool,targetType-int[],homeAction-int[],homeAttRate-int,relyWeaponSubtype-int[],effectSelf-int[],skillIcon-string,hitEff-string,animRotate-int,skillAlertEffect-string,skillFlyerNum-int,accuEff-int,effectInit-int[],composeSkill-int[],costPropType-int[],maxAccuTime-int,itemCost-int[][],accuTab-string
0,0,0,0,0,"1,239",214,150,14,0,1,0,1,0,0,0,1,skill_attack1,Skill_punch_attack1,Punch,14,550,1,-1,空手攻擊-動作1,350,2,0,空手攻擊,"4,300,150,16000,0",CameraShakeGrade_1,1,0,1,,,,,,,,,,,,,,,,
0,0,0,0,0,"15,239",214,150,15,0,1,0,1,0,0,0,1,skill_attack2,Skill_punch_attack2,Punch,14,550,1,-1,空手攻擊-動作2,350,2,0,空手攻擊,"4,300,150,16000,0",CameraShakeGrade_1,1,0,1,,,,,,,,,,,,,,,,
0,0,0,0,0,"21,227,386",214,150,16,0,1,0,1,0,0,0,1,skill_attack3,Skill_punch_attack3,Punch2,14,550,1,-1,空手攻擊-動作3,350,2,0,空手攻擊,"4,300,150,16000,0",CameraShakeGrade_2,1,0,1,,,,,,,,,,,,,,,,
0,0,0,0,0,"239,385,567",31,150,17,0,1,0,1,0,0,0,1,skill_sword_attack1,skill_sword_attack1,knife01,14,620,1,-1,劍攻擊-動作1,400,2,0,劍攻擊,"4,300,300,27000,0",CameraShakeGrade_1,1,0,1,5,333,1,,,,,,,,,,,,,
0,0,0,0,0,"15,239,567",31,150,18,0,1,0,1,0,0,0,1,skill_sword_attack2,skill_sword_attack2,knife02,14,620,1,-1,劍攻擊-動作2,400,2,0,劍攻擊,"4,300,300,27000,0",CameraShakeGrade_1,1,0,1,5,333,1,,,,,,,,,,,,,
0,0,0,0,0,"21,227,386,567",31,150,19,0,1,0,1,0,0,0,1,skill_sword_attack3,skill_sword_attack3,knife03,14,670,1,-1,劍攻擊-動作3,400,2,0,劍攻擊,"4,300,300,27000,0",CameraShakeGrade_2,1,0,1,5,333,1,,,,,,,,,,,,,
0,0,0,0,0,,18,0,20,0,1,0,1,0,0,0,0,jump_roll,,playerroll,,400,1,2000,玩家翻滾,,2,0,玩家翻滾,,,1,0,,,,,19,skill-icon-20,,,,,,,,,,,
0,0,0,0,0,15,,300,21,0,1,0,1,0,0,0,0,normal_chudi,,ranged_RPG_attack2_audio,37,500,1,-1,單體鋤地 - 普通攻擊,,2,0,單體鋤地,,,1,0,1,1,1000,7,,,skill_rock_hurt,,,,,,,,,,
0,0,0,0,0,419,,0,22,0,1,1,1,1,0,0,0,ranged_RPG_attack5,Skill_watering,ranged_RPG_attack5_audio,,0,1,-1,單體澆水 - 普通攻擊,,2,0,單體澆水,,,1,0,1,3,1000,8,,,,,,,,,,,,,
0,0,0,0,0,,,280,23,0,1,0,1,0,0,0,0,A-bozhong-NEW,Skill_seeding,A-bozhong-NEW_audio,,400,1,-1,單體播種,,2,0,單體播種,,,1,0,,2,,,,,skill_tree_hurt,,,,,,,,,,
0,0,0,0,0,,,280,24,0,1,0,1,0,0,0,0,ranged_RPG_reload,Skill_fertilize,playerroll,,400,1,-1,單體施肥,,2,0,單體施肥,,,1,0,,4,,,,,skill_tree_hurt,,,,,,,,,,
0,0,0,0,0,"15,17,416",,350,25,0,1,0,1,0,0,0,0,normal_gaozi,Skill_mine,ranged_RPG_attack4_audio,30,500,1,-1,單體鎬子挖 - 普通攻擊,,2,0,單體鎬子挖,"4,300,150,27000,0",CameraShakeGrade_1,1,0,1,"7,8",1000,6,,,skill_rock_hurt,,,,,,,,,,
0,0,0,0,0,"15,17,417",,350,26,0,1,0,1,0,0,0,0,normal_futou,Skill_chop,ranged_RPG_attack3_audio,23,500,1,-1,單體斧頭砍 - 普通攻擊,,2,0,單體斧頭砍,"4,300,150,27000,0",CameraShakeGrade_1,1,0,1,6,1000,5,,,skill_tree_hurt,,,,,,,,,,
1,0,1,0,0,"227,1","188,226",730,31,1,1,0,1,0,0,0,1,attack,,Dog_Attack,,1430,1,0,罐頭狗近戰,300,2,0,罐頭狗近戰,"4,300,200,12000,0",,1,0,1,,,,,,,,,,,,,,,,
1,0,1,0,0,15,"216,189",700,32,1,1,0,1,0,0,0,1,attack,,SKill_Pumpkin_attkar_rush,,1333,1,0,南瓜先生近戰,400,2,0,南瓜先生近戰,"4,300,200,12000,0",,1,0,1,,,,,,,,,,,,,,,,
1,0,1,0,0,15,"190,215",1100,33,1,1,0,1,0,0,0,1,attack,,Catus_Attack,,1660,1,0,火龍果士兵近戰,450,2,0,火龍果士兵近戰,"4,300,300,9000,0",,1,0,1,,,,,,,,,,,,,,,,
1,0,1,0,0,15,,1000,34,1,1,0,1,0,0,0,1,attack,,Dryad_Attack,,1860,1,1000,樹人近戰,,2,0,樹人近戰,"2,300,0",,1,0,1,,,,,,,,,,,,,,,,
1,0,0,0,0,"15,29",28,1000,35,1,1,0,1,0,0,0,1,attack,,Dryad_Attack,,1860,1,5000,狼王近戰,,2,0,狼王近戰,"4,800,700,36000,0",CameraShakeGrade_2,1,0,1,,,,,,,,,,,,,,,,
1,0,0,0,0,"15,29",28,300,36,1,1,0,1,0,0,0,1,attack,,Dryad_Attack,,1860,1,10000,狼王衝鋒,,2,0,狼王衝鋒,"1,500,100,1,0",CameraShakeGrade_3,1,0,1,,,,,,,,,,,,,,,,
1,0,0,0,0,"15,29",28,1000,37,1,1,0,1,0,0,0,1,attack,,Dryad_Attack,,1860,1,20000,狼王捶地,,2,0,狼王捶地,"4,800,700,36000,0",CameraShakeGrade_3,1,0,1,,,,,,,,,,,,,,,,
1,0,0,0,0,"15,29",28,0,38,1,1,0,1,0,0,0,1,attack,,Dryad_Attack,,1860,1,30000,狼王咆哮,,2,0,狼王咆哮,"2,750,0",CameraShakeGrade_3,1,0,1,,,,,,,,,,,,,,,,
1,0,0,0,0,29,28,1860,39,1,1,0,1,0,0,0,1,attack,,Dryad_Attack,,1860,1,60000,狼王引月,1000,2,0,狼王引月,,CameraShakeGrade_3,1,0,1,,,,,,,,,,,,,,,,
1,0,1,0,0,15,,400,40,0,1,0,1,0,1,0,1,attack_far,,Skill_Pumpkin_atkar_Basic,,767,1,2000,南瓜先生遠程攻擊,2000,2,2,南瓜先生遠程,"2,200,0",,1,1,1,,,,,skill-icon-40,,0,top_down_bomb_1,1,,,,,,,
0,0,0,0,0,21,,1500,41,1,1,1,1,0,0,0,0,attack,,monsterattack,,2000,1,5000,技能池測試用技能,500,,0,技能池測試用技能,"2,750,0",,1,0,1,,,,,,,,,,,,,,,,
0,0,0,0,0,,,0,42,0,1,0,1,0,0,0,0,,,,,100,1,-1,被動技能測試,,1,0,被動技能測試,,,1,0,,,,,,,,,,,0,32,,,,,
0,0,0,0,0,,,0,43,0,1,0,1,0,0,0,0,,,,,100,1,-1,被動技能測試,,1,0,被動技能測試,,,1,0,,,,,,,,,,,0,33,,,,,
0,0,0,0,0,,,0,44,0,1,0,1,0,0,0,0,,,,,100,1,-1,Buff層數測試,,2,0,Buff層數測試,,,1,0,,,,,34,,,,,,0,,,,,,
0,0,0,0,0,23,,0,45,0,1,0,1,0,0,0,0,attack,,,,0,1,1000,眩暈測試,1,2,0,眩暈測試,,,1,0,1,,,,,,,,,,,,,,,,
0,0,0,0,0,36,,150,46,0,1,0,1,0,0,0,0,skill_sword_attack1,skill_sword_attack1,knife01,14,670,1,-1,流血技能測試,45,2,0,流血技能測試,"4,300,300,27000,0",,1,0,1,,,,,,,,,,,,,,,,
0,0,0,0,0,,"41,42",0,47,0,1,0,1,0,0,0,0,A-skill-chongci,,playerroll,,400,1,-1,衝刺技能測試,,2,0,衝刺技能測試,"1,200,500,100,0",,1,0,1,,,,,,,,,,,,,,,,
0,0,0,0,0,,,0,48,0,1,0,1,0,0,0,0,,,,,0,1,-1,空手攻擊觸發劍攻擊被動,,1,0,空手攻擊觸發劍攻擊被動,,,1,0,,,,,,,,,,,,43,,,,,
0,0,0,0,0,,,180,49,0,1,0,1,0,0,0,0,skill_attack1,,Punch,,670,1,-1,持續單體技能測試,,2,0,持續單體技能測試,"4,800,700,36000,0",,1,0,,,,,44,,,,,,,,,,,,
0,0,0,0,0,,,180,50,0,1,0,1,0,0,0,0,skill_attack1,,Punch,,670,1,-1,持續群體技能測試,,2,0,持續群體技能測試,"4,800,700,36000,0",,1,0,,,,,45,,,,,,,,,,,,
0,0,0,,0,,,,51,0,1,0,1,0,0,0,0,,,,,,1,-1,Lv 1 戰鬥主幹,,1,0,Lv 1 戰鬥主幹,,,1,0,,,,,,skill-icon-51,,,,,,46,,,,,
0,0,0,,0,,,,52,0,1,0,1,0,0,0,0,,,,,,1,-1,Lv 2 戰鬥主幹,,1,0,Lv 2 戰鬥主幹,,,1,0,,,,,,skill-icon-52,,,,,,47,,,,,
0,0,0,,0,,,,53,0,1,0,1,0,0,0,0,,,,,,1,-1,Lv 3 戰鬥主幹,,1,0,Lv 3 戰鬥主幹,,,1,0,,,,,,skill-icon-53,,,,,,48,,,,,
0,0,0,,0,,,,54,0,1,0,1,0,0,0,0,,,,,,1,-1,Lv 4 戰鬥主幹,,1,0,Lv 4 戰鬥主幹,,,1,0,,,,,,skill-icon-54,,,,,,49,,,,,
0,0,0,,0,,,,55,0,1,0,1,0,0,0,0,,,,,,1,-1,Lv 5 戰鬥主幹,,1,0,Lv 5 戰鬥主幹,,,1,0,,,,,,skill-icon-55,,,,,,50,,,,,
0,0,0,,0,,,,56,0,1,0,1,0,0,0,0,,,,,,1,-1,Lv 6 戰鬥主幹,,1,0,Lv 6 戰鬥主幹,,,1,0,,,,,,skill-icon-56,,,,,,51,,,,,
0,0,0,,0,,,,57,0,1,0,1,0,0,0,0,,,,,,1,-1,Lv 7 戰鬥主幹,,1,0,Lv 7 戰鬥主幹,,,1,0,,,,,,skill-icon-57,,,,,,52,,,,,
0,0,0,,0,,,,58,0,1,0,1,0,0,0,0,,,,,,1,-1,Lv 8 戰鬥主幹,,1,0,Lv 8 戰鬥主幹,,,1,0,,,,,,skill-icon-58,,,,,,53,,,,,
0,0,0,,0,,,,59,0,1,0,1,0,0,0,0,,,,,,1,-1,Lv 9 戰鬥主幹,,1,0,Lv 9 戰鬥主幹,,,1,0,,,,,,skill-icon-59,,,,,,54,,,,,
0,0,0,,0,,,,60,0,1,0,1,0,0,0,0,,,,,,1,-1,Lv 1 戰鬥暴擊,,1,0,Lv 1 戰鬥暴擊,,,1,0,,,,,,skill-icon-60,,,,,,55,,,,,
0,0,0,,0,,,,61,0,1,0,1,0,0,0,0,,,,,,1,-1,Lv 2 戰鬥暴擊,,1,0,Lv 2 戰鬥暴擊,,,1,0,,,,,,skill-icon-61,,,,,,56,,,,,
0,0,0,,0,,,,62,0,1,0,1,0,0,0,0,,,,,,1,-1,Lv 3 戰鬥暴擊,,1,0,Lv 3 戰鬥暴擊,,,1,0,,,,,,skill-icon-62,,,,,,57,,,,,
0,0,0,0,0,"58,238",22,350,63,0,1,0,1,0,0,0,0,A-skill-zhanzhengjianta,Skill_warTrampling,Skill_trampling,,665,1,5000," [113]使一定范围内的敌人头晕。
",0,2,0,[31]踐踏,"2,200,0",WarTrampling,1,0,1,,,"1,2,3",,skill-icon-63,,,,,,,,,,,
0,0,0,0,0,"495,238,386,227","483,22",350,64,0,1,0,1,0,0,0,0,A-skill-zhanzhengjianta,Skill_warTrampling_3,Skill_trampling,,665,1,8000," [114]使一定范围内的敌人头晕，在释放技能期间无法命中。
",0,2,0, [32]戰爭踐踏,"2,300,0",WarTrampling,1,0,1,,,"1,2,3",,skill-icon-64,,,,,,,,,,,
0,0,0,0,0,"457,445,388",22,550,65,0,1,0,1,0,0,0,0,A-chuisanlianji-2-NEW,Skill_Sweeping,Skill_Swepping,,1000,1,5000," [115]击败你面前的大范围敌人，并造成暂时的头晕。
",0,2,0, [33]橫掃,"4,300,300,27000,0",WarTrampling,1,0,1,,,"1,2,3",,skill-icon-65,,,,,,,,,,,
0,0,0,,0,,,,66,0,1,0,1,0,0,0,0,,,,,,1,-1,有1%概率獲得雙倍作物，提升可用裝備等級到1級,,1,0,Lv 1 農牧主幹,,,1,0,,,,,,skill-icon-66,,,,,,"240,242,245,249",,,,,
0,0,0,,0,,,,67,0,1,0,1,0,0,0,0,,,,,,1,-1,有2%概率獲得雙倍作物，提升可用裝備等級到2級,,1,0,Lv 2 農牧主幹,,,1,0,,,,,,skill-icon-67,,,,,,"243,242,246,249",,,,,
0,0,0,,0,,,,68,0,1,0,1,0,0,0,0,,,,,,1,-1,有3%概率獲得雙倍作物，可以成功種植2級作物，提升可用裝備等級到3級,,1,0,Lv 3 農牧主幹,,,1,0,,,,,,skill-icon-68,,,,,,"244,242,247,249",,,,,
0,0,0,,0,,,,69,0,1,0,1,0,0,0,0,,,,,,1,-1,有4%概率獲得雙倍作物，提升可用裝備等級到4級,,1,0,Lv 4 農牧主幹,,,1,0,,,,,,skill-icon-69,,,,,,"250,242,253,249",,,,,
0,0,0,,0,,,,70,0,1,0,1,0,0,0,0,,,,,,1,-1,有5%概率獲得雙倍作物，提升可用裝備等級到5級,,1,0,Lv 5 農牧主幹,,,1,0,,,,,,skill-icon-70,,,,,,"251,242,254,249",,,,,
0,0,0,,0,,,,71,0,1,0,1,0,0,0,0,,,,,,1,-1,有6%概率獲得雙倍作物，可以成功種植3級作物，提升可用裝備等級到6級,,1,0,Lv 6 農牧主幹,,,1,0,,,,,,skill-icon-71,,,,,,"252,242,255,249",,,,,
0,0,0,,0,,,,72,0,1,0,1,0,0,0,0,,,,,,1,-1,有7%概率獲得雙倍作物，提升可用裝備等級到7級,,1,0,Lv 7 農牧主幹,,,1,0,,,,,,skill-icon-72,,,,,,"242,249,271,274",,,,,
0,0,0,,0,,,,73,0,1,0,1,0,0,0,0,,,,,,1,-1,有8%概率獲得雙倍作物，提升可用裝備等級到8級,,1,0,Lv 8 農牧主幹,,,1,0,,,,,,skill-icon-73,,,,,,"242,249,272,275",,,,,
0,0,0,,0,,,,74,0,1,0,1,0,0,0,0,,,,,,1,-1,有9%概率獲得雙倍作物，可以成功種植4級作物，提升可用裝備等級到9級,,1,0,Lv 9 農牧主幹,,,1,0,,,,,,skill-icon-74,,,,,,"242,249,273,276",,,,,
0,0,0,,0,,,,75,0,1,0,1,0,0,0,0,,,,,,1,-1,加快鋤頭的揮動速度10%,,1,0,Lv 1 鋤頭精通,,,1,0,,,,,,skill-icon-75,,,,,,72,,,,,
0,0,0,,0,,,,76,0,1,0,1,0,0,0,0,,,,,,1,-1,加快鋤頭的揮動速度20%,,1,0,Lv 2 鋤頭精通,,,1,0,,,,,,skill-icon-76,,,,,,73,,,,,
0,0,0,,0,,,,77,0,1,0,1,0,0,0,0,,,,,,1,-1,加快鋤頭的揮動速度30%,,1,0,Lv 3 鋤頭精通,,,1,0,,,,,,skill-icon-77,,,,,,74,,,,,
0,0,0,,0,,,,78,0,1,0,1,0,0,0,0,,Skill_watering,ranged_RPG_attack5_audio,,,1,-1,由你澆水的作物保濕概率增加5%,,1,0,Lv 1 澆水精通,,,1,0,,,,,,skill-icon-78,,,,,,75,,,,,
0,0,0,,0,,,,79,0,1,0,1,0,0,0,0,,Skill_watering,ranged_RPG_attack5_audio,,,1,-1,由你澆水的作物保濕概率增加10%,,1,0,Lv 2 澆水精通,,,1,0,,,,,,skill-icon-79,,,,,,76,,,,,
0,0,0,,0,,,,80,0,1,0,1,0,0,0,0,,Skill_watering,ranged_RPG_attack5_audio,,,1,-1,由你澆水的作物保濕概率增加15%,,1,0,Lv 3 澆水精通,,,1,0,,,,,,skill-icon-80,,,,,,77,,,,,
0,0,0,,0,,,,81,0,1,0,1,0,0,0,0,,,,,,1,-1,採集資源翻倍的概率提高1%，提升可用裝備等級到1級,,1,0,Lv 1 採集主幹,,,1,0,,,,,,skill-icon-81,,,,,,"265,266,267,268,269,270",,,,,
0,0,0,,0,,,,82,0,1,0,1,0,0,0,0,,,,,,1,-1,採集資源翻倍的概率提高1%，提升可用裝備等級到2級,,1,0,Lv 2 採集主幹,,,1,0,,,,,,skill-icon-82,,,,,,"265,266,267,268,269,270",,,,,
0,0,0,,0,,,,83,0,1,0,1,0,0,0,0,,,,,,1,-1,採集資源翻倍的概率提高1%，能更高效地採集2級資源，提升可用裝備等級到3級,,1,0,Lv 3 採集主幹,,,1,0,,,,,,skill-icon-83,,,,,,"265,266,267,268,269,270",,,,,
0,0,0,,0,,,,84,0,1,0,1,0,0,0,0,,,,,,1,-1,採集資源翻倍的概率提高1%，提升可用裝備等級到4級,,1,0,Lv 4 採集主幹,,,1,0,,,,,,skill-icon-84,,,,,,"265,266,267,268,269,270",,,,,
0,0,0,,0,,,,85,0,1,0,1,0,0,0,0,,,,,,1,-1,採集資源翻倍的概率提高1%，提升可用裝備等級到5級,,1,0,Lv 5 採集主幹,,,1,0,,,,,,skill-icon-85,,,,,,"265,266,267,268,269,270",,,,,
0,0,0,,0,,,,86,0,1,0,1,0,0,0,0,,,,,,1,-1,採集資源翻倍的概率提高1%，能更高效地採集3級資源，提升可用裝備等級到6級,,1,0,Lv 6 採集主幹,,,1,0,,,,,,skill-icon-86,,,,,,"265,266,267,268,269,270",,,,,
0,0,0,,0,,,,87,0,1,0,1,0,0,0,0,,,,,,1,-1,採集資源翻倍的概率提高1%，提升可用裝備等級到7級,,1,0,Lv 7 採集主幹,,,1,0,,,,,,skill-icon-87,,,,,,"265,266,267,268,269,270",,,,,
0,0,0,,0,,,,88,0,1,0,1,0,0,0,0,,,,,,1,-1,採集資源翻倍的概率提高1%，提升可用裝備等級到8級,,1,0,Lv 8 採集主幹,,,1,0,,,,,,skill-icon-88,,,,,,"265,266,267,268,269,270",,,,,
0,0,0,,0,,,,89,0,1,0,1,0,0,0,0,,,,,,1,-1,採集資源翻倍的概率提高1%，能更高效地採集4級資源，提升可用裝備等級到9級,,1,0,Lv 9 採集主幹,,,1,0,,,,,,skill-icon-89,,,,,,"265,266,267,268,269,270",,,,,
0,0,0,,0,,,,90,0,1,0,1,0,0,0,0,,,,,,1,-1,加快揮動斧子的速度10%,,1,0,Lv 1 斧子精通,,,1,0,,,,,,skill-icon-90,,,,,,90,,,,,
0,0,0,,0,,,,91,0,1,0,1,0,0,0,0,,,,,,1,-1,加快揮動斧子的速度20%,,1,0,Lv 2 斧子精通,,,1,0,,,,,,skill-icon-91,,,,,,91,,,,,
0,0,0,,0,,,,92,0,1,0,1,0,0,0,0,,,,,,1,-1,加快揮動斧子的速度30%,,1,0,Lv 3 斧子精通,,,1,0,,,,,,skill-icon-92,,,,,,92,,,,,
0,0,0,,0,,,,93,0,1,0,1,0,0,0,0,,,,,,1,-1,砍樹暴擊概率增加5%,,1,0,Lv 1 伐木技巧,,,1,0,,,,,,skill-icon-93,,,,,,93,,,,,
0,0,0,,0,,,,94,0,1,0,1,0,0,0,0,,,,,,1,-1,砍樹暴擊概率增加10%,,1,0,Lv 2 伐木技巧,,,1,0,,,,,,skill-icon-94,,,,,,94,,,,,
0,0,0,,0,,,,95,0,1,0,1,0,0,0,0,,,,,,1,-1,砍樹暴擊概率增加15%,,1,0,Lv 3 伐木技巧,,,1,0,,,,,,skill-icon-95,,,,,,95,,,,,
0,0,0,0,0,,,0,30,0,1,1,1,1,0,0,0,A-fumo-NEW,Skill_touch,A-fumo-NEW_audio,,0,1,-1,單體撫摸,,2,0,單體撫摸,,,1,0,,10,1000,9,,,skill_rock_hurt,,,,,,,,,,
0,0,0,0,0,,,330,29,0,1,1,1,1,0,0,0,A-jinai-NEW,Skill_milking,playerroll,,400,1,-1,單體擠奶,,2,0,單體擠奶,,,1,0,,12,1000,11,,,skill_rock_hurt,,,,,,,,,,
0,0,0,0,0,,,330,28,0,1,1,1,1,0,0,0,A-jianmao-NEW,Skill_cutting,A-jianmao-NEW_audio,,400,1,-1,單體剪毛,,2,0,單體剪毛,,,1,0,,11,1000,10,,,skill_tree_hurt,,,,,,,,,,
0,0,0,0,0,,,280,27,0,1,0,1,0,0,0,0,A-bozhong-NEW,Skill_feeding,playerroll,,400,1,-1,單體放飼料,,2,0,單體放飼料,"4,300,150,27000,0",,1,0,,9,,,,,,,,,,,,,,,
1,0,0,,0,1,"191,217",667,96,1,1,0,1,0,0,0,0,attack,,Skill_Bee_attack,,1000,1,3000,Bee attack,450,2,0,蜜蜂攻擊,"4,300,200,12000,0",CameraShakeGrade_1,1,0,1,,,,,,,,,,,,,,,,
0,0,0,0,0,,,200,97,0,1,0,1,0,0,0,0,A-bozhong-NEW,Skill_seeding_2,A-bozhong-NEW_audio,,660,1,-1,播種,,2,0,播種技能,,,1,0,,2,,,,skill-icon-97,skill_tree_hurt,,,,,,,,,,
0,0,0,0,0,,,200,98,0,1,0,1,0,0,0,0,A-bozhong-NEW,Skill_fertilize_2,playerroll,,660,1,-1,施肥技能,,2,0,施肥技能,,,1,0,,4,,,,skill-icon-98,skill_tree_hurt,,,,,,,,,,
0,0,0,0,0,419,,300,99,0,1,1,1,1,0,0,0,A1-jiaoguan-NEW,Skill_watering_2,ranged_RPG_attack5_audio,,660,1,15000,範圍澆灌技能,,2,0,Lv 1 群體澆水,"2,100,0",,1,0,1,3,700,8,,skill-icon-99,skill_rock_hurt,,,,,,,,,,
0,0,0,0,0,419,,300,100,0,1,1,1,1,0,0,0,A1-jiaoguan-NEW,Skill_watering_2,ranged_RPG_attack5_audio,,660,1,15000,範圍澆灌技能,,2,0,Lv 2 群體澆水,"2,200,0",,1,0,1,3,800,8,,skill-icon-100,skill_rock_hurt,,,,,,,,,,
0,0,0,0,0,419,,300,101,0,1,1,1,1,0,0,0,A1-jiaoguan-NEW,Skill_watering_2,ranged_RPG_attack5_audio,,660,1,15000,範圍澆灌技能,,2,0,Lv 3 群體澆水,"2,300,0",,1,0,1,3,900,8,,skill-icon-101,skill_rock_hurt,,,,,,,,,,
0,0,0,0,0,15,,300,102,0,1,0,1,0,0,0,0,A1-chutouzhongji-NEW,Skill_dig,ranged_RPG_attack2_audio,,660,1,10000,直線鋤地技能,,2,0,Lv 1 群體耕地,"1,200,200,50,0",CameraShakeGrade_1,1,0,1,1,1000,7,,skill-icon-102,skill_rock_hurt,,,,,,,,,,
0,0,0,0,0,15,,300,103,0,1,0,1,0,0,0,0,A1-chutouzhongji-NEW,Skill_dig,ranged_RPG_attack2_audio,,660,1,10000,直線鋤地技能,,2,0,Lv 2 群體耕地,"1,400,200,50,0",CameraShakeGrade_1,1,0,1,1,1000,7,,skill-icon-103,skill_rock_hurt,,,,,,,,,,
0,0,0,0,0,15,,300,104,0,1,0,1,0,0,0,0,A1-chutouzhongji-NEW,Skill_dig,ranged_RPG_attack2_audio,,660,1,10000,直線鋤地技能,,2,0,Lv 3 群體耕地,"1,600,200,50,0",CameraShakeGrade_1,1,0,1,1,1000,7,,skill-icon-104,skill_rock_hurt,,,,,,,,,,
0,0,0,,0,,,,105,0,1,0,1,0,0,0,0,,,,,,1,-1,收穫作物時有5%概率獲得作物的種子,,1,0,Lv 1 精心的收穫者,,,1,0,,,,,,skill-icon-105,,,,,,96,,,,,
0,0,0,,0,,,,106,0,1,0,1,0,0,0,0,,,,,,1,-1,收穫作物時有10%概率獲得作物的種子,,1,0,Lv 2 精心的收穫者,,,1,0,,,,,,skill-icon-106,,,,,,97,,,,,
0,0,0,,0,,,,107,0,1,0,1,0,0,0,0,,,,,,1,-1,收穫作物時有15%概率獲得作物的種子,,1,0,Lv 3 精心的收穫者,,,1,0,,,,,,skill-icon-107,,,,,,98,,,,,
0,0,0,,0,,,,108,0,1,0,1,0,0,0,0,,,,,,1,-1,在家園中的移動速度增加10%,,1,0,Lv 1 歡愉步伐,,,1,0,,,,,,skill-icon-108,,,,,,99,,,,,
0,0,0,,0,,,,109,0,1,0,1,0,0,0,0,,,,,,1,-1,在家園中的移動速度增加20%,,1,0,Lv 2 歡愉步伐,,,1,0,,,,,,skill-icon-109,,,,,,100,,,,,
0,0,0,,0,,,,110,0,1,0,1,0,0,0,0,,,,,,1,-1,在家園中的移動速度增加30%,,1,0,Lv 3 歡愉步伐,,,1,0,,,,,,skill-icon-110,,,,,,101,,,,,
1,0,0,,0,15,193,667,111,1,1,0,1,0,0,0,0,attack,,Skill_CrystalBeast_attack,,1000,1,3000,Crystalback Beast attack,180,2,0,葉子怪攻擊,"4,300,200,12000,04,300,150,27000,0",CameraShakeGrade_1,1,0,1,,,,,,,,,,,,,,,,
0,0,0,,0,15,192,600,112,1,1,0,1,0,0,0,0,attack,,Skill_CrystalLizard_attack,,833,1,3000,Crystal Lizard attack,180,2,0,礦石貓攻擊,"4,300,150,27000,02,200,0",CameraShakeGrade_1,1,0,1,,,,,,,,,,,,,,,,
0,0,0,,0,,,,113,0,1,0,1,0,0,0,0,,,,,,1,-1,增加對怪物的暴擊傷害10%,,1,0,Lv 1 戰鬥暴傷,,,1,0,,,,,,skill-icon-113,,,,,,102,,,,,
0,0,0,,0,,,,114,0,1,0,1,0,0,0,0,,,,,,1,-1,增加對怪物的暴擊傷害20%,,1,0,Lv 2 戰鬥暴傷,,,1,0,,,,,,skill-icon-114,,,,,,103,,,,,
0,0,0,,0,,,,115,0,1,0,1,0,0,0,0,,,,,,1,-1,增加對怪物的暴擊傷害30%,,1,0,Lv 3 戰鬥暴傷,,,1,0,,,,,,skill-icon-115,,,,,,104,,,,,
0,0,0,,0,,,,116,0,1,0,1,0,0,0,0,,,,,,1,-1,移動速度增加10%,,1,0,Lv 1 迅捷步伐,,,1,0,,,,,,skill-icon-116,,,,,,119,,,,,
0,0,0,,0,,,,117,0,1,0,1,0,0,0,0,,,,,,1,-1,移動速度增加20%,,1,0,Lv 2 迅捷步伐,,,1,0,,,,,,skill-icon-117,,,,,,120,,,,,
0,0,0,,0,,,,118,0,1,0,1,0,0,0,0,,,,,,1,-1,移動速度增加30%,,1,0,Lv 3 迅捷步伐,,,1,0,,,,,,skill-icon-118,,,,,,121,,,,,
0,0,0,,0,,,,119,0,1,0,1,0,0,0,0,,,,,,1,-1,每20秒不受傷害，獲得10%對怪物傷害加成,,1,0,Lv 1 刀尖舞步,,,1,0,,,,,,skill-icon-119,,,,,,116,,,,,
0,0,0,,0,,,,120,0,1,0,1,0,0,0,0,,,,,,1,-1,每10秒不受傷害，獲得10%對怪物傷害加成,,1,0,Lv 2 刀尖舞步,,,1,0,,,,,,skill-icon-120,,,,,,117,,,,,
0,0,0,,0,,,,121,0,1,0,1,0,0,0,0,,,,,,1,-1,每5秒不受傷害，獲得10%對怪物傷害加成,,1,0,Lv 3 刀尖舞步,,,1,0,,,,,,skill-icon-121,,,,,,118,,,,,
0,0,0,0,0,,"108,113,464",0,122,0,1,0,1,0,0,0,0,A-skill-chongci,Skill_Rush_Instancer,Skill_rush,,334,1,5000," [116]冲刺，将敌人推开。
",0,2,0, [34]衝鋒,"1,200,500,100,0",CameraShakeGrade_1,1,0,1,,,,,skill-icon-122,,,,,,,,,,,
0,0,0,0,0,"109,385,471","464,486",0,123,0,1,0,1,0,0,0,0,gongjian_attack3,,playerroll,,300,1,7000," [117]在你面前的一个小范围内击退敌人并向后翻转。
",500,2,0, [35]逃脫,"4,300,200,18000,0",CameraShakeGrade_1,1,0,1,,,,,skill-icon-123,,,,,,,,,,,
0,0,0,0,0,"227,388,471","464,487",500,124,0,1,0,1,0,0,0,0,A1-gaozi-AOE-NEW,Skill_JumpHit,Skill_JumpHit,,567,1,5000," [118]向附近的敌人跳跃，并在着陆点造成范围头晕和伤害。
",800,2,0, [36]追擊,"2,300,0",CameraShakeGrade_2,1,0,1,,,,,skill-icon-124,,,,,,,,,,,
0,0,0,,0,,,,125,0,1,0,1,0,0,0,0,,,,,,1,-1,獲得2%的閃避率,,1,0,Lv 1 迷蹤步,,,1,0,,,,,,skill-icon-125,,,,,,122,,,,,
0,0,0,,0,,,,126,0,1,0,1,0,0,0,0,,,,,,1,-1,獲得4%的閃避率,,1,0,Lv 2 迷蹤步,,,1,0,,,,,,skill-icon-126,,,,,,123,,,,,
0,0,0,,0,,,,127,0,1,0,1,0,0,0,0,,,,,,1,-1,獲得6%的閃避率,,1,0,Lv 3 迷蹤步,,,1,0,,,,,,skill-icon-127,,,,,,124,,,,,
0,0,0,,0,,,,128,0,1,0,1,0,0,0,0,,,,,,1,-1,角色每損失1%生命值，獲得0.1%傷害加成,,1,0,Lv 1 血怒,,,1,0,,,,,,skill-icon-128,,,,,,125,,,,,
0,0,0,,0,,,,129,0,1,0,1,0,0,0,0,,,,,,1,-1,角色每損失1%生命值，獲得0.3%傷害加成,,1,0,Lv 2 血怒,,,1,0,,,,,,skill-icon-129,,,,,,126,,,,,
0,0,0,,0,,,,130,0,1,0,1,0,0,0,0,,,,,,1,-1,角色每損失1%生命值，獲得0.5%傷害加成,,1,0,Lv 3 血怒,,,1,0,,,,,,skill-icon-130,,,,,,127,,,,,
0,0,0,,0,,,,131,0,1,0,1,0,0,0,0,,,,,,1,-1,攻擊速度提高10%,,1,0,Lv 1 疾風驟雨,,,1,0,,,,,,skill-icon-131,,,,,,131,,,,,
0,0,0,,0,,,,132,0,1,0,1,0,0,0,0,,,,,,1,-1,攻擊速度提高20%,,1,0,Lv 2 疾風驟雨,,,1,0,,,,,,skill-icon-132,,,,,,132,,,,,
0,0,0,,0,,,,133,0,1,0,1,0,0,0,0,,,,,,1,-1,攻擊速度提高30%,,1,0,Lv 3 疾風驟雨,,,1,0,,,,,,skill-icon-133,,,,,,133,,,,,
0,0,0,,0,,,,134,0,1,0,1,0,0,0,0,,,,,,1,-1,"[136]戰鬥命中 + 2%
",,1,0, [136]Lv 1精确,,,1,0,,,,,,skill-icon-134,,,,,,504,,,,,
0,0,0,,0,,,,135,0,1,0,1,0,0,0,0,,,,,,1,-1," [137]戰鬥命中 + 4%
",,1,0, [137]Lv 2精确,,,1,0,,,,,,skill-icon-135,,,,,,505,,,,,
0,0,0,,0,,,,136,0,1,0,1,0,0,0,0,,,,,,1,-1," [138]戰鬥命中 + 6%
",,1,0, [138]Lv 3精确,,,1,0,,,,,,skill-icon-136,,,,,,506,,,,,
0,0,0,0,0,,22,200,137,0,1,0,1,0,0,0,0,A-jianwu,Skill_bladeFlurry,Skill_airblade,,1200,1,8000," [119]在小范围内随机攻击5次。
",0,2,0, [37]連擊,"2,300,0",CameraShakeGrade_2,1,0,1,,,"1,2,3","137,488",skill-icon-137,,,,,,,,,,,
0,0,0,0,0,1,,200,138,0,1,0,1,0,1,0,1,A-1diuzhadan,,Skill_Throw,,660,1,2000," [120]投掷炸弹，对爆炸范围内的敌人造成高伤害。
",1500,2,9, [38]爆炸技巧,"2,400,0",,1,0,1,,,,"510,511",skill-icon-138,skill_tree_hurt,,top_down_Normal_3,1,,,,,,,
0,0,0,0,1,,"485,467",750,139,0,1,0,1,0,0,1,0,A-1baoqi,Skill_gainBuff_Chosen,Skill_Saiyan,,3000,1,20000," [121]在短时间的能量积累后，释放体内的能量，对一定范围内的敌人造成持续高伤害。在释放技能期间，保持无法命中状态。
",0,2,0, [39]不屈不撓,"2,400,0",Saiyan,1,0,1,,,,"140,488,484",skill-icon-139,,,,,,,,,,,
0,0,0,,0,,,400,140,0,1,0,1,0,0,0,0,A1-qirenzhan-NEW,Skill_airBlade,A1-qirenzhan-NEW,,650,1,20000,大力揮動手中的斧子，產生小範圍氣刃攻擊，對範圍內的樹木造成傷害,,2,0,Lv 1 群體伐木,"4,800,200,12000,0",CameraShakeGrade_3,1,0,1,6,1000,5,,skill-icon-140,skill_tree_hurt,,,,,,,,,,
0,0,0,,0,,,400,141,0,1,0,1,0,0,0,0,A1-qirenzhan-NEW,Skill_airBlade,A1-qirenzhan-NEW,,650,1,20000,大力揮動手中的斧子，產生中等範圍氣刃攻擊，對範圍內的樹木造成傷害,,2,0,Lv 2 群體伐木,"4,800,400,12000,0",CameraShakeGrade_3,1,0,1,6,1000,5,,skill-icon-141,skill_tree_hurt,,,,,,,,,,
0,0,0,,0,,,400,142,0,1,0,1,0,0,0,0,A1-qirenzhan-NEW,Skill_airBlade,A1-qirenzhan-NEW,,650,1,20000,大力揮動手中的斧子，產生大範圍氣刃攻擊，對範圍內的樹木造成傷害,,2,0,Lv 3 群體伐木,"4,800,600,12000,0",CameraShakeGrade_3,1,0,1,6,1000,5,,skill-icon-142,skill_tree_hurt,,,,,,,,,,
0,0,0,,0,,,,143,0,1,0,1,0,0,0,0,,,,,,1,-1,砍樹掉落翻倍概率增加3%,,1,0,Lv 1 木材收集者,,,1,0,,,,,,skill-icon-143,,,,,,147,,,,,
0,0,0,,0,,,,144,0,1,0,1,0,0,0,0,,,,,,1,-1,砍樹掉落翻倍概率增加6%,,1,0,Lv 2 木材收集者,,,1,0,,,,,,skill-icon-144,,,,,,148,,,,,
0,0,0,,0,,,,145,0,1,0,1,0,0,0,0,,,,,,1,-1,砍樹掉落翻倍概率增加9%,,1,0,Lv 3 木材收集者,,,1,0,,,,,,skill-icon-145,,,,,,149,,,,,
0,0,0,,0,,,,146,0,1,0,1,0,0,0,0,,,,,,1,-1,提升砍樹傷害10%,,1,0,Lv 1 樹木收割者,,,1,0,,,,,,skill-icon-146,,,,,,150,,,,,
0,0,0,,0,,,,147,0,1,0,1,0,0,0,0,,,,,,1,-1,提升砍樹傷害20%,,1,0,Lv 2 樹木收割者,,,1,0,,,,,,skill-icon-147,,,,,,151,,,,,
0,0,0,,0,,,,148,0,1,0,1,0,0,0,0,,,,,,1,-1,提升砍樹傷害30%,,1,0,Lv 3 樹木收割者,,,1,0,,,,,,skill-icon-148,,,,,,152,,,,,
0,0,0,,0,,,,149,0,1,0,1,0,0,0,0,,,,,,1,-1,提升採礦傷害10%,,1,0,Lv 1 礦石收割者,,,1,0,,,,,,skill-icon-149,,,,,,153,,,,,
0,0,0,,0,,,,150,0,1,0,1,0,0,0,0,,,,,,1,-1,提升採礦傷害20%,,1,0,Lv 2 礦石收割者,,,1,0,,,,,,skill-icon-150,,,,,,154,,,,,
0,0,0,,0,,,,151,0,1,0,1,0,0,0,0,,,,,,1,-1,提升採礦傷害30%,,1,0,Lv 3 礦石收割者,,,1,0,,,,,,skill-icon-151,,,,,,155,,,,,
0,0,0,,0,,,,152,0,1,0,1,0,0,0,0,,,,,,1,-1,加快揮動鎬子的速度10%,,1,0,Lv 1 鎬子精通,,,1,0,,,,,,skill-icon-152,,,,,,156,,,,,
0,0,0,,0,,,,153,0,1,0,1,0,0,0,0,,,,,,1,-1,加快揮動鎬子的速度20%,,1,0,Lv 2 鎬子精通,,,1,0,,,,,,skill-icon-153,,,,,,157,,,,,
0,0,0,,0,,,,154,0,1,0,1,0,0,0,0,,,,,,1,-1,加快揮動鎬子的速度30%,,1,0,Lv 3 鎬子精通,,,1,0,,,,,,skill-icon-154,,,,,,158,,,,,
0,0,0,,0,,,,155,0,1,0,1,0,0,0,0,,,,,,1,-1,礦石掉落翻倍概率增加3%,,1,0,Lv 1 礦石收集者,,,1,0,,,,,,skill-icon-155,,,,,,159,,,,,
0,0,0,,0,,,,156,0,1,0,1,0,0,0,0,,,,,,1,-1,礦石掉落翻倍概率增加6%,,1,0,Lv 2 礦石收集者,,,1,0,,,,,,skill-icon-156,,,,,,160,,,,,
0,0,0,,0,,,,157,0,1,0,1,0,0,0,0,,,,,,1;2,-1,礦石掉落翻倍概率增加9%,,1,0,Lv 3 礦石收集者,,,1,0,,,,,,skill-icon-157,,,,,,161,,,,,
0,0,0,,0,,,,158,0,1,0,1,0,0,0,0,,,,,,1,-1,採礦暴擊概率增加5%,,1,0,Lv 1 採礦技巧,,,1,0,,,,,,skill-icon-158,,,,,,162,,,,,
0,0,0,,0,,,,159,0,1,0,1,0,0,0,0,,,,,,1,-1,採礦暴擊概率增加10%,,1,0,Lv 2 採礦技巧,,,1,0,,,,,,skill-icon-159,,,,,,163,,,,,
0,0,0,,0,,,,160,0,1,0,1,0,0,0,0,,,,,,1,-1,採礦暴擊概率增加15%,,1,0,Lv 3 採礦技巧,,,1,0,,,,,,skill-icon-160,,,,,,164,,,,,
0,0,0,,0,,,400,161,0,1,0,1,0,0,0,0,A1-gaozi-AOE-NEW,Skill_earthquake,ranged_RPG_attack4_audio,,660,1,20000,快速震動地面，朝前方小範圍釋放出地震波，對範圍內的礦石造成傷害,,2,0,Lv 1 群體挖礦,"4,800,200,12000,0",CameraShakeGrade_3,1,0,1,7,1000,6,,skill-icon-161,skill_rock_hurt,,,,,,,,,,
0,0,0,,0,,,400,162,0,1,0,1,0,0,0,0,A1-gaozi-AOE-NEW,Skill_earthquake,ranged_RPG_attack4_audio,,660,1,20000,快速震動地面，朝前方中等範圍釋放出地震波，對範圍內的礦石造成傷害,,2,0,Lv 2 群體挖礦,"4,800,400,12000,0",CameraShakeGrade_3,1,0,1,7,1000,6,,skill-icon-162,skill_rock_hurt,,,,,,,,,,
0,0,0,,0,,,400,163,0,1,0,1,0,0,0,0,A1-gaozi-AOE-NEW,Skill_earthquake,ranged_RPG_attack4_audio,,660,1,20000,快速震動地面，朝前方大範圍釋放出地震波，對範圍內的礦石造成傷害,,2,0,Lv 3 群體挖礦,"4,800,600,12000,0",CameraShakeGrade_3,1,0,1,7,1000,6,,skill-icon-163,skill_rock_hurt,,,,,,,,,,
0,0,0,,0,15,,200,164,1,1,0,1,0,0,0,1,hit,,,,950,1,0,Hopper Attack,100,2,0,Hopper Attack,"4,300,200,12000,04,300,150,27000,0",CameraShakeGrade_1,1,0,1,,,,,,,,,,,,,,,,
1,1,1,,0,176,,2000,166,0,0,0,1,1,0,0,0,A-jinai-NEW,,A-CaptureTrap,,2000,1,3000,捕獲技能（總技能）,,2,0,捕捉技能（總技能）,"2,300,0",,1,0,1,,1000,,,skill-icon-166,skill_rock_hurt,,,,,,"167,168,226","3,4",,,
0,0,0,,0,176,,0,167,0,1,0,1,0,1,1,0,A3-buzhuo,,A3-buzhuo,,300,1,300,捕獲拋繩鉤怪,,2,3,捕獲拋繩鉤怪,"2,100,0",,1,0,1,,,,,skill-icon-167,,,,1,,,,,5,,
0,0,0,,0,"177,17",,0,168,0,0,0,1,0,1,1,0,A3-buzhuo,,A3-buzhuo,,300,3,500,捕獲拋繩投喂,,2,4,捕獲拋繩投喂,,,2,1,1,,,,,skill-icon-168,,,,1,,,,"3,4",10,,
0,0,0,,0,"177,17",,730,169,0,0,0,1,0,0,0,0,attack,,A-CaptureTrap,,1030,1,2000,怪物被捕獲反擊通用技能,100,2,0,BeCapture Attack,"4,300,200,12000,0",,1,0,1,,,,,,,,,,,,,,,,
0,0,0,,0,15,,1000,171,0,1,0,1,0,1,0,0,A-gongjian-NEW,,monsterattack,,2000,1,-1,角色遠程,1500,2,5,角色遠程,,,1,1,1,,,,,,,0,top_down_bomb,1,,,,,,,
0,0,0,,0,,,,172,0,0,0,1,0,0,0,0,,,,,,1,-1,武器的攻擊留下傷口，每0.5秒造成1%攻擊力傷害，持續5秒，可疊加5層,,1,0,Lv 1 撕裂傷口,,,1,0,,,,,,skill-icon-172,,,,,,184,,,,,
0,0,0,,0,,,,173,0,0,0,1,0,0,0,0,,,,,,1,-1,武器的攻擊留下傷口，每0.5秒造成2%攻擊力傷害，持續5秒，可疊加5層,,1,0,Lv 2 撕裂傷口,,,1,0,,,,,,skill-icon-173,,,,,,185,,,,,
0,0,0,,0,,,,174,0,0,0,1,0,0,0,0,,,,,,1,-1,武器的攻擊留下傷口，每0.5秒造成3%攻擊力傷害，持續5秒，可疊加5層,,1,0,Lv 3 撕裂傷口,,,1,0,,,,,,skill-icon-174,,,,,,186,,,,,
0,0,0,,0,,,,175,0,0,0,1,0,0,0,0,,,,,,1,-1,朝著目標弱點猛擊，使目標後續受到的傷害增加1%，持續5秒，可疊加5層,,1,0,Lv 1 傷害加深,,,1,0,,,,,,skill-icon-175,,,,,,181,,,,,
0,0,0,,0,,,,176,0,0,0,1,0,0,0,0,,,,,,1,-1,朝著目標弱點猛擊，使目標後續受到的傷害增加2%，持續5秒，可疊加5層,,1,0,Lv 2 傷害加深,,,1,0,,,,,,skill-icon-176,,,,,,182,,,,,
0,0,0,,0,,,,177,0,0,0,1,0,0,0,0,,,,,,1,-1,朝著目標弱點猛擊，使目標後續受到的傷害增加3%，持續5秒，可疊加5層,,1,0,Lv 3 傷害加深,,,1,0,,,,,,skill-icon-177,,,,,,183,,,,,
0,0,0,,0,,,,178,0,0,0,1,0,0,0,0,,PS_VFX_HealCast,,,,1,0,增加20點攻擊力，持續60秒,,2,0,次級攻擊藥水,,,1,0,,,,,187,,,,,,,,,,,,
0,0,1,0,0,15,188,350,179,1,1,0,1,0,0,0,1,skill_attack,,Dog_Attack,,770,1,0,罐頭狗霸體,80,2,0,罐頭狗霸體,"4,200,100,12000,0",,1,0,1,,,,,,,,,,,,,,,,
0,0,1,0,0,15,189,800,180,1,1,0,1,0,0,0,1,attackArea,Skill_Pumpkin_atkar,Skill_Pumpkin_atkar,,1400,1,0,南瓜先生近戰,180,2,0,南瓜先生霸體,"2,200,0",,1,0,1,,,,,,,,,,,,,,,,
0,0,1,0,0,"15,238",190,1000,181,1,1,0,1,0,0,0,1,attackArea,Skill_Cactus_atkar,Catus_Attack,,1500,1,0,火龍果士兵近戰,150,2,0,火龍果士兵霸體,"2,200,0",,1,0,1,,,,,,,,,,,,,,,,
0,0,0,,0,15,"191,217",667,182,1,1,0,1,0,0,0,0,attack,,Skill_Bee_attack,,1000,1,0,Buzz Buddy Hyper Armor,450,2,0,Buzz Buddy 霸體,"4,300,200,12000,0",CameraShakeGrade_1,1,0,1,,,,,,,,,,,,,,,,
0,0,0,,0,"227,386",193,667,183,1,1,0,1,0,0,0,0,attack,,,,1000,1,3000,Crystalback Beast Hyper Armor,180,2,0,葉子怪攻擊,"4,300,200,12000,04,300,150,27000,0",CameraShakeGrade_1,1,0,1,,,,,,,,,,,,,,,,
0,0,0,,0,"227,15",192,600,184,1,1,0,1,0,0,0,0,attack,,Skill_CrystalLizard_attack,,833,1,3000,Crystal Lizard  Hyper Armor,180,2,0,礦石貓攻擊,"4,300,150,27000,02,200,0",CameraShakeGrade_1,1,0,1,,,,,,,,,,,,,,,,
0,0,0,,0,,,,185,0,0,0,1,0,0,0,0,,PS_VFX_HealCast,,,,1,0,增加80點移動速度，持續60秒,,2,0,次級移速藥水,,,1,0,,,1000,,194,,,,,,,,,,,,
0,0,0,,0,,,,186,0,0,0,1,0,0,0,0,,PS_VFX_HealCast,,,,1,0,增加3%暴擊率，持續60秒,,2,0,次級暴擊藥水,,,1,0,,,1000,,195,,,,,,,,,,,,
0,0,0,,0,,,,187,0,0,0,1,0,0,0,0,,PS_VFX_HealCast,,,,1,0,增加80點生命值上限，持續60秒,,2,0,次級生命藥水,,,1,0,,,1000,,"196,211",,,,,,,,,,,,
0,0,0,,0,,,,188,0,0,0,1,0,0,0,0,,PS_VFX_HealCast,,,,1,0,增加5點防禦值，持續60秒,,2,0,次級防禦藥水,,,1,0,,,1000,,197,,,,,,,,,,,,
0,0,0,,0,,,,189,0,0,0,1,0,0,0,0,,PS_VFX_HealCast,,,,1,0,增加30點攻擊力，持續60秒,,2,0,攻擊藥水,,,1,0,,,1000,,198,,,,,,,,,,,,
0,0,0,,0,,,,190,0,0,0,1,0,0,0,0,,PS_VFX_HealCast,,,,1,0,增加120點移動速度，持續60秒,,2,0,移速藥水,,,1,0,,,1000,,199,,,,,,,,,,,,
0,0,0,,0,,,,191,0,0,0,1,0,0,0,0,,PS_VFX_HealCast,,,,1,0,增加6%暴擊率，持續60秒,,2,0,暴擊藥水,,,1,0,,,1000,,200,,,,,,,,,,,,
0,0,0,,0,,,,192,0,0,0,1,0,0,0,0,,PS_VFX_HealCast,,,,1,0,增加120點生命值上限，持續60秒,,2,0,生命藥水,,,1,0,,,1000,,"201,212",,,,,,,,,,,,
0,0,0,,0,,,,193,0,0,0,1,0,0,0,0,,PS_VFX_HealCast,,,,1,0,增加10點防禦值，持續60秒,,2,0,防禦藥水,,,1,0,,,1000,,202,,,,,,,,,,,,
0,0,0,,0,,,,194,0,0,0,1,0,0,0,0,,PS_VFX_HealCast,,,,1,0,增加40點攻擊力，持續60秒,,2,0,晶化攻擊藥水,,,1,0,,,1000,,203,,,,,,,,,,,,
0,0,0,,0,,,,195,0,0,0,1,0,0,0,0,,PS_VFX_HealCast,,,,1,0,增加160點移動速度，持續60秒,,2,0,晶化移速藥水,,,1,0,,,1000,,204,,,,,,,,,,,,
0,0,0,,0,,,,196,0,0,0,1,0,0,0,0,,PS_VFX_HealCast,,,,1,0,增加9%暴擊率，持續60秒,,2,0,晶化暴擊藥水,,,1,0,,,1000,,205,,,,,,,,,,,,
0,0,0,,0,,,,197,0,0,0,1,0,0,0,0,,PS_VFX_HealCast,,,,1,0,增加160點生命值上限，持續60秒,,2,0,晶化生命藥水,,,1,0,,,1000,,"206,213",,,,,,,,,,,,
0,0,0,,0,,,,198,0,0,0,1,0,0,0,0,,PS_VFX_HealCast,,,,1,0,增加15點防禦值，持續60秒,,2,0,晶化防禦藥水,,,1,0,,,1000,,207,,,,,,,,,,,,
0,0,0,,0,,,,199,0,0,0,1,0,0,0,0,,PS_VFX_HealCast,,,,1,0,治療80點生命值,,2,0,次級治療藥水,,,1,0,,,1000,,208,,,,,,,,,,,,
0,0,0,,0,,,,200,0,0,0,1,0,0,0,0,,PS_VFX_HealCast,,,,1,0,治療160點生命值,,2,0,治療藥水,,,1,0,,,1000,,209,,,,,,,,,,,,
0,0,0,,0,,,,201,0,0,0,1,0,0,0,0,,PS_VFX_HealCast,,,,1,0,治療240點生命值,,2,0,晶化治療藥水,,,1,0,,,1000,,210,,,,,,,,,,,,
0,0,0,0,0,"227,21,15","236,22,699",500,202,0,1,0,1,0,0,0,1,A-chuisanlianji-1-NEW,Skill_Hammer_attack1,A-chuisanlianji-1-NEW,14,900,1,-1,錘子攻擊-動作1,400,2,0,錘子攻擊,"4,300,300,27000,0",CameraShakeGrade_2,1,0,1,7,333,2,,,,,,,,,,,,,
0,0,0,0,0,"227,21,386","236,22,699",500,203,0,1,0,1,0,0,0,1,A-chuisanlianji-2-NEW,Skill_Hammer_attack2,A-chuisanlianji-2-NEW,14,900,1,-1,錘子攻擊-動作2,400,2,0,錘子攻擊,"4,300,300,27000,0",CameraShakeGrade_2,1,0,1,7,333,2,,,,,,,,,,,,,
0,0,0,0,0,"227,21,388","236,22,699",500,204,0,1,0,1,0,0,0,1,A-chuisanlianji-3-NEW,Skill_Hammer_attack3,A-chuisanlianji-3-NEW,14,900,1,-1,錘子攻擊-動作3,400,2,0,錘子攻擊,"4,300,300,27000,0",CameraShakeGrade_3,1,0,1,7,333,2,,,,,,,,,,,,,
0,0,0,0,0,"387,404",,250,205,0,1,0,1,0,1,0,0,gongjian_attack1,,A-gongjian-NEW_audio,14,500,1,-1,弓箭遠程攻擊,1200,2,1,弓箭遠程攻擊 1,,,1,1,1,,,3,,,,0,,1,,,,,,,
1,0,0,,0,15,"218,222",700,206,0,1,0,1,0,0,0,0,attack,,Chaos_Wraith_Attack,,1000,1,4000,Chaos Wraith Attack,350,2,0,Chaos Wraith 攻擊,"4,300,200,12000,0",,1,0,1,,1000,,,,,,,,,,,,,,
1,0,1,0,0,385,,500,207,0,1,0,1,0,1,0,1,attackArea,,monsterattack,,1000,1,6000,黑色怪近戰,1000,2,5,黑色怪遠程,"2,200,0",,1,1,1,,1000,,,skill-icon-207,,,top_down_bomb_2,3,,,,,,,
0,0,0,,0,15,"222,219",950,208,0,1,0,1,0,0,0,0,attack,,Crimson_Gnasher_Attack,,1500,1,3000,Crimson Gnasher Attack,400,2,0,Crimson Gnasher 攻擊,"4,300,200,12000,0",,1,0,1,,1000,,,,,,,,,,,,,,
1,0,0,,0,"227,386",222,1200,209,0,1,0,1,0,0,0,0,attackArea,,,,1833,1,3000,Crimson Gnasher Hyper Armor,400,2,0,Crimson Gnasher 霸體,"1,500,100,1,0",,1,0,1,,1000,,,,,,,,,,,,,,
0,0,0,,0,15,"220,223",650,210,0,1,0,1,0,0,0,0,attack,,Frosty_Paw_Attack,,1033,1,4000,Frosty Paw Attack,300,2,0,Frosty Paw 攻擊,"4,300,200,12000,0",,1,0,1,,1000,,,,,,,,,,,,,,
1,0,0,,0,"227,386","220,223",650,211,0,1,0,1,0,0,0,0,attack,,Frosty_Paw_Attack,,1033,1,3000,Frosty Paw Hyper Armor,300,2,0,Frosty Paw 霸體,"4,300,200,12000,0",,1,0,1,,1000,,,,,,,,,,,,,,
0,0,0,,0,,,,212,0,0,0,1,0,0,0,0,,,,,,1,-1,增加攻擊速度，同時增加攻擊力。,,1,0,近戰攻擊強勢Buff,,,1,0,,,,,,,,,,,,228,,,,,
0,0,0,,0,,,,213,0,0,0,1,0,0,0,0,,,,,,1,-1,減少攻擊速度，同時減少攻擊力。,,1,0,近戰攻擊破綻Buff,,,1,0,,,,,,,,,,,,231,,,,,
0,0,0,,0,,,,214,0,0,0,1,0,0,0,0,,,,,,1,-1,增加防禦值。,,1,0,近戰防禦型通用強勢,,,1,0,,,,,,,,,,,,232,,,,,
0,0,0,,0,,,,215,0,0,0,1,0,0,0,0,,,,,,1,-1,減少防禦值。,,1,0,近戰防禦通用破綻,,,1,0,,,,,,,,,,,,233,,,,,
0,0,0,,0,,,,216,0,0,0,1,0,0,0,0,,,,,,1,-1,增加移動速度，同時增加攻擊速度,,1,0,遠程型通用強勢,,,1,0,,,,,,,,,,,,234,,,,,
0,0,0,,0,,,,217,0,0,0,1,0,0,0,0,,,,,,1,-1,減少移動速度，同時減少攻擊速度,,1,0,遠程型通用破綻,,,1,0,,,,,,,,,,,,235,,,,,
0,0,0,,0,,,,218,0,0,0,1,0,0,0,0,,,,,,1,-1,罐頭狗額外攻擊,,1,0,罐頭狗額外攻擊,,,1,0,,,,,,,,,,,,229,,,,,
0,0,0,,0,,,,219,0,0,0,1,0,0,0,0,,,,,,1,-1,每2秒不受傷害，增加50%移速,,1,0,靈活型通用被動,,,1,0,,,,,,skill-icon-219,,,,,,237,,,,,
0,0,0,,0,,,,220,0,0,0,1,0,0,0,0,,,,,,1,-1,刺客通用強勢,,1,0,刺客通用強勢,,,1,0,,,,,,,,,,,,,,,,,
0,0,0,,0,,,,221,0,0,0,1,0,0,0,0,,,,,,1,-1,刺客通用破綻,,1,0,刺客通用破綻,,,1,0,,,,,,,,,,,,,,,,,
1,1,1,0,0,176,,2000,226,0,0,0,1,1,0,0,0,A-jinai-NEW,,A-CaptureTrap,,2000,1,3000,捕獲陷阱捕獲,,2,0,捕獲陷阱捕獲,"2,300,0",,1,0,1,,1000,,,,skill_rock_hurt,,,,,,,"3,4",,,
0,0,0,,0,,,,228,0,1,0,1,0,0,0,0,,,,,,1,-1,提高單個土地輸出肥沃度,,1,0,Lv 1 拓荒者,,,1,0,,,1000,,,skill-icon-228,,,,,,240,,,,,
0,0,0,,0,,,,229,0,0,0,1,0,0,0,0,,,,,,1,-1,提高單個土地輸出肥沃度,,1,0,Lv 2 拓荒者,,,1,0,,,1000,,,skill-icon-229,,,,,,243,,,,,
0,0,0,,0,,,,230,0,0,0,1,0,0,0,0,,,,,,1,-1,提高種植熟練度,,1,0,Lv 1 收割專家,,,1,0,,,1000,,,skill-icon-230,,,,,,257,,,,,
0,0,0,,0,,,,231,0,0,0,1,0,0,0,0,,,,,,1,-1,提高單位寵物輸出幸福數值,,1,0,Lv 1 動物愛好者,,,1,0,,,1000,,,skill-icon-231,,,,,,245,,,,,
0,0,0,,0,,,,232,0,0,0,1,0,0,0,0,,,,,,1,-1,提高單位寵物輸出幸福數值,,1,0,Lv 2 動物愛好者,,,1,0,,,1000,,,skill-icon-232,,,,,,246,,,,,
0,0,0,,0,,,,233,0,0,0,1,0,0,0,0,,,,,,1,-1,提高養殖熟練度,,1,0,Lv 1 養殖專家,,,1,0,,,1000,,,skill-icon-233,,,,,,249,,,,,
0,0,0,,0,,,,235,0,0,0,1,0,0,0,0,,,,,,1,-1,提高單個土地輸出肥沃度,,1,0,Lv 3 拓荒者,,,1,0,,,1000,,,skill-icon-235,,,,,,244,,,,,
0,0,0,,0,,,,236,0,0,0,1,0,0,0,0,,,,,,1,-1,提高單個土地輸出肥沃度,,1,0,Lv 4 拓荒者,,,1,0,,,1000,,,skill-icon-236,,,,,,250,,,,,
0,0,0,,0,,,,237,0,0,0,1,0,0,0,0,,,,,,1,-1,提高單個土地輸出肥沃度,,1,0,Lv 5 拓荒者,,,1,0,,,1000,,,skill-icon-237,,,,,,251,,,,,
0,0,0,,0,,,,238,0,0,0,1,0,0,0,0,,,,,,1,-1,提高單個土地輸出肥沃度,,1,0,Lv 6 拓荒者,,,1,0,,,1000,,,skill-icon-238,,,,,,252,,,,,
0,0,0,,0,,,,239,0,0,0,1,0,0,0,0,,,,,,1,-1,提高單個土地輸出肥沃度,,1,0,Lv 7 拓荒者,,,1,0,,,1000,,,skill-icon-239,,,,,,271,,,,,
0,0,0,,0,,,,240,0,0,0,1,0,0,0,0,,,,,,1,-1,提高單個土地輸出肥沃度,,1,0,Lv 8 拓荒者,,,1,0,,,1000,,,skill-icon-240,,,,,,272,,,,,
0,0,0,,0,,,,241,0,0,0,1,0,0,0,0,,,,,,1,-1,提高單個土地輸出肥沃度,,1,0,Lv 9 拓荒者,,,1,0,,,1000,,,skill-icon-241,,,,,,273,,,,,
0,0,0,,0,,,,244,0,0,0,1,0,0,0,0,,,,,,1,-1,提高單位寵物輸出幸福數值,,1,0,Lv 3 動物愛好者,,,1,0,,,1000,,,skill-icon-244,,,,,,247,,,,,
0,0,0,,0,,,,245,0,0,0,1,0,0,0,0,,,,,,1,-1,提高種植熟練度,,1,0,Lv 2 收割專家,,,1,0,,,1000,,,skill-icon-245,,,,,,257,,,,,
0,0,0,,0,,,,246,0,0,0,1,0,0,0,0,,,,,,1,-1,提高種植熟練度,,1,0,Lv 3 收割專家,,,1,0,,,1000,,,skill-icon-246,,,,,,257,,,,,
0,0,0,,0,,,,247,0,0,0,1,0,0,0,0,,,,,,1,-1,提高養殖熟練度,,1,0,Lv 2 養殖專家,,,1,0,,,1000,,,skill-icon-247,,,,,,249,,,,,
0,0,0,,0,,,,248,0,0,0,1,0,0,0,0,,,,,,1,-1,提高養殖熟練度,,1,0,Lv 3 養殖專家,,,1,0,,,1000,,,skill-icon-248,,,,,,249,,,,,
0,0,0,,0,,,,249,0,0,0,1,0,0,0,0,,,,,,1,-1,提高種植熟練度,,1,0,Lv 4 收割專家,,,1,0,,,1000,,,skill-icon-249,,,,,,257,,,,,
0,0,0,,0,,,,250,0,0,0,1,0,0,0,0,,,,,,1,-1,提高種植熟練度,,1,0,Lv 5 收割專家,,,1,0,,,1000,,,skill-icon-250,,,,,,257,,,,,
0,0,0,,0,,,,251,0,0,0,1,0,0,0,0,,,,,,1,-1,提高種植熟練度,,1,0,Lv 6 收割專家,,,1,0,,,1000,,,skill-icon-251,,,,,,257,,,,,
0,0,0,,0,,,,252,0,0,0,1,0,0,0,0,,,,,,1,-1,提升攻擊力,,1,0,Lv 1 格鬥家,,,1,0,,,1000,,,skill-icon-252,,,,,,262,,,,,
0,0,0,,0,,,,253,0,0,0,1,0,0,0,0,,,,,,1,-1,提升攻擊力,,1,0,Lv 2 格鬥家,,,1,0,,,1000,,,skill-icon-253,,,,,,262,,,,,
0,0,0,,0,,,,254,0,0,0,1,0,0,0,0,,,,,,1,-1,提升攻擊力,,1,0,Lv 3 格鬥家,,,1,0,,,1000,,,skill-icon-254,,,,,,262,,,,,
0,0,0,,0,,,,255,0,0,0,1,0,0,0,0,,,,,,1,-1,提升攻擊力,,1,0,Lv 4 格鬥家,,,1,0,,,1000,,,skill-icon-255,,,,,,262,,,,,
0,0,0,,0,,,,256,0,0,0,1,0,0,0,0,,,,,,1,-1,提升攻擊力,,1,0,Lv 5 格鬥家,,,1,0,,,1000,,,skill-icon-256,,,,,,262,,,,,
0,0,0,,0,,,,257,0,0,0,1,0,0,0,0,,,,,,1,-1,提升攻擊力,,1,0,Lv 6 格鬥家,,,1,0,,,1000,,,skill-icon-257,,,,,,262,,,,,
0,0,0,,0,,,,258,0,0,0,1,0,0,0,0,,,,,,1,-1,提升防禦值。,,1,0,Lv 1 皮糙肉厚,,,1,0,,,1000,,,skill-icon-258,,,,,,263,,,,,
0,0,0,,0,,,,259,0,0,0,1,0,0,0,0,,,,,,1,-1,提升防禦值。,,1,0,Lv 2 皮糙肉厚,,,1,0,,,1000,,,skill-icon-259,,,,,,263,,,,,
0,0,0,,0,,,,260,0,0,0,1,0,0,0,0,,,,,,1,-1,提升防禦值。,,1,0,Lv 3 皮糙肉厚,,,1,0,,,1000,,,skill-icon-260,,,,,,263,,,,,
0,0,0,,0,,,,261,0,0,0,1,0,0,0,0,,,,,,1,-1,提升防禦值。,,1,0,Lv 4 皮糙肉厚,,,1,0,,,1000,,,skill-icon-261,,,,,,263,,,,,
0,0,0,,0,,,,262,0,0,0,1,0,0,0,0,,,,,,1,-1,提升防禦值。,,1,0,Lv 5 皮糙肉厚,,,1,0,,,1000,,,skill-icon-262,,,,,,263,,,,,
0,0,0,,0,,,,263,0,0,0,1,0,0,0,0,,,,,,1,-1,提升防禦值。,,1,0,Lv 6 皮糙肉厚,,,1,0,,,1000,,,skill-icon-263,,,,,,263,,,,,
0,0,0,,0,,,,264,0,0,0,1,0,0,0,0,,,,,,1,-1,提升最大血量。,,1,0,Lv 1 就是血多,,,1,0,,,1000,,,skill-icon-264,,,,,,264,,,,,
0,0,0,,0,,,,265,0,0,0,1,0,0,0,0,,,,,,1,-1,提升最大血量。,,1,0,Lv 2 就是血多,,,1,0,,,1000,,,skill-icon-265,,,,,,264,,,,,
0,0,0,,0,,,,266,0,0,0,1,0,0,0,0,,,,,,1,-1,提升最大血量。,,1,0,Lv 3 就是血多,,,1,0,,,1000,,,skill-icon-266,,,,,,264,,,,,
0,0,0,,0,,,,267,0,0,0,1,0,0,0,0,,,,,,1,-1,提升最大血量。,,1,0,Lv 4 就是血多,,,1,0,,,1000,,,skill-icon-267,,,,,,264,,,,,
0,0,0,,0,,,,268,0,0,0,1,0,0,0,0,,,,,,1,-1,提升最大血量。,,1,0,Lv 5 就是血多,,,1,0,,,1000,,,skill-icon-268,,,,,,264,,,,,
0,0,0,,0,,,,269,0,0,0,1,0,0,0,0,,,,,,1,-1,提升最大血量。,,1,0,Lv 6 就是血多,,,1,0,,,1000,,,skill-icon-269,,,,,,264,,,,,
0,0,0,,0,,,,270,0,0,0,1,0,0,0,0,,,,,,1,-1,提升攻擊力,,1,0,Lv 7 格鬥家,,,1,0,,,1000,,,skill-icon-270,,,,,,262,,,,,
0,0,0,,0,,,,271,0,0,0,1,0,0,0,0,,,,,,1,-1,提升攻擊力,,1,0,Lv 8 格鬥家,,,1,0,,,1000,,,skill-icon-271,,,,,,262,,,,,
0,0,0,,0,,,,272,0,0,0,1,0,0,0,0,,,,,,1,-1,提升攻擊力,,1,0,Lv 9 格鬥家,,,1,0,,,1000,,,skill-icon-272,,,,,,262,,,,,
0,0,0,,0,,,,273,0,0,0,1,0,0,0,0,,,,,,1,-1,提升防禦值。,,1,0,Lv 7 皮糙肉厚,,,1,0,,,1000,,,skill-icon-273,,,,,,263,,,,,
0,0,0,,0,,,,274,0,0,0,1,0,0,0,0,,,,,,1,-1,提升防禦值。,,1,0,Lv 8 皮糙肉厚,,,1,0,,,1000,,,skill-icon-274,,,,,,263,,,,,
0,0,0,,0,,,,275,0,0,0,1,0,0,0,0,,,,,,1,-1,提升防禦值。,,1,0,Lv 9 皮糙肉厚,,,1,0,,,1000,,,skill-icon-275,,,,,,263,,,,,
0,0,0,,0,,,,276,0,0,0,1,0,0,0,0,,,,,,1,-1,提升最大血量。,,1,0,Lv 7 就是血多,,,1,0,,,1000,,,skill-icon-276,,,,,,264,,,,,
0,0,0,,0,,,,277,0,0,0,1,0,0,0,0,,,,,,1,-1,提升最大血量。,,1,0,Lv 8 就是血多,,,1,0,,,1000,,,skill-icon-277,,,,,,264,,,,,
0,0,0,,0,,,,278,0,0,0,1,0,0,0,0,,,,,,1,-1,提升最大血量。,,1,0,Lv 9 就是血多,,,1,0,,,1000,,,skill-icon-278,,,,,,264,,,,,
0,0,0,,0,,,,279,0,0,0,1,0,0,0,0,,,,,,1,-1,提高種植熟練度,,1,0,Lv 7 收割專家,,,1,0,,,1000,,,skill-icon-279,,,,,,257,,,,,
0,0,0,,0,,,,280,0,0,0,1,0,0,0,0,,,,,,1,-1,提高種植熟練度,,1,0,Lv 8 收割專家,,,1,0,,,1000,,,skill-icon-280,,,,,,257,,,,,
0,0,0,,0,,,,281,0,0,0,1,0,0,0,0,,,,,,1,-1,提高種植熟練度,,1,0,Lv 9 收割專家,,,1,0,,,1000,,,skill-icon-281,,,,,,257,,,,,
0,0,0,,0,,,,282,0,0,0,1,0,0,0,0,,,,,,1,-1,提高單位寵物輸出幸福數值,,1,0,Lv 4 動物愛好者,,,1,0,,,1000,,,skill-icon-282,,,,,,253,,,,,
0,0,0,,0,,,,283,0,0,0,1,0,0,0,0,,,,,,1,-1,提高單位寵物輸出幸福數值,,1,0,Lv 5 動物愛好者,,,1,0,,,1000,,,skill-icon-283,,,,,,254,,,,,
0,0,0,,0,,,,284,0,0,0,1,0,0,0,0,,,,,,1,-1,提高單位寵物輸出幸福數值,,1,0,Lv 6 動物愛好者,,,1,0,,,1000,,,skill-icon-284,,,,,,274,,,,,
0,0,0,,0,,,,285,0,0,0,1,0,0,0,0,,,,,,1,-1,提高單位寵物輸出幸福數值,,1,0,Lv 7 動物愛好者,,,1,0,,,1000,,,skill-icon-285,,,,,,275,,,,,
0,0,0,,0,,,,286,0,0,0,1,0,0,0,0,,,,,,1,-1,提高單位寵物輸出幸福數值,,1,0,Lv 8 動物愛好者,,,1,0,,,1000,,,skill-icon-286,,,,,,275,,,,,
0,0,0,,0,,,,287,0,0,0,1,0,0,0,0,,,,,,1,-1,提高單位寵物輸出幸福數值,,1,0,Lv 9 動物愛好者,,,1,0,,,1000,,,skill-icon-287,,,,,,276,,,,,
0,0,0,,0,,,,288,0,0,0,1,0,0,0,0,,,,,,1,-1,提高養殖熟練度,,1,0,Lv 4 養殖專家,,,1,0,,,1000,,,skill-icon-288,,,,,,249,,,,,
0,0,0,,0,,,,289,0,0,0,1,0,0,0,0,,,,,,1,-1,提高養殖熟練度,,1,0,Lv 5 養殖專家,,,1,0,,,1000,,,skill-icon-289,,,,,,249,,,,,
0,0,0,,0,,,,290,0,0,0,1,0,0,0,0,,,,,,1,-1,提高養殖熟練度,,1,0,Lv 6 養殖專家,,,1,0,,,1000,,,skill-icon-290,,,,,,249,,,,,
0,0,0,,0,,,,291,0,0,0,1,0,0,0,0,,,,,,1,-1,提高養殖熟練度,,1,0,Lv 7 養殖專家,,,1,0,,,1000,,,skill-icon-291,,,,,,249,,,,,
0,0,0,,0,,,,292,0,0,0,1,0,0,0,0,,,,,,1,-1,提高養殖熟練度,,1,0,Lv 8 養殖專家,,,1,0,,,1000,,,skill-icon-292,,,,,,249,,,,,
0,0,0,,0,,,,293,0,0,0,1,0,0,0,0,,,,,,1,-1,提高養殖熟練度,,1,0,Lv 9 養殖專家,,,1,0,,,1000,,,skill-icon-293,,,,,,249,,,,,
0,0,0,,0,,,,294,0,0,0,1,0,0,0,0,,,,,,1,-1,提升對草的攻擊力和採集熟練度。,,1,0,Lv 1 草本專家,,,1,0,,,1000,,,skill-icon-294,,,,,,"265,266",,,,,
0,0,0,,0,,,,295,0,0,0,1,0,0,0,0,,,,,,1,-1,提升對草的攻擊力和採集熟練度。,,1,0,Lv 2 草本專家,,,1,0,,,1000,,,skill-icon-295,,,,,,"265,266",,,,,
0,0,0,,0,,,,296,0,0,0,1,0,0,0,0,,,,,,1,-1,提升對草的攻擊力和採集熟練度。,,1,0,Lv 3 草本專家,,,1,0,,,1000,,,skill-icon-296,,,,,,"265,266",,,,,
0,0,0,,0,,,,297,0,0,0,1,0,0,0,0,,,,,,1,-1,提升對草的攻擊力和採集熟練度。,,1,0,Lv 4 草本專家,,,1,0,,,1000,,,skill-icon-297,,,,,,"265,266",,,,,
0,0,0,,0,,,,298,0,0,0,1,0,0,0,0,,,,,,1,-1,提升對草的攻擊力和採集熟練度。,,1,0,Lv 5 草本專家,,,1,0,,,1000,,,skill-icon-298,,,,,,"265,266",,,,,
0,0,0,,0,,,,299,0,0,0,1,0,0,0,0,,,,,,1,-1,提升對草的攻擊力和採集熟練度。,,1,0,Lv 6 草本專家,,,1,0,,,1000,,,skill-icon-299,,,,,,"265,266",,,,,
0,0,0,,0,,,,300,0,0,0,1,0,0,0,0,,,,,,1,-1,提升對草的攻擊力和採集熟練度。,,1,0,Lv 7 草本專家,,,1,0,,,1000,,,skill-icon-300,,,,,,"265,266",,,,,
0,0,0,,0,,,,301,0,0,0,1,0,0,0,0,,,,,,1,-1,提升對草的攻擊力和採集熟練度。,,1,0,Lv 8 草本專家,,,1,0,,,1000,,,skill-icon-301,,,,,,"265,266",,,,,
0,0,0,,0,,,,302,0,0,0,1,0,0,0,0,,,,,,1,-1,提升對草的攻擊力和採集熟練度。,,1,0,Lv 9 草本專家,,,1,0,,,1000,,,skill-icon-302,,,,,,"265,266",,,,,
0,0,0,,0,,,,303,0,0,0,1,0,0,0,0,,,,,,1,-1,提升對樹的攻擊力和採集熟練度。,,1,0,Lv 1 伐木工,,,1,0,,,1000,,,skill-icon-303,,,,,,"267,268",,,,,
0,0,0,,0,,,,304,0,0,0,1,0,0,0,0,,,,,,1,-1,提升對樹的攻擊力和採集熟練度。,,1,0,Lv 2 伐木工,,,1,0,,,1000,,,skill-icon-304,,,,,,"267,268",,,,,
0,0,0,,0,,,,305,0,0,0,1,0,0,0,0,,,,,,1,-1,提升對樹的攻擊力和採集熟練度。,,1,0,Lv 3 伐木工,,,1,0,,,1000,,,skill-icon-305,,,,,,"267,268",,,,,
0,0,0,,0,,,,306,0,0,0,1,0,0,0,0,,,,,,1,-1,提升對樹的攻擊力和採集熟練度。,,1,0,Lv 4 伐木工,,,1,0,,,1000,,,skill-icon-306,,,,,,"267,268",,,,,
0,0,0,,0,,,,307,0,0,0,1,0,0,0,0,,,,,,1,-1,提升對樹的攻擊力和採集熟練度。,,1,0,Lv 5 伐木工,,,1,0,,,1000,,,skill-icon-307,,,,,,"267,268",,,,,
0,0,0,,0,,,,308,0,0,0,1,0,0,0,0,,,,,,1,-1,提升對樹的攻擊力和採集熟練度。,,1,0,Lv 6 伐木工,,,1,0,,,1000,,,skill-icon-308,,,,,,"267,268",,,,,
0,0,0,,0,,,,309,0,0,0,1,0,0,0,0,,,,,,1,-1,提升對樹的攻擊力和採集熟練度。,,1,0,Lv 7 伐木工,,,1,0,,,1000,,,skill-icon-309,,,,,,"267,268",,,,,
0,0,0,,0,,,,310,0,0,0,1,0,0,0,0,,,,,,1,-1,提升對樹的攻擊力和採集熟練度。,,1,0,Lv 8 伐木工,,,1,0,,,1000,,,skill-icon-310,,,,,,"267,268",,,,,
0,0,0,,0,,,,311,0,0,0,1,0,0,0,0,,,,,,1,-1,提升對樹的攻擊力和採集熟練度。,,1,0,Lv 9 伐木工,,,1,0,,,1000,,,skill-icon-311,,,,,,"267,268",,,,,
0,0,0,,0,,,,312,0,0,0,1,0,0,0,0,,,,,,1,-1,提升對礦石的攻擊力和採集熟練度。,,1,0,Lv 1 黃金礦工,,,1,0,,,1000,,,skill-icon-312,,,,,,"269,270",,,,,
0,0,0,,0,,,,313,0,0,0,1,0,0,0,0,,,,,,1,-1,提升對礦石的攻擊力和採集熟練度。,,1,0,Lv 2 黃金礦工,,,1,0,,,1000,,,skill-icon-313,,,,,,"269,270",,,,,
0,0,0,,0,,,,314,0,0,0,1,0,0,0,0,,,,,,1,-1,提升對礦石的攻擊力和採集熟練度。,,1,0,Lv 3 黃金礦工,,,1,0,,,1000,,,skill-icon-314,,,,,,"269,270",,,,,
0,0,0,,0,,,,315,0,0,0,1,0,0,0,0,,,,,,1,-1,提升對礦石的攻擊力和採集熟練度。,,1,0,Lv 4 黃金礦工,,,1,0,,,1000,,,skill-icon-315,,,,,,"269,270",,,,,
0,0,0,,0,,,,316,0,0,0,1,0,0,0,0,,,,,,1,-1,提升對礦石的攻擊力和採集熟練度。,,1,0,Lv 5 黃金礦工,,,1,0,,,1000,,,skill-icon-316,,,,,,"269,270",,,,,
0,0,0,,0,,,,317,0,0,0,1,0,0,0,0,,,,,,1,-1,提升對礦石的攻擊力和採集熟練度。,,1,0,Lv 6 黃金礦工,,,1,0,,,1000,,,skill-icon-317,,,,,,"269,270",,,,,
0,0,0,,0,,,,318,0,0,0,1,0,0,0,0,,,,,,1,-1,提升對礦石的攻擊力和採集熟練度。,,1,0,Lv 7 黃金礦工,,,1,0,,,1000,,,skill-icon-318,,,,,,"269,270",,,,,
0,0,0,,0,,,,319,0,0,0,1,0,0,0,0,,,,,,1,-1,提升對礦石的攻擊力和採集熟練度。,,1,0,Lv 8 黃金礦工,,,1,0,,,1000,,,skill-icon-319,,,,,,"269,270",,,,,
0,0,0,,0,,,,320,0,0,0,1,0,0,0,0,,,,,,1,-1,提升對礦石的攻擊力和採集熟練度。,,1,0,Lv 9 黃金礦工,,,1,0,,,1000,,,skill-icon-320,,,,,,"269,270",,,,,
0,0,0,,0,,,300,321,0,1,0,1,0,0,0,0,harvest_crops,,harvest_crops,,370,1,-1,提高單體收穫熟練度。,,2,0,單體收穫,,,1,0,,"15,16",,,,,,,,,,,,,,,
0,0,0,0,0,"15,17,418",,333,323,0,1,0,1,0,0,0,0,sickle_grass,,sickle_grass,,500,1,-1,單體割草,,2,0,單體割草,"4,300,150,27000,0",,1,0,1,5,1000,4,,,skill_rock_hurt,,,,,,,,,,
0,0,0,0,0,,"331,332,333",200,326,0,0,0,1,0,0,0,0,A-jianwu,Skill_gainBuff_Collector,,,400,1,30000,短暫提高採集攻擊力。,,2,0,5秒真男人 1,,,1,0,,,1000,"4,5,6",,skill-icon-326,,,,,,,,,,,
0,0,0,0,0,,"334,335,336",200,327,0,0,0,1,0,0,0,0,A-jianwu,Skill_gainBuff_Collector,,,400,1,30000,短暫提高採集攻擊力。,,2,0,5秒真男人 2,,,1,0,,,1000,"4,5,6",,skill-icon-327,,,,,,,,,,,
0,0,0,0,0,,"337,338,339",200,328,0,0,0,1,0,0,0,0,A-jianwu,Skill_gainBuff_Collector,,,400,1,30000,短暫提高採集攻擊力。,,2,0,5秒真男人 3,,,1,0,,,1000,"4,5,6",,skill-icon-328,,,,,,,,,,,
0,0,0,0,0,,"340,341,342",200,329,0,0,0,1,0,0,0,0,A-jianwu,Skill_gainBuff_Chosen,,,400,1,30000,短暫提高採集熟練度。,,2,0,壽命換5秒 1,,,1,0,,,1000,"4,5,6",,skill-icon-329,,,,,,,,,,,
0,0,0,0,0,,"343,344,345",200,330,0,0,0,1,0,0,0,0,A-jianwu,Skill_gainBuff_Chosen,,,400,1,30000,短暫提高採集熟練度。,,2,0,壽命換5秒 2,,,1,0,,,1000,"4,5,6",,skill-icon-330,,,,,,,,,,,
0,0,0,0,0,,"346,347,348",200,331,0,0,0,1,0,0,0,0,A-jianwu,Skill_gainBuff_Chosen,,,400,1,30000,短暫提高採集熟練度。,,2,0,壽命換5秒 3,,,1,0,,,1000,"4,5,6",,skill-icon-331,,,,,,,,,,,
0,0,0,,0,,,,332,0,0,0,1,0,0,0,0,,,,,,1,-1,降低敵方的移動速度。,,1,0,Lv 2 踐踏,,,1,0,,,1000,,,skill-icon-332,,,,,,349,,,,,
0,0,0,,0,,,,333,0,0,0,1,0,0,0,0,,,,,,1,-1,增加敵方的眩暈時間。,,1,0,Lv 3 踐踏,,,1,0,,,1000,,,skill-icon-333,,,,,,351,,,,,
0,0,0,,0,,,,334,0,0,0,1,0,0,0,0,,,,,,1,-1,降低敵方的移動速度。,,1,0,Lv 2 戰爭踐踏,,,1,0,,,1000,,,skill-icon-334,,,,,,,,,,,
0,0,0,,0,,,,335,0,0,0,1,0,0,0,0,,,,,,1,-1,增加敵方的眩暈時間。,,1,0,Lv 3 戰爭踐踏,,,1,0,,,1000,,,skill-icon-335,,,,,,355,,,,,
0,0,0,,0,,,,336,0,0,0,1,0,0,0,0,,,,,,1,-1,降低敵方的移動速度。,,1,0,Lv 2 Bull Rush,,,1,0,,,1000,,,skill-icon-336,,,,,,361,,,,,
0,0,0,,0,,,,337,0,0,0,1,0,0,0,0,,,,,,1,-1,降低敵方的移動速度。,,1,0,Lv 3 Bull Rush,,,1,0,,,1000,,,skill-icon-337,,,,,,363,,,,,
0,0,0,,0,,,,338,0,0,0,1,0,0,0,0,,,,,,1,-1,降低敵方的移動速度。,,1,0,Lv2 Shark Rush,,,1,0,,,1000,,,skill-icon-338,,,,,,365,,,,,
0,0,0,,0,,,,339,0,0,0,1,0,0,0,0,,,,,,1,-1,降低敵方的移動速度。,,1,0,Lv3 Shark Rush,,,1,0,,,1000,,,skill-icon-339,,,,,,367,,,,,
0,0,0,,0,,,,340,0,0,0,1,0,0,0,0,,,,,,1,-1,降低敵方的移動速度。,,1,0,增加減速效果,,,1,0,,,1000,,,skill-icon-340,,,,,,373,,,,,
0,0,0,,0,,,,341,0,0,0,1,0,0,0,0,,,,,,1,-1,降低敵方的移動速度。,,1,0,增加減速效果,,,1,0,,,1000,,,skill-icon-341,,,,,,375,,,,,
0,0,0,,0,,,,342,0,0,0,1,0,0,0,0,,,,,,1,-1,降低敵方的移動速度。,,1,0,增加減速效果,,,1,0,,,1000,,,skill-icon-342,,,,,,377,,,,,
0,0,0,,0,,,,343,0,0,0,1,0,0,0,0,,,,,,1,-1,降低敵方的移動速度。,,1,0,增加減速效果,,,1,0,,,1000,,,skill-icon-343,,,,,,379,,,,,
0,0,0,0,0,"404,387",,250,344,0,1,0,1,0,1,0,0,gongjian_attack2,,A-gongjian-NEW_audio,14,550,1,-1,弓箭遠程攻擊,1200,2,1,弓箭遠程攻擊 2,,,1,1,1,,,3,,,,0,,1,,,,,,,
0,0,0,0,0,"15,404",645,550,345,0,1,0,1,0,1,0,0,gongjian_attack3,,A-gongjian-NEW_audio,14,800,1,-1,弓箭遠程攻擊,1200,2,7,弓箭遠程攻擊 3,,,1,1,1,,,3,,,,0,,1,,,,,,,
1,0,0,0,0,"404,385",,300,346,0,1,0,1,0,1,0,0,attack,,Skill_Bee_attack,,1000,1,2000,蜜蜂遠程攻擊,1000,2,8,蜜蜂遠程,,,1,1,1,,1000,,,,,,,1,,,,,,,
0,0,0,,0,"227,388",,200,347,0,1,0,1,0,1,0,1,A-1diuzhadan,,playerroll,,660,1,5000,扔爆炸藥瓶,1000,2,9,扔爆炸藥瓶,"2,200,0",,1,1,1,,1000,,,,skill_tree_hurt,,top_down_bomb_blue,1,,,,,,"232,1",
0,0,0,,0,"15,35",,200,348,0,1,0,1,0,1,0,1,A-1diuzhadan,,playerroll,,660,1,5000,扔眩暈藥瓶,1000,2,10,扔眩暈藥瓶,"2,200,0",,1,1,1,,1000,,,,skill_tree_hurt,,top_down_bomb_blue,1,,,,,,"233,1",
0,0,0,,0,"390,387",,200,351,0,1,0,1,0,1,0,1,A-1diuzhadan,,playerroll,,660,1,5000,扔減速藥瓶,1000,2,11,扔減速藥瓶,"2,200,0",,1,1,1,,1000,,,,skill_tree_hurt,,top_down_bomb_blue,1,,,,,,"234,1",
0,0,0,,0,"15,391",,200,352,0,1,0,1,0,1,0,1,A-1diuzhadan,,playerroll,,660,1,5000,扔燃燒藥瓶,1000,2,12,扔燃燒藥瓶,"2,200,0",,1,1,1,,1000,,,,skill_tree_hurt,,top_down_bomb_blue,1,,,,,,"235,1",
0,0,0,,0,,392,0,356,0,0,0,1,0,0,0,0,A-skill-chongci,Skill_YellowFlash,,,334,1,5000,飛雷神藥瓶,,2,0,飛雷神藥瓶,,,1,0,,,1000,,,,,,,,,,,,,"236,1",
0,0,0,,0,,,0,357,0,0,0,1,0,0,0,0,,Skill_MissPostion,,,100,1,5000,閃避藥瓶,,2,0,閃避藥瓶,,,1,0,,,1000,,393,,,,,,,,,,,"237,1",
0,0,0,,0,,22,,358,0,0,0,1,0,0,0,0,,PS_VFX_HealCast,,,,1,5000,淨化藥瓶,,2,0,淨化藥瓶,,,1,0,,,1000,,394,,,,,,,,,,,,
0,0,0,,0,,,,359,0,0,0,1,0,0,0,0,,,,,,1,0,層級觸發效果-弱勢效果,,1,0,罐頭狗弱勢檢測技能,,,1,0,,,1000,,,,,,,,,395,,,,,
0,0,0,,0,,,,360,0,0,0,1,0,0,0,0,,,,,,1,0,層級觸發效果-弱勢效果,,1,0,仙人掌弱勢檢測技能,,,1,0,,,1000,,,,,,,,,396,,,,,
0,0,0,,0,,,,361,0,0,0,1,0,0,0,0,,,,,,1,0,層級觸發效果-弱勢效果,,1,0,南瓜怪弱勢檢測技能,,,1,0,,,1000,,,,,,,,,397,,,,,
0,0,0,,0,,,,362,0,0,0,1,0,0,0,0,,,,,,1,0,層級觸發效果-弱勢效果,,1,0,蜜蜂弱勢檢測技能,,,1,0,,,1000,,,,,,,,,398,,,,,
0,0,0,,0,,,,363,0,0,0,1,0,0,0,0,,,,,,1,0,層級觸發效果-弱勢效果,,1,0,礦石貓弱勢檢測技能,,,1,0,,,1000,,,,,,,,,399,,,,,
0,0,0,,0,,,,364,0,0,0,1,0,0,0,0,,,,,,1,0,層級觸發效果-弱勢效果,,1,0,葉子怪弱勢檢測技能,,,1,0,,,1000,,,,,,,,,400,,,,,
0,0,0,,0,,,,365,0,0,0,1,0,0,0,0,,,,,,1,0,層級觸發效果-弱勢效果,,1,0,紅色怪弱勢檢測技能,,,1,0,,,1000,,,,,,,,,401,,,,,
0,0,0,,0,,,,366,0,0,0,1,0,0,0,0,,,,,,1,0,層級觸發效果-弱勢效果,,1,0,黑色怪弱勢檢測技能,,,1,0,,,1000,,,,,,,,,402,,,,,
0,0,0,,0,,,,367,0,0,0,1,0,0,0,0,,,,,,1,0,層級觸發效果-弱勢效果,,1,0,雪山怪弱勢檢測技能,,,1,0,,,1000,,,,,,,,,403,,,,,
0,0,0,,0,15,"220,223",350,369,0,1,0,1,0,0,0,0,attack,,Skill_CyberRaze_Attack,,733,1,3000,"[48]賽博瑞茲攻擊
",400,2,0,Cyber Raze近戰,"4,800,600,12000,0",,1,0,1,,1000,,,,,,,,,,,,,,
0,0,0,,0,388,426,2000,370,0,1,0,1,0,1,0,0,attack2,,Skill_CyberRaze_Attack_Area,,2600,1,3000," [49]賽博瑞茲遠程攻擊
",2000,2,13,Cyber Raze鐳射,"2,200,0",,1,0,1,,1000,,,,,,,1,,,,,,,
1,0,0,,0,,,,371,0,1,0,1,0,0,0,0,,,,,,1,0," [50]空
",,2,0,Cyber Raze弱勢檢測技能,,,1,0,,,1000,,,,,,,,,421,,,,,
0,0,0,,0,,426,500,372,0,1,0,1,0,0,0,0,attack,Skill_Frosty_attack,Skill_FrostyLord_Attack,,2200,1,4000," [51]空
",500,2,0,寒霜領主近戰攻擊,"4,800,600,12000,0",,1,0,1,,1000,,425,,,,,,,,,,,,
0,0,0,,0,"15,238",426,800,373,0,1,0,1,0,1,0,1,attackArea,Skill_Frosty_attackArea,Skill_FrostyLord_Attack_Area,,1467,1,5000," [52]空
",3000,2,14,寒霜領主捶地召喚閃電,"4,800,700,36000,0",CameraShakeGrade_3,1,0,1,,1000,,474,,,,top_down_Thunder,5,,,,,,,
0,0,0,,0,,,1000,374,0,1,0,1,0,0,0,1,attack,,,,1500,1,0," [53]空
",200,2,0,寒霜領主弱勢檢測技能,"4,300,200,12000,0",,1,0,,,1000,,,,,,,,,424,,,,,
0,0,0,,0,,,,375,0,0,0,1,0,0,0,0,,PS_VFX_HealCast,,,,1,0,"[344]空
",,2,0,黃金治療藥水,,,1,0,,,1000,,427,,,,,,,,,,,,
0,0,0,,0,,,,376,0,0,0,1,0,0,0,0,,PS_VFX_HealCast,,,,1,0," [345]空
",,2,0,黃金攻擊藥水,,,1,0,,,1000,,428,,,,,,,,,,,,
0,0,0,,0,,,,377,0,0,0,1,0,0,0,0,,PS_VFX_HealCast,,,,1,0," [346]空
",,2,0,黃金移速藥水,,,1,0,,,1000,,429,,,,,,,,,,,,
0,0,0,,0,,,,378,0,0,0,1,0,0,0,0,,PS_VFX_HealCast,,,,1,0," [347]空
",,2,0,黃金暴擊藥水,,,1,0,,,1000,,430,,,,,,,,,,,,
0,0,0,,0,,,,379,0,0,0,1,0,0,0,0,,PS_VFX_HealCast,,,,1,0," [348]空
",,2,0,黃金生命藥水,,,1,0,,,1000,,"431,427",,,,,,,,,,,,
0,0,0,,0,,,,380,0,0,0,1,0,0,0,0,,PS_VFX_HealCast,,,,1,0," [349]空
",,2,0,黃金防禦藥水,,,1,0,,,1000,,432,,,,,,,,,,,,
0,0,0,,0,,,,381,0,0,0,1,0,0,0,0,,PS_VFX_HealCast,,,,1,0," [350]空
",,2,0,鑽石治療藥水,,,1,0,,,1000,,433,,,,,,,,,,,,
0,0,0,,0,,,,382,0,0,0,1,0,0,0,0,,PS_VFX_HealCast,,,,1,0," [351]空
",,2,0,鑽石攻擊藥水,,,1,0,,,1000,,434,,,,,,,,,,,,
0,0,0,,0,,,,383,0,0,0,1,0,0,0,0,,PS_VFX_HealCast,,,,1,0," [352]空
",,2,0,鑽石移速藥水,,,1,0,,,1000,,435,,,,,,,,,,,,
0,0,0,,0,,,,384,0,0,0,1,0,0,0,0,,PS_VFX_HealCast,,,,1,0," [353]空
",,2,0,鑽石暴擊藥水,,,1,0,,,1000,,436,,,,,,,,,,,,
0,0,0,,0,,,,385,0,0,0,1,0,0,0,0,,PS_VFX_HealCast,,,,1,0," [354]空
",,2,0,鑽石生命藥水,,,1,0,,,1000,,"437,433",,,,,,,,,,,,
0,0,0,,0,,,,386,0,0,0,1,0,0,0,0,,PS_VFX_HealCast,,,,1,0," [355]空
",,2,0,鑽石防禦藥水,,,1,0,,,1000,,438,,,,,,,,,,,,
0,0,0,,0,,,,387,0,0,0,1,0,0,0,0,,PS_VFX_HealCast,,,,1,0," [356]空
",,2,0,星輝治療藥水,,,1,0,,,1000,,439,,,,,,,,,,,,
0,0,0,,0,,,,388,0,0,0,1,0,0,0,0,,PS_VFX_HealCast,,,,1,0," [357]空
",,2,0,星輝攻擊藥水,,,1,0,,,1000,,440,,,,,,,,,,,,
0,0,0,,0,,,,389,0,0,0,1,0,0,0,0,,PS_VFX_HealCast,,,,1,0," [358]空
",,2,0,星輝移速藥水,,,1,0,,,1000,,441,,,,,,,,,,,,
0,0,0,,0,,,,390,0,0,0,1,0,0,0,0,,PS_VFX_HealCast,,,,1,0," [359]空
",,2,0,星輝暴擊藥水,,,1,0,,,1000,,442,,,,,,,,,,,,
0,0,0,,0,,,,391,0,0,0,1,0,0,0,0,,PS_VFX_HealCast,,,,1,0," [360]空
",,2,0,星輝生命藥水,,,1,0,,,1000,,"443,439",,,,,,,,,,,,
0,0,0,,0,,,,392,0,0,0,1,0,0,0,0,,PS_VFX_HealCast,,,,1,0," [361]空
",,2,0,星輝防禦藥水,,,1,0,,,1000,,444,,,,,,,,,,,,
1,0,0,,0,15,"22,31",600,393,1,1,0,1,0,0,0,1,attack,,Skill_SkeletonSoldier_Attack,,833,1,-1," [54]空
",500,2,0,骷髏士兵普攻,"4,300,200,12000,0",,1,0,1,,1000,,,,,,,,,447,,,,,
0,0,0,,0,,"460,463",333,394,1,1,0,1,0,0,0,1,attack,Skill_OrangeHead,Skill_OrangeLeaf_Attack,,1760,1,4000," [55]空
",500,2,0,肉蛋衝擊,"2,200,0",,1,0,1,,1000,,461,,,,top_down_Cuboid,,,448,,,,,
0,0,0,,0,"15,238",22,1000,395,1,1,0,1,0,0,0,1,attack,,Skill_AngryStumb_Attack,,1866,1,4000," [56]空
",500,2,0,無能狂怒,"2,200,0",,1,0,1,,1000,,,,,,,,,449,,,,,
0,0,0,,0,15,22,500,396,1,1,0,1,0,0,0,1,attack,,Skill_SkeletonCaptain_Attack,,933,1,4000," [57]空
",300,2,0,吃我一斧,"4,300,300,9000,0",,1,0,1,,1000,,,,,,,,,450,,,,,
0,0,0,,0,"15,238",22,600,397,1,1,0,1,0,0,0,1,attack,skill_DarkEye_Attack,Skill_ShadowBehemoth_Attack,,1333,1,4000," [59]空
",500,2,0,大眼壓,"2,300,0",,1,0,1,,1000,,,,,,top_down_Normal_3,,,451,,,,,
1,0,0,,0,"15,9",414,400,398,1,1,0,1,0,1,0,1,attack,,Skill_DarkSnowSprite_Attack,,1000,1,4000," [60]空
",1500,2,17,雪球,"2,200,0",,1,0,1,,1000,,,skill-icon-398,,,top_down_bomb_1,1,,452,,,,,
0,0,0,,0,,22,333,399,1,1,0,1,0,0,0,1,attack2,,Skill_IceShellGiant_Attack,,2167,1,4000," [62]空
",500,2,0,死亡衝擊,,,1,0,1,,1000,,"467,472,473",,,,top_down_Cuboid,,,453,,,,,
1,0,0,,0,15,,1400,400,1,1,0,1,0,1,0,1,attack,,Skill_SkeletonArcher_Attack,,2000,1,-1," [63]空
",1400,2,19,怪物鎖定箭,,,1,0,1,,1000,,,,,,,1,,454,,,,,
0,0,0,,0,465,,2266,401,1,1,0,1,0,0,0,1,attackArea,,Skill_RabbitWizard_Attack,,2433,1,15000," [65]空
",1000,2,0,怪物加Buff,"2,750,0",,1,0,2,,1000,,465,,,,top_down_Blue_9,,,455,,,,,
1,0,0,,0,"458,456,446",,1000,402,1,1,0,1,0,1,0,1,attack,,Skill_TrapPush_Attack,,1500,1,4000," [67]空
",2000,2,15,陷阱怪物_推,,,1,0,1,,1000,,,,,,,1,,,,,,,
1,0,0,,0,"458,445",,1000,403,1,1,0,1,0,1,0,1,attack,,Skill_TrapBomb_Attack,,1500,1,4000," [68]空
",2000,2,16,陷阱怪物_炸彈,"2,300,0",,1,0,1,,1000,,,,,,top_down_Normal_3,4,,,,,,,
1,0,1,,0,459,,4000,404,0,0,0,1,1,0,1,0,pray,,Skill_Revival,,4100,1,0, [151]救援技能,,2,0,復活技能,,,2,1,2,,1000,,,skill-icon-404,,,,,,,,,,,skill_Rescue_AccuBar
1,0,0,,0,385,,1000,405,1,1,0,1,0,1,0,1,attackArea,,Skill_DarkSnowSprite_AttackArea,,1500,1,4000," [61]空
",1000,2,18,雪色風暴,"2,400,0",,1,0,1,,1000,,"489,490",,,,Skill_SnowStorm,2,,,,,,,
1,0,0,,0,15,,1400,406,1,1,0,1,0,1,0,1,attackArea,,Skill_SkeletonArcher_AttackArea,,2000,1,4000," [64]空
",1000,2,20,箭雨,"2,300,0",,1,0,1,,1000,,,skill-icon-406,,,top_down_ArrowRain,4,,,,,,,
1,0,0,,0,"1,9",,800,407,1,1,0,1,0,1,0,1,attack,,Skill_RabbitWizard_AttackArea,,1100,1,4000," [66]空
",1000,2,21,灼燒魔法球,,,1,0,1,,1000,,,,,,,1,,,,,,,
0,0,0,,0,1,"467,475",1166,408,1,1,0,1,0,0,0,1,attack,skill_TreeFlying,Skill_ForestLord_Attack,,2700,1,0," [69]空
",1000,2,0,烏鴉坐飛機,"2,300,0",,3,0,1,,1000,,467,,,,top_down_Normal_3,,,476,,,,,
0,0,0,,0,1,467,1000,409,1,1,0,1,0,1,0,1,attackArea,,Skill_ForestLord_AttackArea,,2833,1;2,30000," [70]空
",1000,2,22,看好你屁屁,"2,300,0",,1,0,1,,1000,,"489,482,490",,,,top_down_Normal_3,4,,,,,,,
0,0,0,,0,,467,400,410,1,1,0,1,0,0,0,1,attack,,Skill_ArcticLord_Attack,,1266,1,2000," [72]空
",1000,2,0,給我咬一口,,,1,0,1,,1000,,"467,472,501",,,,top_down_Cuboid,,,477,,,,,
0,0,0,,0,"471,388",467,1000,411,1,1,0,1,0,1,0,1,attackArea,,Skill_ArcticLord_AttackArea,,2000,1;2,60000," [73]空
",1000,2,23,哈士奇之怒,"4,800,700,36000,0",,1,0,1,,1000,,"467,496",,,,top_down_MoonFalling,4,,,,,,,
0,0,0,,0,,"467,469",0,412,1,1,0,1,0,0,0,1,attack,Skill_Rush_Big,Skill_SoulLord_Attack,,1333,1,2000," [75]空
",1000,2,0,我刺,,,1,0,1,,1000,,472,,,,top_down_Cuboid_20,,,,,,,,
0,0,0,,0,"471,386,3",467,1000,413,1,1,0,1,0,0,0,1,attackArea,Skill_GroundEletric_Instancer,Skill_SoulLord_AttackArea,,2000,1,3000," [77]空
",600,2,0,我插,"2,600,0",,1,0,1,,1000,,,,,,top_down_Normal_6,,,,,,,,
0,0,0,,0,"35,388",467,0,414,1,1,0,1,0,1,0,1,attackRange,,Skill_FrostyLord_Attack,,2800,1;2,100000," [79]空
",1000,2,24,我手搓閃電,"2,300,0",,1,0,1,,1000,,"497,485",,,,top_down_Normal_3,4,,478,,,,,
0,0,0,,0,,,200,415,0,0,0,1,1,0,0,0,happy,,Skil_LovelyTouch,,660,1,30000, [152]暫時增加寵物幸福指數容量,,2,0,可愛的觸感,,,1,0,,,1000,9,470,skill-icon-415,,,,,,,,,,,
0,0,0,,0,"15,456,446",463,1700,417,1,1,0,1,0,0,0,1,skill,Skill_SkeletonCap_Attack,Skill_SkeletonCaptain_AttackArea,,2333,1,4000," [58]空
",500,2,0,蓄力擊飛,"4,300,400,18000,0",,1,0,1,,1000,,,,,,top_down_Normal_Half_4,,,,,,,,
0,0,0,,0,1,467,1000,422,1,1,0,1,0,1,0,1,attackArea,,Skill_FroestLord_AttackArea,,2833,1;2,12000," [71]空
",1000,2,22,[71]小心你的屁股,"2,300,0",,1,0,1,,1000,,"489,490",,,,top_down_Normal_3,2,,,,,,,
0,0,0,,0,"471,388",467,1000,423,1,1,0,1,0,1,0,1,attackArea,,Skill_ArcticLord_AttackArea,,2000,1;2,12000," [74]空
",1000,2,23, [74]哈士奇的愤怒,"4,800,700,36000,0",,1,0,1,,1000,,467,,,,top_down_MoonFalling,2,,,,,,,
0,0,0,,0,"35,388",467,0,424,1,1,0,1,0,1,0,1,attackRange,,Skill_FrostyLord_Attack,,2800,1;2,20000," [80]空
",1000,2,24, [80]通过搓手产生闪电,"2,300,0",,1,0,1,,1000,,499,,,,top_down_Normal_3,2,,481,,,,,
0,0,0,,0,,"467,469",0,425,1,1,0,1,0,0,0,1,attack,Skill_Rush_Big,Skill_SoulLord_Attack,,1333,1,4000," [76]空
",1000,2,0, [76]刺痛,,,1,0,1,,1000,,472,,,,top_down_Cuboid_20,,,479,,,,,
0,0,0,,0,"471,386,3",467,1000,426,1,1,0,1,0,0,0,1,attackArea,Skill_GroundEletric_Instancer,Skill_SoulLord_AttackArea,,2000,1,4000," [78]空
",600,2,0, [78]插入,"2,600,0",,1,0,1,,1000,,,,,,top_down_Normal_6,,,480,,,,,
1,0,0,,0,213,,0,427,1,1,0,1,0,0,0,1,attack,,Skill_SoulLord_AttackArea,,100,1,0," [81]空
",10000,2,0, [81]区域增益,"2,750,0",,1,0,2,,1000,,,,,,top_down_Blue_9,,,500,,,,,
0,0,0,,0,,,200,431,0,0,0,1,0,0,0,0,happy,,,,660,1,15000,,0,2,0,治療噴湧,"2,666,0",CameraShakeGrade_1,1,0,2,,1000,,513,skill-icon-431,,,,,,,,,,,
0,0,0,,0,564,"467,698",566,432,0,0,0,1,0,0,0,0,A-1baoqi,Skill_inspire,Skill_Inspire,,2000,1,45000,,0,2,0,鼓舞（可用）,"2,666,0",,1,0,2,,1000,,"508,563",skill-icon-432,,,,,,,,,,,
0,0,0,,0,1,,1000,433,0,1,0,1,0,1,0,1,A-1diuzhadan,Skill_seeding_2,A-chuisanlianji-3-NEW,,2833,1,30000,,600,2,25,黑洞,"2,300,0",,1,1,1,,1000,,"489,490",,,,top_down_Normal_3,1,,,,,,,
0,0,0,,0,493,,1000,434,0,0,0,1,0,0,0,0,,Skill_health_ring,,,2833,1,30000,,0,2,0,治療圈,"2,200,0",,1,0,2,,1000,,493,,,,,,,,,,,,
1,0,0,0,0,532,,500,435,0,1,0,1,0,0,0,0,attackArea,Skill_Fire_Breath_NoSmoke,Skill_StardustWhelpling_AttackRange,,3000,1,15000,,800,2,0,火焰吐息（星辰幼龍）,"4,150,800,4500,0",CameraShakeGrade_1,1,0,1,,1000,,"518,521",skill-icon-435,,,,,,,,,,,
0,0,0,0,0,1,,200,436,0,1,0,1,0,1,0,1,A-1diuzhadan,,Skill_Throw,,660,1,2000,,1500,2,25,爆炸藝術存檔,"2,400,0",,1,0,1,,,,"510,511",,skill_tree_hurt,,top_down_Normal_3,1,,,,,,,
0,0,0,,0,,553,350,437,0,1,0,0,0,0,0,0,attackArea,Earthquake_3,Skill_VerdantStoneling_AttackRange,,1500,1,25000,,200,2,0,地震（綠石雕靈）,"4,100,400,36000,0",CameraShakeGrade_1,1,0,1,,1000,,523,,,,,,,,,,,,
0,0,0,,0,35,553,500,438,0,1,0,0,0,0,0,0,attackRange,Skill_earthfire_1,Skill_MysticOwlSage_AttackRange,,4333,1,35000,,100,2,0,地火（幽林魔導）,"2,500,0",CameraShakeGrade_1,1,0,1,,1000,,523,,,,top_down_Normal,5,,,,,,,
0,0,0,,0,"1,509",553,1666,439,0,1,0,1,0,1,0,0,attackRange,,Skill_AquilaDominator_AttackRange,,2666,1;2,25000,,1500,2,30,召喚旋風（翱翔領主）,"4,800,700,36000,0",,1,0,1,,1000,,525,,,,top_down_Normal_5,4,,,,,,,
0,0,0,,0,,"553,682",1400,440,0,1,0,0,0,0,0,0,attackArea,Skill_Eye_of_the_storm,Skill_AquilaDominator_AttackArea,,3666,1;2,15000,,1000,2,0,風眼（翱翔領主）,"2,750,0",CameraShakeGrade_1,1,0,1,,1000,,525,,,,top_down_Normal_6,,,,,,,,
1,0,0,,0,"532,387",,600,441,0,1,0,1,0,1,0,1,attackArea,,Skill_GraniteGuardian_AttackArea,,1000,1;2,15000,,800,2,33,岩漿噴射（巨岩守衛）,"2,200,0",,1,0,1,,1000,,489,skill-icon-441,,,,1,,,,,,,
0,0,0,,0,1,467,800,443,0,1,0,0,0,0,0,0,attackRange,Skill_Earth_Splitter,Skill_DoomLord_AttackArea,,2200,1;2,15000,,1000,2,0,裂地劍（終焉魔君）,"1,800,200,200,0",CameraShakeGrade_1,1,0,1,,1000,,,,,,,,,,,,,,
0,0,0,,0,"386,471",467,800,444,0,1,0,0,0,0,0,0,attackRange,Skill_outrangebrake,Skill_DoomLord_AttackArea,,2200,1;2,25000,,1000,2,0,扇形裂地劍（終焉魔君）,"4,200,600,6000,0",CameraShakeGrade_1,1,0,1,,1000,,,,,,,,,,,,,,
0,0,0,,0,521,553,800,445,0,1,0,0,0,0,0,0,attackArea,Skill_Electromagnetic_1,Skill_MysticAncient_AttackRange,,2750,1,20000,,200,2,0,電磁風暴（迷光古靈）,"4,800,700,36000,0",CameraShakeGrade_1,1,0,1,,1000,,525,,,,top_down_Normal_5,,,,,,,,
1,0,0,0,0,"238,385",,400,446,0,1,0,1,0,1,0,0,attackArea,,Skill_SparkleTyrant_AttackArea,,1150,1;2,15000,,800,2,27,隕石（炫光小霸王）,"2,200,0",CameraShakeGrade_1,1,0,1,,1000,,,skill-icon-446,,,,3,,,,,,,
0,0,0,0,0,"386,35",,2133,447,0,1,0,1,0,1,0,0,attackArea,,Skill_MysticOwlSage_AttackArea,,3000,1;2,20000,,1500,2,28,巨型隕石（幽林魔導）,"2,500,0",CameraShakeGrade_1,1,0,1,,1000,,,,,,top_down_Normal,5,,,,,,,
0,0,0,,0,1,,900,448,0,0,0,1,1,0,0,0,work,,,,1000,1,1200,,100,2,0,寵物通用採集技能總成,"4,100,100,9000,0",,1,0,1,"5,6,7",1000,,,,,,,,,,,,,,
0,0,0,,0,,,900,449,0,0,0,1,1,0,0,0,work,,,,1000,1,1200,,100,2,0,寵物通用農牧技能總成,"4,100,100,9000,0",,1,0,1,"2,3,1",1000,,,,,,,,,,,,,,
1,0,1,,0,533,,4000,450,0,0,0,1,1,0,1,0,work,,,,4100,1,30000,,,2,0,寵物通用復活技能,,,2,1,2,,1000,,,skill-icon-450,,,,,,,,,,,skill_Rescue_AccuBar
0,0,0,,0,532,113,600,452,0,1,0,1,0,0,0,0,attackRange,Skill_Rush_Instancer_red,Skill_BlazeRidge_AttackRange,,1000,1,15000,,2000,2,0,火球術（火岩守衛）,"1,200,1500,100,0",,1,0,1,,1000,,547,skill-icon-452,,,,,,,,,,,
0,0,0,,0,"386,238",467,610,453,0,1,0,0,0,0,0,0,attackRange,Skill_Earthshock,Skill_DoomLord_AttackRange,,1333,1,15000,,300,2,0,裂地術（烈焰戰神）,"1,200,500,100,0",CameraShakeGrade_1,1,0,1,,1000,,,,,,,,,,,,,,
0,0,0,,0,,"553,682",950,454,0,1,0,0,0,0,0,0,attackRange,Skill_big_windmill,Skill_VerdantFlame_AttackRange,,5000,1;2,30000,,1000,2,0,大風車（綠焰戰神）,"2,400,0",,1,0,1,,1000,,525,,,,,,,,,,,,
0,0,0,,0,,553,950,455,0,1,0,0,0,0,0,0,attackArea,Skill_Flurry,SKill_VerdantFlame_AttackArea,,3000,1;2,15000,,1000,2,0,亂舞（綠焰戰神）,"2,500,0",CameraShakeGrade_1,1,0,1,,1000,,535,,,,,,,,,,,,
0,0,0,,0,1,553,800,456,0,1,0,0,0,0,0,0,attackArea,Skill_megaseism,Skill_DoomLord_AttackRange,,2100,1;2,30000,,1000,2,0,大地震（終焉魔君）,"2,500,0",CameraShakeGrade_1,1,0,1,,1000,,,,,,,,,,,,,,
0,0,0,,0,,"113,547",500,457,0,1,0,1,0,0,0,0,attackRange,Skill_Rush_Instancer_green,Skill_GlowingGuard_AttackRange,,2900,1,20000,,2000,2,0,直線衝擊（螢光守衛）,"1,200,1500,100,0",,1,0,1,,1000,,,,,,,,,,,,,,
0,0,0,,0,"538,541",,500,458,0,1,0,1,0,1,0,0,attackArea,,Skill_GlowingGuard_AttackArea,,1500,1,5000,,1000,2,32,飛矛（螢光守衛）,,,1,0,1,,1000,,,skill-icon-458,,,,2,,,,,,,
0,0,0,,1,"554,385,648,446",22,500,459,0,0,0,0,0,0,0,0,A-1baoqi,Skill_ice_ring,Skill_IceExplosion,,660,1,15000,,200,2,0,冰天雪地（可用）,"2,600,0",,1,0,1,,1000,,,skill-icon-459,,,,,,,,,,,
0,0,0,,1,598,,500,460,0,0,0,0,0,0,0,0,A-1baoqi,Skill_speed_ring,SKill_Windup,,660,1,20000,,300,2,0,喚風術（可用）,"2,600,0",,1,0,2,,1000,,565,skill-icon-460,,,,,,,,,,,
0,0,0,,0,,113,500,462,0,1,0,1,0,0,0,0,attackRange,Skill_Rush_Instancer_blue,Skill_GuardianOwl_AttackRange,,1333,1,8000,,1000,2,0,飛撲（智眸鷹守）,"1,200,1000,200,0",,1,0,1,,1000,,108,,,,,,,,,,,,
0,0,0,,0,,"113,547",333,463,0,1,0,1,0,0,0,0,attackRange,Skill_Rush_Instancer_plus,Skill_StripeBoulder_AttackRange,,2000,1,12000,,2000,2,0,撞擊（黃紋岩怪）,"1,200,1500,100,0",,1,0,1,,1000,,,,,,,,,,,,,,
0,0,0,,0,538,,400,464,0,1,0,1,0,1,0,0,attackArea,,Skill_SpikeguardSmiler_AttackRange,,1000,1,5000,,1000,2,38,飛矛（笑面刺盾）,,,1,0,1,,1000,,,skill-icon-464,,,,1,,,,,,,
0,0,0,,0,,,500,465,0,1,0,1,0,0,0,0,attack,,Skill_AquilaDominator_Attack,,1500,1,3000,,300,2,0,普通攻擊（翱翔領主）,"4,300,150,16000,0",,1,0,1,,1000,,548,,hiteffect,,,,,636,,,,,
0,0,0,,0,385,,350,466,0,1,0,1,0,0,0,0,attack,,Skill_StripeBoulder_Attack,,1050,1,3000,,100,2,0,普通攻擊（黃紋岩怪）,"4,200,200,4500,0",,1,0,1,,1000,,,,hiteffect,,,,,628,,,,,
0,0,0,,0,385,,400,467,0,1,0,1,0,0,0,0,attack,,Skill_BlazeRidge_Attack,,1000,1,3000,,100,2,0,普通攻擊（火岩守衛）,"4,200,200,4500,0",,1,0,1,,1000,,,,hiteffect,,,,,626,,,,,
0,0,0,,0,385,,400,468,0,1,0,1,0,0,0,0,attack,,Skill_GraniteGuardian_Attack,,1000,1,3000,,100,2,0,普通攻擊（巨岩守衛）,"4,200,200,4500,0",,1,0,1,,1000,,,,hiteffect,,,,,627,,,,,
0,0,0,,0,,,333,469,0,1,0,1,0,0,0,0,attack,Skill_Hit6,Skill_InfernoWarrior_Attack,,2333,1,3000,,100,2,0,普通攻擊（烈焰戰神）,"4,300,150,16000,0",,1,0,1,,1000,,549,,,,,,,635,,,,,
0,0,0,,0,385,,333,470,0,1,0,1,0,0,0,0,attack,,SKill_VerdantStoneling_Attack,,1000,1,3000,,200,2,0,普通攻擊（綠石雕靈）,"1,200,400,200,0",,1,0,1,,1000,,,,hiteffect,,,,,632,,,,,
0,0,0,,0,,553,666,471,0,1,0,0,0,0,0,0,attack,Skill_Hit2,Skill_VerdantFlame_Attack,,3666,1;2,3000,,1000,2,0,普通攻擊（綠焰戰神）,"1,300,600,300,0",,1,0,1,,1000,,550,,,,,,,638,,,,,
0,0,0,,0,,,500,472,0,1,0,1,0,0,0,0,attack,,Skill_MysticAncient_Attack,,1500,1,3000,,100,2,0,普通攻擊（迷光古靈）,"4,200,200,4500,0",,1,0,1,,1000,,551,,hiteffect,,,,,631,,,,,
0,0,0,,0,385,,333,473,0,1,0,1,0,0,0,0,attack,,Skill_SPikeguardSmiler_Attack,,1000,1,3000,,200,2,0,普通攻擊（笑面刺盾）,"1,200,400,200,0",,1,0,1,,1000,,,,hiteffect,,,,,633,,,,,
1,0,0,,0,385,,333,474,0,1,0,1,0,1,0,0,attack,,Skill_StardustWhelpling_Attack,,1000,1,3000,,800,2,21,普通攻擊（星辰幼龍）,,,1,0,1,,1000,,,,,,,1,,630,,,,,
1,0,0,,0,385,,400,475,0,1,0,1,0,1,0,0,attack,,Skill_SparkleTyrant_Attack,,1000,1,3000,,800,2,21,普通攻擊（炫光小霸王）,,,1,0,1,,1000,,,,,,,1,,625,,,,,
0,0,0,,0,385,,333,476,0,1,0,1,0,0,0,0,attack,,Skill_GlowingGuard_Attack,,1000,1,3000,,100,2,0,普通攻擊（螢光守衛）,"1,200,200,200,0",,1,0,1,,1000,,,,hiteffect,,,,,639,,,,,
0,0,0,,0,385,,500,477,0,1,0,1,0,1,0,0,attack,,Skill_MysticOwlSage_Attack,,1166,1,3000,,1000,2,21,普通攻擊（幽林魔導）,,,1,0,1,,1000,,,,,,,,,637,,,,,
0,0,0,,0,385,,333,478,0,1,0,1,0,0,0,0,attack,,Skill_GuardianOwl_Attack,,1166,1,3000,,100,2,0,普通攻擊（智眸鷹守）,"1,200,200,200,0",,1,0,1,,1000,,,,hiteffect,,,,,629,,,,,
0,0,0,,0,,,333,479,0,1,0,1,0,0,0,0,attack,,Skill_DoomLord_Attack,,1166,1;2,3000,,800,2,0,普通攻擊（終焉魔君）,"4,300,500,12000,0",,1,0,1,,1000,,552,,Skill_HitBoss,,,,,634,,,,,
0,0,0,0,0,"515,521",,400,482,0,1,0,1,0,0,0,0,attackRange,Skill_ice_Breath,Skill_StardustWhelpling_AttackRange,,2900,1;2,5000,,800,2,0,,"4,150,800,4500,0",,1,0,1,,1000,,518,skill-icon-482,,,,,,,,,,,
0,0,0,,0,"385,238",557,350,484,0,1,0,1,0,0,0,0,A1-gaozi-AOE-NEW,Skill_AOE_ring,Skill_AoeRing_Part2,,666,1,6000,,1000,2,0,,"4,200,400,36000,0",CameraShakeGrade_1,1,0,1,,1000,,,skill-icon-484,,,,,,,,,,,
0,0,0,,0,559,,500,485,0,0,0,0,0,0,0,0,A2-respawn-to-base,Skill_health_ring,Skill_HealthRing,,660,1,45000,,300,2,0,,"4,200,400,36000,0",,1,0,2,,1000,,559,skill-icon-485,,,,,,,,,,,
0,0,0,,0,"560,561",,500,486,0,1,0,0,0,1,0,0,A-1diuzhadan,,,,660,1,2000,,1000,2,38,,,,1,0,1,,1000,,,,Flash_ball,,,1,,,,"435,2",,,
0,0,0,,0,573,"568,570,697",1100,487,0,1,0,1,0,0,0,0,dash,Skill_Linear_impact,Skill_LinearImpactHit,,1500,1,18000,,800,2,0,,"1,300,1200,300,100",CameraShakeGrade_1,1,0,1,,1000,,,skill-icon-487,Skill_Linear_impact_hit,,,,,,,,,,
0,0,0,,0,515,,50,489,0,1,0,0,0,0,0,0,,Skill_iceworld,,,5000,1,1000,,5000,2,0,,"2,500,0",,1,0,1,,1000,,577,,,,,,,,,,,,
0,0,0,,0,,,50,490,0,1,0,0,0,0,0,0,,Skill_health_ring,,,5000,1,1000,,5000,2,0,,"2,500,0",,1,0,2,,1000,,576,,,,,,,,,,,,
0,0,0,,0,,,500,491,0,0,0,0,0,0,0,0,,,,,660,1;2,1000,,1000,2,0,,"2,200,300",,1,0,1,,1000,,574,,,,,,,,,,,,
0,0,0,,0,,,500,492,0,0,0,0,0,0,0,0,,,,,660,1;2,1000,,1000,2,0,,"2,200,300",,1,0,1,,1000,,575,,,,,,,,,,,,
0,0,0,,0,,,,493,0,0,0,1,0,0,0,0,,PS_VFX_HealCast,,,,1,0,,,2,0,,,,1,0,,,1000,,579,,,,,,,,,,,,
0,0,0,,0,,,,494,0,0,0,1,0,0,0,0,,PS_VFX_HealCast,,,,1,0,,,2,0,,,,1,0,,,1000,,580,,,,,,,,,,,,
0,0,0,,0,,,,495,0,0,0,1,0,0,0,0,,PS_VFX_HealCast,,,,1,0,,,2,0,,,,1,0,,,1000,,581,,,,,,,,,,,,
0,0,0,,0,,,,496,0,0,0,1,0,0,0,0,,PS_VFX_HealCast,,,,1,0,,,2,0,,,,1,0,,,1000,,582,,,,,,,,,,,,
0,0,0,,0,,,,497,0,0,0,1,0,0,0,0,,PS_VFX_HealCast,,,,1,0,,,2,0,,,,1,0,,,1000,,"583,579",,,,,,,,,,,,
0,0,0,,0,,,,498,0,0,0,1,0,0,0,0,,PS_VFX_HealCast,,,,1,0,,,2,0,,,,1,0,,,1000,,584,,,,,,,,,,,,
0,0,0,,0,,,,499,0,0,0,1,0,0,0,0,,PS_VFX_HealCast,,,,1,0,,,2,0,,,,1,0,,,1000,,585,,,,,,,,,,,,
0,0,0,,0,,,,500,0,0,0,1,0,0,0,0,,PS_VFX_HealCast,,,,1,0,,,2,0,,,,1,0,,,1000,,586,,,,,,,,,,,,
0,0,0,,0,,,,501,0,0,0,1,0,0,0,0,,PS_VFX_HealCast,,,,1,0,,,2,0,,,,1,0,,,1000,,587,,,,,,,,,,,,
0,0,0,,0,,,,502,0,0,0,1,0,0,0,0,,PS_VFX_HealCast,,,,1,0,,,2,0,,,,1,0,,,1000,,588,,,,,,,,,,,,
0,0,0,,0,,,,503,0,0,0,1,0,0,0,0,,PS_VFX_HealCast,,,,1,0,,,2,0,,,,1,0,,,1000,,"589,585",,,,,,,,,,,,
0,0,0,,0,,,,504,0,0,0,1,0,0,0,0,,PS_VFX_HealCast,,,,1,0,,,2,0,,,,1,0,,,1000,,590,,,,,,,,,,,,
0,0,0,,0,,,,505,0,0,0,1,0,0,0,0,,PS_VFX_HealCast,,,,1,0,,,2,0,,,,1,0,,,1000,,591,,,,,,,,,,,,
0,0,0,,0,,,,506,0,0,0,1,0,0,0,0,,PS_VFX_HealCast,,,,1,0,,,2,0,,,,1,0,,,1000,,592,,,,,,,,,,,,
0,0,0,,0,,,,507,0,0,0,1,0,0,0,0,,PS_VFX_HealCast,,,,1,0,,,2,0,,,,1,0,,,1000,,593,,,,,,,,,,,,
0,0,0,,0,,,,508,0,0,0,1,0,0,0,0,,PS_VFX_HealCast,,,,1,0,,,2,0,,,,1,0,,,1000,,594,,,,,,,,,,,,
0,0,0,,0,,,,509,0,0,0,1,0,0,0,0,,PS_VFX_HealCast,,,,1,0,,,2,0,,,,1,0,,,1000,,"595,591",,,,,,,,,,,,
0,0,0,,0,,,,510,0,0,0,1,0,0,0,0,,PS_VFX_HealCast,,,,1,0,,,2,0,,,,1,0,,,1000,,596,,,,,,,,,,,,
0,0,0,,0,597,,666,511,0,1,0,0,0,0,0,0,A-chuisanlianji-2-NEW,Skill_Bladestorm,,,1466,1,1000,,700,2,0,,"4,300,700,9000,0",,1,0,1,,1000,,,,,,,,,,,,,,
0,0,0,,0,388,,1000,512,0,1,0,0,0,0,0,0,A-chuisanlianji-3-NEW,Skill_Great_sword_strike,,,2000,1;2,1000,,1000,2,0,,"1,200,1200,300,0",,1,0,1,,1000,,,,,,,,,,,,,,
0,0,0,,0,,,100,513,0,0,0,0,0,0,0,0,,,,,100,1,-1,,,1,0,,,,1,0,2,,,,,,,,,,,600,,,,,
0,0,0,,0,"601,620",,666,514,0,1,0,0,0,0,0,0,attack,,Skill_SpecterBishop_Attack,,1950,1;2,2000,,400,2,0,,"4,500,500,12000,-10",,1,0,1,,1000,,,,,,,,,,,,,,
0,0,0,,0,"601,620",,0,515,0,1,0,0,0,0,0,0,attack-impact,,Skill_SpecterBishop_Attack_Angry,,1100,1;2,1000,,400,2,0,,"4,500,500,12000,-10",,1,0,1,,1000,,,,,,,,,,,,,,
0,0,0,,0,"532,602,620",,300,516,0,1,0,0,0,1,0,0,hurt-front,,Skill_SpecterBishop_AttackRange_FireFlame,,500,1;2,500,,3000,2,39,,"2,300,0",,1,0,1,,1000,,,,,,,20,,,,,,,
0,0,0,,0,"532,602,620",,666,518,0,1,0,0,0,1,0,0,projectile,,Skill_SpecterBishop_AttackRange_FireBall,,1500,1;2,2000,,3000,2,40,,"2,200,0",,1,1,1,,1000,,,,,,,5,,,,,,,
0,0,0,,0,,,1333,519,0,0,0,1,0,0,0,0,summon,,,,2500,1;2,600000,,1000,2,0,,"2,500,0",,1,0,1,,1000,,606,,,,,,,,,,,,
0,0,0,,0,,"604,4",0,520,0,0,0,0,0,0,0,0,teleport,,Skill_SpecterBishop_AttackRange_Teleport,,1222,1;2,1500,,,2,0,,,,1,0,2,,1000,,,,,,,,,,,,,,
0,0,0,,0,"532,603,620",,2000,521,0,1,0,0,0,1,0,0,projectile-big,,Skill_SpecterBishop_AttackRange_FireBallAngry,,3000,1;2,5000,,3000,2,40,,"2,300,0",,1,1,1,,1000,,,,,,,10,,,,,,,
0,0,0,,0,,"605,4",0,522,0,0,0,0,0,0,0,0,teleport,,Skill_SpecterBishop_AttackRange_Teleport,,1222,1;2,5000,,,2,0,,,,1,0,2,,1000,,,,,,,,,,,,,,
0,0,0,,0,602,,433,523,0,1,0,0,0,0,0,0,blade_dual_attack_a,,Skill_WanderingBlade_Attack_PART_1,,733,1;2,-1,,700,2,0,,"4,500,700,12000,0",,1,0,1,,1000,,,,,,,,,,,,,,
0,0,0,,0,602,,199,524,0,1,0,0,0,0,0,0,blade_dual_attack_b,,Skill_WanderingBlade_Attack_PART_2,,666,1;2,-1,,700,2,0,,"4,500,700,12000,0",,1,0,1,,1000,,,,,,,,,,,,,,
0,0,0,,0,601,,650,526,0,1,0,0,0,0,0,0,blade_dual_attack_c,,Skill_WanderingBlade_Attack_PART_3,,1500,1;2,-1,,700,2,0,,"2,750,0",,1,0,1,,1000,,,,,,,,,,,,,,
0,0,0,,0,,608,0,528,0,1,0,0,0,0,0,0,dash,,Skill_WanderingBlade_AttackRange,,333,1;2,2000,,700,2,0,,,,1,0,2,,1000,,,,,,,,,,,,,,
0,0,0,,0,,,0,529,0,0,0,0,1,0,0,0,defense,,Skill_WanderingBlade_Defense,,3000,1;2,5000,,700,2,0,,,,1,0,1,,1000,,485,,,,,,,,,,,,
0,0,0,,0,,,,530,0,0,0,0,0,0,0,0,,,,,,1,0,,,1,0,,,,1,0,2,,1000,,,,,,,,,"611,613,614",,,,,
0,0,0,,0,,,,531,0,0,0,0,0,0,0,0,,,,,,1,0,,,1,0,,,,1,0,2,,1000,,,,,,,,,"615,616,618",,,,,
0,0,0,,0,601,467,800,532,0,1,0,0,0,0,0,0,ready_attack,Skill_Detonate,Skill_NuclesBat_Attack,,1000,1,5000,,200,2,0,,"2,500,0",CameraShakeGrade_1,1,0,1,,1000,,621,,,,,,,,,,,,
0,0,0,,0,,467,2150,534,0,0,0,0,0,1,0,0,attack,,,,3000,1;2,30000,,3000,2,41,,"2,300,0",,1,0,1,,1000,,622,,,,,10,,,,,,,
0,0,0,,0,,642,1000,539,0,0,0,1,0,0,0,0,devout,,,,2000,1,,,,2,0,,,,1,0,2,,1000,,,,,,,,,,,,,,
0,0,0,,0,"643,471",464,0,540,0,0,0,0,0,0,0,0,hit,Skill_Detonate,,,666,1,8000,,,2,0,,"2,400,0",,1,0,1,,1000,,,skill-icon-540,,,,,,,,,,,
0,0,0,,0,,,900,541,0,0,0,1,0,0,0,0,A2-respawn-to-base,Skill_speed_ring,,,1000,1,45000,,,2,0,,,,1,0,2,,1000,,644,skill-icon-541,,,,,,,,,,,
0,0,0,,0,,,3400,542,0,0,0,0,0,1,0,0,combatCastingLoop,,,,3500,1;2,5000,,,2,21,,,,1,0,1,,1000,,,,,,,1,,,,,,,
0,0,0,,0,,,950,544,0,0,0,0,1,0,0,0,attackRange,Skill_big_windmill,,,15000,1;2,99999999,,50000,2,0,,"2,50000,0",,1,0,1,,1000,,,,,,,,,,,,,,
0,0,0,,0,"647,446",,1100,545,0,0,0,0,0,0,0,0,A-jianwu,FX_EarthSkill_Path_06,,,1500,1;2,-1,,800,2,0,,"1,400,900,300,100",CameraShakeGrade_1,1,0,1,,1000,,,skill-icon-545,,,,,,,,,,,
0,0,0,,0,"35,385","22,676",666,548,0,0,0,0,0,0,0,0,attackRange,,Skill_Asakz_AttackRange,,1200,1;2,5000,,600,2,0,,"1,300,800,300,0",,1,0,1,,1000,,,,,,,,,,,,,,
0,0,0,,0,"446,385",22,333,549,0,0,0,0,0,0,0,0,attack,,Skill_Asakz_Attack,,1333,1;2,2000,,250,2,0,,"4,300,300,9000,0",,1,0,1,,1000,,675,,,,,,,,,,,,
0,0,0,,0,"674,471",22,345,550,0,1,0,0,0,1,0,0,attackRange,,Skill_Golonac_AttackRange,,1333,1;2,5000,,1800,2,42,,,,1,1,1,,1000,,,,,,,1,,,,,,,
0,0,0,,0,"385,446",22,333,551,0,0,0,0,0,0,0,0,attack,,Skill_Golonac_Attack,,1000,1;2,2000,,250,2,0,,"4,300,300,9000,0",,1,0,1,,1000,,,,,,,,,,,,,,
0,0,0,,0,"385,471","22,669",1000,552,0,0,0,1,0,0,0,0,attackRange,Skill_earthfire_2,Skil_Ghatanothoa_AttackRange,,1400,1;2,5000,,1300,2,0,,"2,300,0",,1,0,1,,1000,,,,,,,,,,,,,,
0,0,0,,0,"385,446",22,0,553,0,0,0,0,0,0,0,0,attack,,Skil_Ghatanothoa_Attack,,1000,1;2,2000,,300,2,0,,"4,300,300,9000,0",,1,0,1,,1000,,670,,,,,,,,,,,,
0,0,0,,0,,608,333,554,0,0,0,1,0,0,0,0,flash,Skillll_flash,,,1333,2,,,,2,0,,,,1,0,2,,1000,,,,,,,,,,,,,,
0,0,0,,0,678,"22,696",,555,0,0,0,1,0,0,0,0,A-1baoqi,,,,,1;2,15000,,,2,0,,"2,300,0",,1,0,2,,1000,,678,,,,,,,,,,,,
0,0,0,,0,,22,,557,0,0,0,1,0,0,0,0,A-1baoqi,,,,,1;2,,,,2,0,,,,1,0,2,,1000,,679,,,,,,,,,,,,
0,0,0,,0,227,"467,698",1666,558,0,1,0,1,0,0,0,0,devout,Skill_rain,Skill_VerdantFlame_AttackRange,,2000,1;2,13000,,,2,0,,"4,300,700,36000,0",,1,0,1,,1000,,680,skill-icon-558,,,,,,,,,,,
0,0,0,,0,681,467,1400,559,0,0,0,0,0,0,0,0,halfMoonSlash,Skill_halfMoonSlash,,,1666,1;2,,,,2,0,,"4,300,1000,21000,0",,1,0,1,,1000,,,,,,,,,,,,,,
0,0,0,,0,385,216,450,560,0,1,0,0,0,0,0,0,attack,,Skill_WanderingBlade_Attack_PART_1,,600,1,4000,,200,2,0,,"2,100,0",,1,0,1,,1000,,,,,,,,,,,,,,
0,0,0,,0,,,0,562,0,0,0,0,1,0,0,0,pray,,,,2000,2,0,,0,2,0,,"2,100,0",,1,0,2,,1000,,,,,,,,,,,,,,
0,0,0,,0,,,340,563,0,1,0,0,0,0,0,0,attack,,Skill_VerdantFlame_Attack,,1300,1;2,4000,,500,2,0,,"4,300,100,4500,0",,1,0,1,,1000,,684,,,,,,,600,,,,,
0,0,0,,0,643,464,0,566,0,0,0,0,0,0,0,0,hit,Skill_Detonate,,,666,1;2,8000,,,2,0,,"2,400,0",,1,0,2,,1000,,685,skill-icon-566,,,,,,,,,,,
0,0,0,,0,"677,386",,1450,567,0,1,0,0,0,0,0,0,attackRange,Skill_EarthSplitter,,,2000,1;2,8000,,800,2,0,,"4,600,800,36000,0",,1,0,1,,1000,,,,,,,,,,,,,,
0,0,0,,0,385,,333,568,0,1,0,0,0,0,0,0,attack,,Skill_VerdantFlame_Attack,,1000,1;2,4000,,500,2,0,,"4,300,100,4500,0",,1,0,1,,1000,,,,,,,,,600,,,,,
0,0,0,,0,,,400,569,0,0,0,0,0,0,0,0,attackRange,Skill_roar,Skill_AquilaDominator_AttackRange,,1666,1;2,8000,,800,2,0,,"2,600,0",CameraShakeGrade_1,1,0,1,,1000,,687,,,,,,,,,,,,
0,0,0,,0,385,,333,570,0,0,0,0,0,0,0,0,attack,,Skill_VerdantFlame_Attack,,1000,1;2,4000,,300,2,0,,"4,300,100,4500,0",,1,0,1,,1000,,,,,,,,,600,,,,,
0,0,1,,0,,,5000,573,0,0,0,0,1,0,1,0,falling,Skill_townPortal,,,5000,1;2,5000,,,2,0,,"2,200,0",,1,0,2,,1000,,688,skill-icon-573,,,,,,,,,,,
0,0,0,,0,"689,690,695",,333,574,0,0,0,0,0,0,0,0,,Skill_lightningStorm,,,1000,1;2,5000,,300,2,0,,"2,300,0",,1,0,1,,1000,,,,,,,,,,,,,,
0,0,0,,0,691,,,575,0,0,0,0,0,0,0,0,,Skill_thunderstorm,,,,1;2,5000,,,2,0,,"2,600,0",,1,0,1,,1000,,,,,,,,,,,,,,
0,0,0,,0,700,,500,576,0,0,0,0,0,0,0,0,attack,Skill_shield,,,1000,1;2,5000,,2000,2,46,,"2,500,0",,1,0,2,,1000,,,,,,,,,,,,,,
0,0,0,,0,701,,500,577,0,0,0,0,0,0,0,0,attack,Skill_hitBack,,,1000,1;2,5000,,400,2,0,,"2,400,0",,1,0,1,,1000,,,,,,,,,,,,,,
0,0,0,,0,511,,500,578,0,0,0,0,0,0,0,0,attack,,,,1000,1;2,5000,,1500,2,45,,"2,400,0",,1,0,1,,1000,,,,,,,,,,,,,,
0,0,0,,0,,,500,579,0,0,0,0,0,0,0,0,attack,,,,1000,1;2,5000,,1500,2,44,,"2,200,300",,1,0,1,,1000,,702,,,,,,,,,,,,
0,0,0,,0,,,,581,0,0,0,0,0,0,0,0,,,,,,,,,,,0,,,,1,0,,,1000,,,,,,,,,,,,,,
0,0,0,0,0,,,200,584,0,1,0,1,0,0,0,0,A-1baoqi,,A-bozhong-NEW_audio,,2000,1,-1,,,2,0,,,,1,0,,,,,,skill-icon-584,,,,,,,,,,,
