IsBeHitBreakable-bool,IsIndependentLogic-bool,accuBreakable-bool,accuTime-int,attackCanMove-bool,effectEnemy-int[],effectForward-int[],forwardReleaseTime-int,id-int,isAutoUse-bool,isCheckHit-bool,isHoldSkill-bool,isReleaseEffFollow-bool,isReleastActLoop-bool,isRemote-bool,playProgress-bool,rangeTips-bool,releaseAct-string,releaseEff-string,releaseSound-string[],releaseSpd-int,releaseTime-int,searchTarget-int[][],skillCD-int,skillDesc-string,skillDistance-int,skillFlag-int[],skillFlyerId-int,skillName-string,skillRange-int[],skillShake-string[],targetFlag-int[],targetLock-bool,targetType-int[],homeAction-int[],homeAttRate-int,effectSelf-int[],skillIcon-string,hitEff-string,animRotate-int,skillAlertEffect-string,skillFlyerNum-int,accuEff-int,effectInit-int[],composeSkill-int[],costPropType-int[],maxAccuTime-int,itemCost-int[][],accuTab-string
0,0,0,0,0,"1,239",214,150,14,0,1,0,1,0,0,0,1,skill_attack1,Skill_punch_attack1,Punch,14,550,1,-1,맨손 공격 - 이동 1.,350,2,0,맨손 공격,"4,300,150,16000,0",CameraShakeGrade_1,1,0,1,,,,,,,,,,,,,,,
0,0,0,0,0,"15,239",214,150,15,0,1,0,1,0,0,0,1,skill_attack2,Skill_punch_attack2,Punch,14,550,1,-1, 맨손 공격 - 이동 2.,350,2,0, 맨손 공격,"4,300,150,16000,0",CameraShakeGrade_1,1,0,1,,,,,,,,,,,,,,,
0,0,0,0,0,"21,227,386",214,150,16,0,1,0,1,0,0,0,1,skill_attack3,Skill_punch_attack3,Punch2,14,550,1,-1, 맨손 공격 - 이동 3.,350,2,0, 맨손 공격,"4,300,150,16000,0",CameraShakeGrade_2,1,0,1,,,,,,,,,,,,,,,
0,0,0,0,0,"239,385,567",31,150,17,0,1,0,1,0,0,0,1,skill_sword_attack1,skill_sword_attack1,knife01,14,620,1,-1, 검 공격 - 이동 1.,400,2,0, 검 공격,"4,300,300,27000,0",CameraShakeGrade_1,1,0,1,5,333,,,,,,,,,,,,,
0,0,0,0,0,"15,239,567",31,150,18,0,1,0,1,0,0,0,1,skill_sword_attack2,skill_sword_attack2,knife02,14,620,1,-1, 검 공격 - 이동 2.,400,2,0, 검 공격,"4,300,300,27000,0",CameraShakeGrade_1,1,0,1,5,333,,,,,,,,,,,,,
0,0,0,0,0,"21,227,386,567",31,150,19,0,1,0,1,0,0,0,1,skill_sword_attack3,skill_sword_attack3,knife03,14,670,1,-1, 검 공격 - 이동 3.,400,2,0, 검 공격,"4,300,300,27000,0",CameraShakeGrade_2,1,0,1,5,333,,,,,,,,,,,,,
0,0,0,0,0,,18,0,20,0,1,0,1,0,0,0,0,jump_roll,,playerroll,,400,1,2000, 빠르게 구르며 공격을 피하거나 빠르게 이동합니다.,,2,0, 플레이어 구르기,,,1,0,,,,19,skill-icon-20,,,,,,,,,,,
0,0,0,0,0,15,,300,21,0,1,0,1,0,0,0,0,normal_chudi,,ranged_RPG_attack2_audio,37,500,1,-1, 대상 적에게 일반 공격으로 간단한 갈아넣기 작업을 수행합니다.,,2,0, 단일 갈아넣기,,,1,0,1,1,1000,,,skill_rock_hurt,,,,,,,,,,
0,0,0,0,0,419,,0,22,0,1,1,1,1,0,0,0,ranged_RPG_attack5,Skill_watering,ranged_RPG_attack5_audio,,0,1,-1, 일반적인 양의 물로 개별 식물에 물을 줍니다.,,2,0, 개별 식물 물 주기,,,1,0,1,3,1000,,,,,,,,,,,,,
0,0,0,0,0,,,280,23,0,1,0,1,0,0,0,0,A-bozhong-NEW,Skill_seeding,A-bozhong-NEW_audio,,400,1,-1, 정확하고 효율적으로 단일 씨앗을 뿌립니다.,,2,0, 단일 씨앗 뿌리기,,,1,0,,2,,,,skill_tree_hurt,,,,,,,,,,
0,0,0,0,0,,,280,24,0,1,0,1,0,0,0,0,ranged_RPG_reload,Skill_fertilize,playerroll,,400,1,-1, 식물 성장을 향상시키기 위해 단일 비료를 사용합니다.,,2,0, 단일 비료 주기,,,1,0,,4,,,,skill_tree_hurt,,,,,,,,,,
0,0,0,0,0,"15,17,416",,350,25,0,1,0,1,0,0,0,0,normal_gaozi,Skill_mine,ranged_RPG_attack4_audio,30,500,1,-1, 일반적인 공격으로 적에게 단일 글레이브 공격을 가합니다.,,2,0, 단일 글레이브 캐기,"4,300,150,27000,0",CameraShakeGrade_1,1,0,1,"7,8",1000,,,skill_rock_hurt,,,,,,,,,,
0,0,0,0,0,"15,17,417",,350,26,0,1,0,1,0,0,0,0,normal_futou,Skill_chop,ranged_RPG_attack3_audio,23,500,1,-1, 일반 공격으로 단일 도끼 공격을 수행합니다.,,2,0, 단일 도끼 베기,"4,300,150,27000,0",CameraShakeGrade_1,1,0,1,6,1000,,,skill_tree_hurt,,,,,,,,,,
1,0,1,0,0,"227,1","188,226",730,31,1,1,0,1,0,0,0,1,attack,,Dog_Attack,,1430,1,0, 영역을 보호하기 위해 치열한 개 공격을 수행합니다.,300,2,0, 금속 머트 근접 공격,"4,300,200,12000,0",,1,0,1,,,,,,,,,,,,,,,
1,0,1,0,0,15,"216,189",700,32,1,1,0,1,0,0,0,1,attack,,SKill_Pumpkin_attkar_rush,,1333,1,0, 호박 괴물과 근접 전투로 싸웁니다.,400,2,0, 호박 괴물 근접 공격,"4,300,200,12000,0",,1,0,1,,,,,,,,,,,,,,,
1,0,1,0,0,15,"190,215",1100,33,1,1,0,1,0,0,0,1,attack,,Catus_Attack,,1660,1,0, 선인장 전사와 치열한 근접 전투를 벌입니다.,450,2,0, 선인장 전사 근접 공격,"4,300,300,9000,0",,1,0,1,,,,,,,,,,,,,,,
1,0,1,0,0,15,,1000,34,1,1,0,1,0,0,0,1,attack,,Dryad_Attack,,1860,1,1000, 강력한 근접 공격으로 강력한 드라이어드와 싸웁니다.,,2,0, 큰 드라이어드 근접 공격,"2,300,0",,1,0,1,,,,,,,,,,,,,,,
1,0,0,0,0,"15,29",28,1000,35,1,1,0,1,0,0,0,1,attack,,Dryad_Attack,,1860,1,5000, 위험한 늑대 왕과 가까운 거리에서 대면합니다.,,2,0, 늑대 왕 근접 공격,"4,800,700,36000,0",CameraShakeGrade_2,1,0,1,,,,,,,,,,,,,,,
1,0,0,0,0,"15,29",28,300,36,1,1,0,1,0,0,0,1,attack,,Dryad_Attack,,1860,1,10000, 늑대 왕으로서 강력한 돌진 공격을 수행합니다.,,2,0, 늑대 왕 돌진,"1,500,100,1,0",CameraShakeGrade_3,1,0,1,,,,,,,,,,,,,,,
1,0,0,0,0,"15,29",28,1000,37,1,1,0,1,0,0,0,1,attack,,Dryad_Attack,,1860,1,20000, 땅을 내리쳐 주변의 적을 기절시킵니다.,,2,0, 늑대 왕 땅을 내리침,"4,800,700,36000,0",CameraShakeGrade_3,1,0,1,,,,,,,,,,,,,,,
1,0,0,0,0,"15,29",28,0,38,1,1,0,1,0,0,0,1,attack,,Dryad_Attack,,1860,1,30000, 적에게 공포를 심어주기 위해 무시무시한 울음소리를 내뿜습니다.,,2,0, 늑대 왕 울부짖음,"2,750,0",CameraShakeGrade_3,1,0,1,,,,,,,,,,,,,,,
1,0,0,0,0,29,28,1860,39,1,1,0,1,0,0,0,1,attack,,Dryad_Attack,,1860,1,60000, 늑대 왕의 그림자 무용을 통해 상대를 제압합니다.,1000,2,0, 늑대 왕 음유,,CameraShakeGrade_3,1,0,1,,,,,,,,,,,,,,,
1,0,1,0,0,15,,400,40,0,1,0,1,0,1,0,1,attack_far,,Skill_Pumpkin_atkar_Basic,,767,1,2000, 적을 멀리서 유지하기 위해 호박 인간의 원거리 공격을 사용합니다.,2000,2,2, 호박 인간 원거리 공격,"2,200,0",,1,1,1,,,,skill-icon-40,,0,top_down_bomb_1,1,,,,,,,
0,0,0,0,0,21,,1500,41,1,1,1,1,0,0,0,0,attack,,monsterattack,,2000,1,5000, 캐릭터의 사용 가능한 스킬 범위를 테스트하고 분석합니다.,500,,0, 스킬 풀 테스트 스킬,"2,750,0",,1,0,1,,,,,,,,,,,,,,,
0,0,0,0,0,,,0,42,0,1,0,1,0,0,0,0,,,,,100,1,-1, 패시브 스킬의 효율성을 평가하고 우수한 전략을 활용합니다.,,1,0, 패시브 스킬 테스트,,,1,0,,,,,,,,,,0,32,,,,,
0,0,0,0,0,,,0,43,0,1,0,1,0,0,0,0,,,,,100,1,-1, 다양한 캐릭터 버프의 쌓임 가능성을 평가합니다.,,1,0, 패시브 스킬 테스트,,,1,0,,,,,,,,,,0,33,,,,,
0,0,0,0,0,,,0,44,0,1,0,1,0,0,0,0,,,,,100,1,-1, 어지러움에 대한 저항력을 구축하고 잠재적인 전투 위험을 피합니다.,,2,0, 버프 스택 테스트,,,1,0,,,,34,,,,,,0,,,,,,
0,0,0,0,0,23,,0,45,0,1,0,1,0,0,0,0,attack,,,,0,1,1000, 아서널 내의 혈연 관련 스킬을 검토하고 최적화합니다.,1,2,0, 현기증 테스트,,,1,0,1,,,,,,,,,,,,,,,
0,0,0,0,0,36,,150,46,0,1,0,1,0,0,0,0,skill_sword_attack1,skill_sword_attack1,knife01,14,670,1,-1, 정교한 기술 평가를 통해 달리기 능력을 향상시킵니다.,45,2,0, 피 스킬 테스트,"4,300,300,27000,0",,1,0,1,,,,,,,,,,,,,,,
0,0,0,0,0,,"41,42",0,47,0,1,0,1,0,0,0,0,A-skill-chongci,,playerroll,,400,1,-1, 게임 중에 달리기 능력을 연습하고 향상시킵니다.,,2,0, 질주 스킬 테스트,"1,200,500,100,0",,1,0,1,,,,,,,,,,,,,,,
0,0,0,0,0,,,0,48,0,1,0,1,0,0,0,0,,,,,0,1,-1, 손에 무기를 들고 공격하면 검과 관련된 패시브 스킬도 활성화됩니다.,,1,0, 맨손 공격으로 검 공격 패시브 발동,,,1,0,,,,,,,,,,,43,,,,,
0,0,0,0,0,,,180,49,0,1,0,1,0,0,0,0,skill_attack1,,Punch,,670,1,-1, 캐릭터의 스킬 세트에서 개별 능력을 개발하고 완성합니다.,,2,0, 연속 개별 스킬 테스트,"4,800,700,36000,0",,1,0,,,,44,,,,,,,,,,,,
0,0,0,0,0,,,180,50,0,1,0,1,0,0,0,0,skill_attack1,,Punch,,670,1,-1, 그룹 관련 스킬의 일련의 시퀀스를 테스트하여 팀워크와 협력 능력을 연마합니다.,,2,0, 연속 그룹 스킬 테스트,"4,800,700,36000,0",,1,0,,,,45,,,,,,,,,,,,
0,0,0,,0,,,,51,0,1,0,1,0,0,0,0,,,,,,1,-1, 전투에서 숙련도를 달성하고 다양한 전투 능력을 확장합니다.,,1,0, Lv 1 전투 숙련도,,,1,0,,,,,skill-icon-51,,,,,,46,,,,,
0,0,0,,0,,,,52,0,1,0,1,0,0,0,0,,,,,,1,-1, 전투에서 숙련도를 달성하고 다양한 전투 능력을 확장합니다.,,1,0, Lv 2 전투 숙련도,,,1,0,,,,,skill-icon-52,,,,,,47,,,,,
0,0,0,,0,,,,53,0,1,0,1,0,0,0,0,,,,,,1,-1, 전투에서 숙련도를 달성하고 다양한 전투 능력을 확장합니다.,,1,0, Lv 3 전투 숙련도,,,1,0,,,,,skill-icon-53,,,,,,48,,,,,
0,0,0,,0,,,,54,0,1,0,1,0,0,0,0,,,,,,1,-1, 전투에서 숙련도를 달성하고 다양한 전투 능력을 확장합니다.,,1,0, Lv 4 전투 숙련도,,,1,0,,,,,skill-icon-54,,,,,,49,,,,,
0,0,0,,0,,,,55,0,1,0,1,0,0,0,0,,,,,,1,-1, 전투에서 숙련도를 달성하고 다양한 전투 능력을 확장합니다.,,1,0, Lv 5 전투 숙련도,,,1,0,,,,,skill-icon-55,,,,,,50,,,,,
0,0,0,,0,,,,56,0,1,0,1,0,0,0,0,,,,,,1,-1, 전투에서 숙련도를 달성하고 다양한 전투 능력을 확장합니다.,,1,0, Lv 6 전투 숙련도,,,1,0,,,,,skill-icon-56,,,,,,51,,,,,
0,0,0,,0,,,,57,0,1,0,1,0,0,0,0,,,,,,1,-1, 전투에서 숙련도를 달성하고 다양한 전투 능력을 확장합니다.,,1,0, Lv 7 전투 숙련도,,,1,0,,,,,skill-icon-57,,,,,,52,,,,,
0,0,0,,0,,,,58,0,1,0,1,0,0,0,0,,,,,,1,-1, 전투에서 숙련도를 달성하고 다양한 전투 능력을 확장합니다.,,1,0, Lv 8 전투 숙련도,,,1,0,,,,,skill-icon-58,,,,,,53,,,,,
0,0,0,,0,,,,59,0,1,0,1,0,0,0,0,,,,,,1,-1, 전투에서 숙련도를 달성하고 다양한 전투 능력을 확장합니다.,,1,0, Lv 9 전투 숙련도,,,1,0,,,,,skill-icon-59,,,,,,54,,,,,
0,0,0,,0,,,,60,0,1,0,1,0,0,0,0,,,,,,1,-1, 전투 중에 레벨 1 치명타 공격으로 데미지를 증가시킵니다.,,1,0, Lv 1 전투 치명타,,,1,0,,,,,skill-icon-60,,,,,,55,,,,,
0,0,0,,0,,,,61,0,1,0,1,0,0,0,0,,,,,,1,-1, 더욱 강력한 레벨 2 치명타 공격을 사용합니다.,,1,0, Lv 2 전투 치명타,,,1,0,,,,,skill-icon-61,,,,,,56,,,,,
0,0,0,,0,,,,62,0,1,0,1,0,0,0,0,,,,,,1,-1, 치명적인 레벨 3 치명타 공격을 사용하여 타격력을 극대화합니다.,,1,0, Lv 3 전투 치명타,,,1,0,,,,,skill-icon-62,,,,,,57,,,,,
0,0,0,0,0,"58,238",22,350,63,0,1,0,1,0,0,0,0,A-skill-zhanzhengjianta,Skill_warTrampling,Skill_trampling,,665,1,5000, 일정 범위 내의 적을 어지럽힙니다.,0,2,0, 짓밟기,"2,200,0",WarTrampling,1,0,1,,,,skill-icon-63,,,,,,,,,,,
0,0,0,0,0,"495,238,386,227","483,22",350,64,0,1,0,1,0,0,0,0,A-skill-zhanzhengjianta,Skill_warTrampling_3,Skill_trampling,,665,1,8000, 스킬 사용 중에 일정 범위 내의 적을 어지럽히고 타격할 수 없게 합니다.,0,2,0, 전쟁 짓밟기,"2,300,0",WarTrampling,1,0,1,,,,skill-icon-64,,,,,,,,,,,
0,0,0,0,0,"457,445,388",22,550,65,0,1,0,1,0,0,0,0,A-chuisanlianji-2-NEW,Skill_Sweeping,Skill_Swepping,,1000,1,5000, 일정 범위 내의 적을 처치하고 일시적으로 어지럽힙니다.,0,2,0, 쓸기,"4,300,300,27000,0",WarTrampling,1,0,1,,,,skill-icon-65,,,,,,,,,,,
0,0,0,,0,,,,66,0,1,0,1,0,0,0,0,,,,,,1,-1, 1%의 확률로 이중 작물을 얻으며 장비를 1단계로 업그레이드합니다.,,1,0, Lv 1 농사 숙련도,,,1,0,,,,,skill-icon-66,,,,,,"240,242,245,249",,,,,
0,0,0,,0,,,,67,0,1,0,1,0,0,0,0,,,,,,1,-1, 2%의 확률로 이중 작물을 얻으며 장비를 2단계로 업그레이드합니다.,,1,0, Lv 2 농사 숙련도,,,1,0,,,,,skill-icon-67,,,,,,"243,242,246,249",,,,,
0,0,0,,0,,,,68,0,1,0,1,0,0,0,0,,,,,,1,-1,"3%의 확률로 이삭이 2개가 나오고, 2단계 작물과 3단계 장비입니다.",,1,0,레벨 3 농부 숙련도,,,1,0,,,,,skill-icon-68,,,,,,"244,242,247,249",,,,,
0,0,0,,0,,,,69,0,1,0,1,0,0,0,0,,,,,,1,-1," 4%의 확률로 이삭이 2개가 나오고, 장비를 4단계로 업그레이드합니다.",,1,0, 레벨 4 농부 숙련도,,,1,0,,,,,skill-icon-69,,,,,,"250,242,253,249",,,,,
0,0,0,,0,,,,70,0,1,0,1,0,0,0,0,,,,,,1,-1," 5%의 확률로 이삭이 2개가 나오고, 장비를 5단계로 업그레이드합니다.",,1,0, 레벨 5 농부 숙련도,,,1,0,,,,,skill-icon-70,,,,,,"251,242,254,249",,,,,
0,0,0,,0,,,,71,0,1,0,1,0,0,0,0,,,,,,1,-1," 6%의 확률로 이삭이 2개가 나오고, 3단계 작물과 장비를 6단계로 업그레이드합니다.",,1,0, 레벨 6 농부 숙련도,,,1,0,,,,,skill-icon-71,,,,,,"252,242,255,249",,,,,
0,0,0,,0,,,,72,0,1,0,1,0,0,0,0,,,,,,1,-1," 7%의 확률로 이삭이 2개가 나오고, 장비를 7단계로 업그레이드합니다.",,1,0, 레벨 7 농부 숙련도,,,1,0,,,,,skill-icon-72,,,,,,"242,249,271,274",,,,,
0,0,0,,0,,,,73,0,1,0,1,0,0,0,0,,,,,,1,-1," 8%의 확률로 이삭이 2개가 나오고, 장비를 8단계로 업그레이드합니다.",,1,0, 레벨 8 농부 숙련도,,,1,0,,,,,skill-icon-73,,,,,,"242,249,272,275",,,,,
0,0,0,,0,,,,74,0,1,0,1,0,0,0,0,,,,,,1,-1," 9%의 확률로 이삭이 2개가 나오고, 4단계 작물과 장비를 9단계로 업그레이드합니다.",,1,0, 레벨 9 농부 숙련도,,,1,0,,,,,skill-icon-74,,,,,,"242,249,273,276",,,,,
0,0,0,,0,,,,75,0,1,0,1,0,0,0,0,,,,,,1,-1, 갈아넣기 속도를 10% 빠르게 합니다.,,1,0, 레벨 1 갈아넣기 전문가,,,1,0,,,,,skill-icon-75,,,,,,72,,,,,
0,0,0,,0,,,,76,0,1,0,1,0,0,0,0,,,,,,1,-1, 갈아넣기 속도를 20% 빠르게 합니다.,,1,0, 레벨 2 갈아넣기 전문가,,,1,0,,,,,skill-icon-76,,,,,,73,,,,,
0,0,0,,0,,,,77,0,1,0,1,0,0,0,0,,,,,,1,-1, 갈아넣기 속도를 30% 빠르게 합니다.,,1,0, 레벨 3 갈아넣기 전문가,,,1,0,,,,,skill-icon-77,,,,,,74,,,,,
0,0,0,,0,,,,78,0,1,0,1,0,0,0,0,,Skill_watering,ranged_RPG_attack5_audio,,,1,-1, 물 주기로 작물 습도를 5% 증가시킵니다.,,1,0, 레벨 1 물 주기 전문가,,,1,0,,,,,skill-icon-78,,,,,,75,,,,,
0,0,0,,0,,,,79,0,1,0,1,0,0,0,0,,Skill_watering,ranged_RPG_attack5_audio,,,1,-1, 직접 물 주기로 작물 습도를 10% 증가시킵니다.,,1,0, 레벨 2 물 주기 전문가,,,1,0,,,,,skill-icon-79,,,,,,76,,,,,
0,0,0,,0,,,,80,0,1,0,1,0,0,0,0,,Skill_watering,ranged_RPG_attack5_audio,,,1,-1, 직접 물 주기로 작물 습도를 15% 증가시킵니다.,,1,0, 레벨 3 물 주기 전문가,,,1,0,,,,,skill-icon-80,,,,,,77,,,,,
0,0,0,,0,,,,81,0,1,0,1,0,0,0,0,,,,,,1,-1," 자원 획득 확률이 1% 증가하고, 장비 레벨이 1 증가합니다.",,1,0, 레벨 1 수집 숙련도,,,1,0,,,,,skill-icon-81,,,,,,"265,266,267,268,269,270",,,,,
0,0,0,,0,,,,82,0,1,0,1,0,0,0,0,,,,,,1,-1," 자원 획득 확률이 1% 증가하고, 장비 레벨이 2 증가합니다.",,1,0, 레벨 2 수집 숙련도,,,1,0,,,,,skill-icon-82,,,,,,"265,266,267,268,269,270",,,,,
0,0,0,,0,,,,83,0,1,0,1,0,0,0,0,,,,,,1,-1," 자원 수집량이 1% 증가하고, 2단계에서 더 효율적으로 작동하며, 3단계로 업그레이드합니다.",,1,0, 레벨 3 수집 숙련도,,,1,0,,,,,skill-icon-83,,,,,,"265,266,267,268,269,270",,,,,
0,0,0,,0,,,,84,0,1,0,1,0,0,0,0,,,,,,1,-1," 자원 수집량이 1% 증가하고, 장비를 4단계로 업그레이드합니다.",,1,0, 레벨 4 수집 숙련도,,,1,0,,,,,skill-icon-84,,,,,,"265,266,267,268,269,270",,,,,
0,0,0,,0,,,,85,0,1,0,1,0,0,0,0,,,,,,1,-1," 자원 수집량이 1% 증가하고, 장비 레벨이 5 증가합니다.",,1,0, 레벨 5 수집 숙련도,,,1,0,,,,,skill-icon-85,,,,,,"265,266,267,268,269,270",,,,,
0,0,0,,0,,,,86,0,1,0,1,0,0,0,0,,,,,,1,-1," 자원 수집량이 1% 증가하고, 3단계 수집이 효율적이며, 장비를 6단계로 업그레이드합니다.",,1,0, 레벨 6 수집 숙련도,,,1,0,,,,,skill-icon-86,,,,,,"265,266,267,268,269,270",,,,,
0,0,0,,0,,,,87,0,1,0,1,0,0,0,0,,,,,,1,-1," 자원 획득 확률이 1% 증가하고, 장비를 7단계로 업그레이드합니다.",,1,0, 레벨 7 수집 숙련도,,,1,0,,,,,skill-icon-87,,,,,,"265,266,267,268,269,270",,,,,
0,0,0,,0,,,,88,0,1,0,1,0,0,0,0,,,,,,1,-1," 자원 수집량이 1% 증가하고, 장비를 8단계로 업그레이드합니다.",,1,0, 레벨 8 수집 숙련도,,,1,0,,,,,skill-icon-88,,,,,,"265,266,267,268,269,270",,,,,
0,0,0,,0,,,,89,0,1,0,1,0,0,0,0,,,,,,1,-1," 자원 수집량이 1% 증가하고, 4단계 수집이 효율적이며, 장비 레벨이 9 증가합니다.",,1,0, 레벨 9 수집 숙련도,,,1,0,,,,,skill-icon-89,,,,,,"265,266,267,268,269,270",,,,,
0,0,0,,0,,,,90,0,1,0,1,0,0,0,0,,,,,,1,-1, 도끼 휘두르기 속도를 10% 빠르게 합니다.,,1,0, 레벨 1 도끼 숙련도,,,1,0,,,,,skill-icon-90,,,,,,90,,,,,
0,0,0,,0,,,,91,0,1,0,1,0,0,0,0,,,,,,1,-1, 도끼 휘두르기 속도를 20% 빠르게 합니다.,,1,0, 레벨 2 도끼 숙련도,,,1,0,,,,,skill-icon-91,,,,,,91,,,,,
0,0,0,,0,,,,92,0,1,0,1,0,0,0,0,,,,,,1,-1, 도끼 휘두르기 속도를 30% 빠르게 합니다.,,1,0, 레벨 3 도끼 숙련도,,,1,0,,,,,skill-icon-92,,,,,,92,,,,,
0,0,0,,0,,,,93,0,1,0,1,0,0,0,0,,,,,,1,-1, 나무 베기 치명타 확률이 5% 증가합니다.,,1,0, 레벨 1 벌목 기술,,,1,0,,,,,skill-icon-93,,,,,,93,,,,,
0,0,0,,0,,,,94,0,1,0,1,0,0,0,0,,,,,,1,-1, 나무 베기 치명타 확률이 10% 증가합니다.,,1,0, 레벨 2 벌목 기술,,,1,0,,,,,skill-icon-94,,,,,,94,,,,,
0,0,0,,0,,,,95,0,1,0,1,0,0,0,0,,,,,,1,-1, 나무 베기 치명타 확률이 15% 증가합니다.,,1,0, 레벨 3 벌목 기술,,,1,0,,,,,skill-icon-95,,,,,,95,,,,,
0,0,0,0,0,,,0,30,0,1,1,1,1,0,0,0,A-fumo-NEW,Skill_touch,A-fumo-NEW_audio,,0,1,-1, 최적의 결과를 위해 원터치 방법을 사용하세요.,,2,0, 단일 터치,,,1,0,,10,1000,,,skill_rock_hurt,,,,,,,,,,
0,0,0,0,0,,,330,29,0,1,1,1,1,0,0,0,A-jinai-NEW,Skill_milking,playerroll,,400,1,-1, 한 손으로 솜털을 숙련되게 짜세요.,,2,0, 단일 젖짜기,,,1,0,,12,1000,,,skill_rock_hurt,,,,,,,,,,
0,0,0,0,0,,,330,28,0,1,1,1,1,0,0,0,A-jianmao-NEW,Skill_cutting,A-jianmao-NEW_audio,,400,1,-1, 한 번의 동작으로 정확하고 깔끔한 이발을 해주세요.,,2,0, 단일 머리 자르기,,,1,0,,11,1000,,,skill_tree_hurt,,,,,,,,,,
0,0,0,0,0,,,280,27,0,1,0,1,0,0,0,0,A-bozhong-NEW,Skill_feeding,playerroll,,400,1,-1, 동물의 필요에 따라 개별적으로 먹이를 주세요.,,2,0, 개별 급여,"4,300,150,27000,0",,1,0,,9,,,,,,,,,,,,,,
1,0,0,,0,1,"191,217",667,96,1,1,0,1,0,0,0,0,attack,,Skill_Bee_attack,,1000,1,0, 벌 공격.,450,2,0, 벌 공격,"4,300,200,12000,0",CameraShakeGrade_1,1,0,1,,,,,,,,,,,,,,,
0,0,0,0,0,,,200,97,0,1,0,1,0,0,0,0,A-bozhong-NEW,Skill_seeding_2,A-bozhong-NEW_audio,,660,1,-1, 더 나은 심기 결과를 위해 심기 기술을 개발하세요.,,2,0, 씨앗 뿌리기 기술,,,1,0,,2,,,skill-icon-97,skill_tree_hurt,,,,,,,,,,
0,0,0,0,0,,,200,98,0,1,0,1,0,0,0,0,A-bozhong-NEW,Skill_fertilize_2,playerroll,,660,1,-1, 더 건강한 작물을 위해 비료 주입 기술을 숙달하세요.,,2,0, 비료 주입 기술,,,1,0,,4,,,skill-icon-98,skill_tree_hurt,,,,,,,,,,
0,0,0,0,0,419,,300,99,0,1,1,1,1,0,0,0,A1-jiaoguan-NEW,Skill_watering_2,ranged_RPG_attack5_audio,,660,1,15000, 범위 물 주기 기술.,,2,0, 레벨 1 그룹 물 주기,"2,100,0",,1,0,1,3,700,,skill-icon-99,skill_rock_hurt,,,,,,,,,,
0,0,0,0,0,419,,300,100,0,1,1,1,1,0,0,0,A1-jiaoguan-NEW,Skill_watering_2,ranged_RPG_attack5_audio,,660,1,15000, 범위 물 주기 기술.,,2,0, 레벨 2 그룹 물 주기,"2,200,0",,1,0,1,3,800,,skill-icon-100,skill_rock_hurt,,,,,,,,,,
0,0,0,0,0,419,,300,101,0,1,1,1,1,0,0,0,A1-jiaoguan-NEW,Skill_watering_2,ranged_RPG_attack5_audio,,660,1,15000, 범위 물 주기 기술.,,2,0, 레벨 3 그룹 물 주기,"2,300,0",,1,0,1,3,900,,skill-icon-101,skill_rock_hurt,,,,,,,,,,
0,0,0,0,0,15,,300,102,0,1,0,1,0,0,0,0,A1-chutouzhongji-NEW,Skill_dig,ranged_RPG_attack2_audio,,660,1,10000, 직선 갈아넣기 기술.,,2,0, 레벨 1 대지 분할,"1,200,200,50,0",CameraShakeGrade_1,1,0,1,1,1000,,skill-icon-102,skill_rock_hurt,,,,,,,,,,
0,0,0,0,0,15,,300,103,0,1,0,1,0,0,0,0,A1-chutouzhongji-NEW,Skill_dig,ranged_RPG_attack2_audio,,660,1,10000, 직선 갈아넣기 기술.,,2,0, 레벨 2 대지 분할,"1,400,200,50,0",CameraShakeGrade_1,1,0,1,1,1000,,skill-icon-103,skill_rock_hurt,,,,,,,,,,
0,0,0,0,0,15,,300,104,0,1,0,1,0,0,0,0,A1-chutouzhongji-NEW,Skill_dig,ranged_RPG_attack2_audio,,660,1,10000, 직선 갈아넣기 기술.,,2,0, 레벨 3 대지 분할,"1,600,200,50,0",CameraShakeGrade_1,1,0,1,1,1000,,skill-icon-104,skill_rock_hurt,,,,,,,,,,
0,0,0,,0,,,,105,0,1,0,1,0,0,0,0,,,,,,1,-1, 수확 시 작물 씨앗을 얻을 확률이 5%입니다.,,1,0, 레벨 1 조심스러운 수확자,,,1,0,,,,,skill-icon-105,,,,,,96,,,,,
0,0,0,,0,,,,106,0,1,0,1,0,0,0,0,,,,,,1,-1, 수확 시 작물 씨앗을 얻을 확률이 10%입니다.,,1,0, 레벨 2 조심스러운 수확자,,,1,0,,,,,skill-icon-106,,,,,,97,,,,,
0,0,0,,0,,,,107,0,1,0,1,0,0,0,0,,,,,,1,-1, 수확 시 작물 씨앗을 얻을 확률이 15%입니다.,,1,0, 레벨 3 조심스러운 수확자,,,1,0,,,,,skill-icon-107,,,,,,98,,,,,
0,0,0,,0,,,,108,0,1,0,1,0,0,0,0,,,,,,1,-1, 집에서 10% 더 빠른 이동 속도를 얻습니다.,,1,0, 레벨 1 즐거운 걸음,,,1,0,,,,,skill-icon-108,,,,,,99,,,,,
0,0,0,,0,,,,109,0,1,0,1,0,0,0,0,,,,,,1,-1, 집에서 20% 더 빠른 이동 속도를 얻습니다.,,1,0, 레벨 2 즐거운 걸음,,,1,0,,,,,skill-icon-109,,,,,,100,,,,,
0,0,0,,0,,,,110,0,1,0,1,0,0,0,0,,,,,,1,-1, 집에서 30% 더 빠른 이동 속도를 얻습니다.,,1,0, 레벨 3 즐거운 걸음,,,1,0,,,,,skill-icon-110,,,,,,101,,,,,
1,0,0,,0,15,193,667,111,1,1,0,1,0,0,0,0,attack,,Skill_CrystalBeast_attack,,1000,1,0, 잎사귀 잠복꾼 공격.,180,2,0, 크리스탈백 비스트 공격,"4,300,200,12000,04,300,150,27000,0",CameraShakeGrade_1,1,0,1,,,,,,,,,,,,,,,
0,0,0,,0,15,192,600,112,1,1,0,1,0,0,0,0,attack,,Skill_CrystalLizard_attack,,833,1,0, 광산 고양이 공격.,180,2,0, 크리스탈 도마뱀 공격,"4,300,150,27000,02,200,0",CameraShakeGrade_1,1,0,1,,,,,,,,,,,,,,,
0,0,0,,0,,,,113,0,1,0,1,0,0,0,0,,,,,,1,-1, 몬스터에 대한 치명타 피해를 10% 증가시킵니다.,,1,0, 레벨 1 전투 상처,,,1,0,,,,,skill-icon-113,,,,,,102,,,,,
0,0,0,,0,,,,114,0,1,0,1,0,0,0,0,,,,,,1,-1,몬스터에 대한 치명타 피해를 20% 증가합니다.,,1,0,레벨 2 전투 부상,,,1,0,,,,,skill-icon-114,,,,,,103,,,,,
0,0,0,,0,,,,115,0,1,0,1,0,0,0,0,,,,,,1,-1, 몬스터에 대한 치명타 피해를 30% 증가합니다.,,1,0, 레벨 3 전투 치명타,,,1,0,,,,,skill-icon-115,,,,,,104,,,,,
0,0,0,,0,,,,116,0,1,0,1,0,0,0,0,,,,,,1,-1, 속도를 10% 증가합니다.,,1,0, 레벨 1 신속한 걸음,,,1,0,,,,,skill-icon-116,,,,,,119,,,,,
0,0,0,,0,,,,117,0,1,0,1,0,0,0,0,,,,,,1,-1, 속도를 20% 증가합니다.,,1,0, 레벨 2 신속한 걸음,,,1,0,,,,,skill-icon-117,,,,,,120,,,,,
0,0,0,,0,,,,118,0,1,0,1,0,0,0,0,,,,,,1,-1, 속도를 30% 증가합니다.,,1,0, 레벨 3 신속한 걸음,,,1,0,,,,,skill-icon-118,,,,,,121,,,,,
0,0,0,,0,,,,119,0,1,0,1,0,0,0,0,,,,,,1,-1," 20초 동안 무적 상태이며, 몬스터에게 10% 추가 피해를 입힙니다.",,1,0, 레벨 1 검무 춤,,,1,0,,,,,skill-icon-119,,,,,,116,,,,,
0,0,0,,0,,,,120,0,1,0,1,0,0,0,0,,,,,,1,-1," 10초 동안 무적 상태이며, 몬스터에게 10% 피해 보너스를 얻습니다.",,1,0, 레벨 2 나이프 춤,,,1,0,,,,,skill-icon-120,,,,,,117,,,,,
0,0,0,,0,,,,121,0,1,0,1,0,0,0,0,,,,,,1,-1," 5초 동안 무적 상태이며, 몬스터에게 10% 피해 보너스를 얻습니다.",,1,0, 레벨 3 검무 춤,,,1,0,,,,,skill-icon-121,,,,,,118,,,,,
0,0,0,0,0,,"108,113,464",0,122,0,1,0,1,0,0,0,0,A-skill-chongci,Skill_Rush_Instancer,Skill_rush,,334,1,5000, 적을 밀쳐냅니다.,0,2,0, 돌진,"1,200,500,100,0",CameraShakeGrade_1,1,0,1,,,,skill-icon-122,,,,,,,,,,,
0,0,0,0,0,"109,385,471","464,486",0,123,0,1,0,1,0,0,0,0,gongjian_attack3,,playerroll,,300,1,7000, 앞쪽 작은 영역에서 적을 밀쳐내고 뒤로 뒤집습니다.,500,2,0, 탈출,"4,300,200,18000,0",CameraShakeGrade_1,1,0,1,,,,skill-icon-123,,,,,,,,,,,
0,0,0,0,0,"227,388,471","464,487",500,124,0,1,0,1,0,0,0,0,A1-gaozi-AOE-NEW,Skill_JumpHit,Skill_JumpHit,,567,1,5000, 가까운 적에게 점프하여 범위 내에 혼란과 피해를 줍니다.,800,2,0, 추격,"2,300,0",CameraShakeGrade_2,1,0,1,,,,skill-icon-124,,,,,,,,,,,
0,0,0,,0,,,,125,0,1,0,1,0,0,0,0,,,,,,1,-1, 2% 회피율 획득.,,1,0, 레벨 1 그림자 걸음,,,1,0,,,,,skill-icon-125,,,,,,122,,,,,
0,0,0,,0,,,,126,0,1,0,1,0,0,0,0,,,,,,1,-1, 4% 회피율 획득.,,1,0, 레벨 2 그림자 걸음,,,1,0,,,,,skill-icon-126,,,,,,123,,,,,
0,0,0,,0,,,,127,0,1,0,1,0,0,0,0,,,,,,1,-1, 6% 회피율 획득.,,1,0, 레벨 3 그림자 걸음,,,1,0,,,,,skill-icon-127,,,,,,124,,,,,
0,0,0,,0,,,,128,0,1,0,1,0,0,0,0,,,,,,1,-1, 1%의 체력 손실 당 0.1%의 추가 피해 보너스를 얻습니다.,,1,0, 레벨 1 피의 분노,,,1,0,,,,,skill-icon-128,,,,,,125,,,,,
0,0,0,,0,,,,129,0,1,0,1,0,0,0,0,,,,,,1,-1, 1%의 체력 손실 당 0.3%의 추가 피해 보너스를 얻습니다.,,1,0, 레벨 2 피의 분노,,,1,0,,,,,skill-icon-129,,,,,,126,,,,,
0,0,0,,0,,,,130,0,1,0,1,0,0,0,0,,,,,,1,-1, 1%의 체력 손실 당 0.5%의 추가 피해 보너스를 얻습니다.,,1,0, 레벨 3 피의 분노,,,1,0,,,,,skill-icon-130,,,,,,127,,,,,
0,0,0,,0,,,,131,0,1,0,1,0,0,0,0,,,,,,1,-1, 공격 속도 +5%.,,1,0, 레벨 1 폭풍우,,,1,0,,,,,skill-icon-131,,,,,,131,,,,,
0,0,0,,0,,,,132,0,1,0,1,0,0,0,0,,,,,,1,-1, 공격 속도 +10%.,,1,0, 레벨 2 폭풍우,,,1,0,,,,,skill-icon-132,,,,,,132,,,,,
0,0,0,,0,,,,133,0,1,0,1,0,0,0,0,,,,,,1,-1, 공격 속도 +15%.,,1,0, 레벨 3 폭풍우,,,1,0,,,,,skill-icon-133,,,,,,133,,,,,
0,0,0,,0,,,,134,0,1,0,1,0,0,0,0,,,,,,1,-1, 전투 명중률 +2%,,1,0, 레벨 1 정확하게,,,1,0,,,,,skill-icon-134,,,,,,504,,,,,
0,0,0,,0,,,,135,0,1,0,1,0,0,0,0,,,,,,1,-1, 전투 명중률 +4%,,1,0, 레벨 2 정확하게,,,1,0,,,,,skill-icon-135,,,,,,505,,,,,
0,0,0,,0,,,,136,0,1,0,1,0,0,0,0,,,,,,1,-1, 전투 명중률 +6%,,1,0, 레벨 3 정확하게,,,1,0,,,,,skill-icon-136,,,,,,506,,,,,
0,0,0,0,0,,22,200,137,0,1,0,1,0,0,0,0,A-jianwu,Skill_bladeFlurry,Skill_airblade,,1200,1,8000, 작은 범위 내에서 무작위로 5번 공격합니다.,0,2,0, 연속 공격,"2,300,0",CameraShakeGrade_2,1,0,1,,,"137,488",skill-icon-137,,,,,,,,,,,
0,0,0,0,0,1,,200,138,0,1,0,1,0,1,0,1,A-1diuzhadan,,Skill_Throw,,660,1,2000, 폭탄을 투하하여 폭발 범위 내의 적에게 큰 피해를 입힙니다.,1500,2,9, 폭발 기술,"2,400,0",,1,0,1,,,"510,511",skill-icon-138,skill_tree_hurt,,top_down_Normal_3,1,,,,,,,
0,0,0,0,1,,"485,467",750,139,0,1,0,1,0,0,1,0,A-1baoqi,Skill_gainBuff_Chosen,Skill_Saiyan,,3000,1,20000, 짧은 에너지 축적 후 몸 속의 에너지를 방출하여 일정 범위 내의 적에게 지속적인 큰 피해를 입힙니다. 스킬 사용 중에는 공격할 수 없는 상태로 유지됩니다.,0,2,0, 불굴의 의지,"2,400,0",Saiyan,1,0,1,,,"140,488,484",skill-icon-139,,,,,,,,,,,
0,0,0,,0,,,400,140,0,1,0,1,0,0,0,0,A1-qirenzhan-NEW,Skill_airBlade,A1-qirenzhan-NEW,,650,1,20000, 도끼를 휘두르며 공기 날카로운 칼날을 만들어 나무에 피해를 입힙니다.,,2,0, 레벨 1 공중 칼날,"4,800,200,12000,0",CameraShakeGrade_3,1,0,1,6,1000,,skill-icon-140,skill_tree_hurt,,,,,,,,,,
0,0,0,,0,,,400,141,0,1,0,1,0,0,0,0,A1-qirenzhan-NEW,Skill_airBlade,A1-qirenzhan-NEW,,650,1,20000, 도끼를 휘두르며 공기 날카로운 칼날을 만들어 나무에 피해를 입힙니다.,,2,0, 레벨 2 공중 칼날,"4,800,400,12000,0",CameraShakeGrade_3,1,0,1,6,1000,,skill-icon-141,skill_tree_hurt,,,,,,,,,,
0,0,0,,0,,,400,142,0,1,0,1,0,0,0,0,A1-qirenzhan-NEW,Skill_airBlade,A1-qirenzhan-NEW,,650,1,20000, 도끼를 휘두르며 공기 날카로운 칼날을 만들어 나무에 피해를 입힙니다.,,2,0, 레벨 3 공중 칼날,"4,800,600,12000,0",CameraShakeGrade_3,1,0,1,6,1000,,skill-icon-142,skill_tree_hurt,,,,,,,,,,
0,0,0,,0,,,,143,0,1,0,1,0,0,0,0,,,,,,1,-1, 나무가 떨어질 확률이 3% 증가합니다.,,1,0, 레벨 1 목재 수집가,,,1,0,,,,,skill-icon-143,,,,,,147,,,,,
0,0,0,,0,,,,144,0,1,0,1,0,0,0,0,,,,,,1,-1, 나무가 떨어질 확률이 6% 증가합니다.,,1,0, 레벨 2 목재 수집가,,,1,0,,,,,skill-icon-144,,,,,,148,,,,,
0,0,0,,0,,,,145,0,1,0,1,0,0,0,0,,,,,,1,-1, 나무가 떨어질 확률이 9% 증가합니다.,,1,0, 레벨 3 목재 수집가,,,1,0,,,,,skill-icon-145,,,,,,149,,,,,
0,0,0,,0,,,,146,0,1,0,1,0,0,0,0,,,,,,1,-1, 벌목 피해를 10% 증가합니다.,,1,0, 레벨 1 나무 벌채꾼,,,1,0,,,,,skill-icon-146,,,,,,150,,,,,
0,0,0,,0,,,,147,0,1,0,1,0,0,0,0,,,,,,1,-1, 벌목 피해를 20% 증가합니다.,,1,0, 레벨 2 나무 벌채꾼,,,1,0,,,,,skill-icon-147,,,,,,151,,,,,
0,0,0,,0,,,,148,0,1,0,1,0,0,0,0,,,,,,1,-1, 벌목 피해를 30% 증가합니다.,,1,0, 레벨 3 나무 벌채꾼,,,1,0,,,,,skill-icon-148,,,,,,152,,,,,
0,0,0,,0,,,,149,0,1,0,1,0,0,0,0,,,,,,1,-1, 채광 피해를 10% 증가합니다.,,1,0, 레벨 1 광부,,,1,0,,,,,skill-icon-149,,,,,,153,,,,,
0,0,0,,0,,,,150,0,1,0,1,0,0,0,0,,,,,,1,-1, 채광 피해를 20% 증가합니다.,,1,0, 레벨 2 광부,,,1,0,,,,,skill-icon-150,,,,,,154,,,,,
0,0,0,,0,,,,151,0,1,0,1,0,0,0,0,,,,,,1,-1, 채광 피해를 30% 증가합니다.,,1,0, 레벨 3 광부,,,1,0,,,,,skill-icon-151,,,,,,155,,,,,
0,0,0,,0,,,,152,0,1,0,1,0,0,0,0,,,,,,1,-1, 곡괭이 휘두르기 속도를 10% 증가합니다.,,1,0, 레벨 1 곡괭이의 달인,,,1,0,,,,,skill-icon-152,,,,,,156,,,,,
0,0,0,,0,,,,153,0,1,0,1,0,0,0,0,,,,,,1,-1, 곡괭이 휘두르기 속도를 20% 증가합니다.,,1,0, 레벨 2 곡괭이의 달인,,,1,0,,,,,skill-icon-153,,,,,,157,,,,,
0,0,0,,0,,,,154,0,1,0,1,0,0,0,0,,,,,,1,-1, 갈아넣기 속도를 30% 증가합니다.,,1,0, 레벨 3 곡괭이의 달인,,,1,0,,,,,skill-icon-154,,,,,,158,,,,,
0,0,0,,0,,,,155,0,1,0,1,0,0,0,0,,,,,,1,-1, 광물 드롭 확률 +3%.,,1,0, 레벨 1 광물 수집가,,,1,0,,,,,skill-icon-155,,,,,,159,,,,,
0,0,0,,0,,,,156,0,1,0,1,0,0,0,0,,,,,,1,-1, 광물 드롭 확률 +6%.,,1,0, 레벨 2 광물 수집가,,,1,0,,,,,skill-icon-156,,,,,,160,,,,,
0,0,0,,0,,,,157,0,1,0,1,0,0,0,0,,,,,,1;2,-1, 광물 드롭 확률 +9%.,,1,0, 레벨 3 광물 수집가,,,1,0,,,,,skill-icon-157,,,,,,161,,,,,
0,0,0,,0,,,,158,0,1,0,1,0,0,0,0,,,,,,1,-1, 채광 치명타 확률 +5%.,,1,0, 레벨 1 채광 기술,,,1,0,,,,,skill-icon-158,,,,,,162,,,,,
0,0,0,,0,,,,159,0,1,0,1,0,0,0,0,,,,,,1,-1, 채광 치명타 확률 +10%.,,1,0, 레벨 2 채광 기술,,,1,0,,,,,skill-icon-159,,,,,,163,,,,,
0,0,0,,0,,,,160,0,1,0,1,0,0,0,0,,,,,,1,-1, 채광 치명타 확률 +15%.,,1,0, 레벨 3 채광 기술,,,1,0,,,,,skill-icon-160,,,,,,164,,,,,
0,0,0,,0,,,400,161,0,1,0,1,0,0,0,0,A1-gaozi-AOE-NEW,Skill_earthquake,ranged_RPG_attack4_audio,,660,1,20000, 지면을 빠르게 흔들어 지진파를 방출하여 광물에 피해를 입힙니다.,,2,0, 레벨 1 지진파,"4,800,200,12000,0",CameraShakeGrade_3,1,0,1,7,1000,,skill-icon-161,skill_rock_hurt,,,,,,,,,,
0,0,0,,0,,,400,162,0,1,0,1,0,0,0,0,A1-gaozi-AOE-NEW,Skill_earthquake,ranged_RPG_attack4_audio,,660,1,20000, 지면을 진동시켜 지진파를 방출하여 광물에 피해를 입힙니다.,,2,0, 레벨 2 지진파,"4,800,400,12000,0",CameraShakeGrade_3,1,0,1,7,1000,,skill-icon-162,skill_rock_hurt,,,,,,,,,,
0,0,0,,0,,,400,163,0,1,0,1,0,0,0,0,A1-gaozi-AOE-NEW,Skill_earthquake,ranged_RPG_attack4_audio,,660,1,20000, 지면을 진동시켜 지진파를 방출하여 광물에 피해를 입힙니다.,,2,0, 레벨 3 지진파,"4,800,600,12000,0",CameraShakeGrade_3,1,0,1,7,1000,,skill-icon-163,skill_rock_hurt,,,,,,,,,,
0,0,0,,0,15,,200,164,1,1,0,1,0,0,0,1,hit,,,,950,1,0,호퍼 공격.,100,2,0,Hopper 공격,"4,300,200,12000,04,300,150,27000,0",CameraShakeGrade_1,1,0,1,,,,,,,,,,,,,,,
1,1,1,,0,176,,2000,166,0,0,0,1,1,0,0,0,A-jinai-NEW,,A-CaptureTrap,,2000,1,3000, 포획 기술.,,2,0, 동물 포획,"2,300,0",,1,0,1,,1000,,skill-icon-166,skill_rock_hurt,,,,,,"167,168,226","3,4",,,
0,0,0,,0,176,,0,167,0,1,0,1,0,1,1,0,A3-buzhuo,,A3-buzhuo,,300,1,300, 포획용 그랩링 후크 몬스터.,,2,3, 갈고리 포획,"2,100,0",,1,0,1,,,,skill-icon-167,,,,1,,,,,5,,
0,0,0,,0,"177,17",,0,168,0,0,0,1,0,1,1,0,A3-buzhuo,,A3-buzhuo,,300,3,500, 로프로 잡고 먹이를 주세요.,,2,4, 사격 포획,,,2,1,1,,,,skill-icon-168,,,,1,,,,"3,4",10,,
0,0,0,,0,"177,17",,730,169,0,0,0,1,0,0,0,0,attack,,A-CaptureTrap,,1030,1,2000, 몬스터 반격 일반 기술.,100,2,0, 포획 공격,"4,300,200,12000,0",,1,0,1,,,,,,,,,,,,,,,
0,0,0,,0,15,,1000,171,0,1,0,1,0,1,0,0,A-gongjian-NEW,,monsterattack,,2000,1,-1, 캐릭터 원거리.,1500,2,5, 원거리 캐릭터 1,,,1,1,1,,,,,,0,top_down_bomb,1,,,,,,,
0,0,0,,0,,,,172,0,0,0,1,0,0,0,0,,,,,,1,-1," 무기는 상처를 입히며, 0.5초마다 1%의 공격 피해를 입히며 5초 동안 5번 중첩 가능합니다.",,1,0, 레벨 1 찢어진 상처,,,1,0,,,,,skill-icon-172,,,,,,184,,,,,
0,0,0,,0,,,,173,0,0,0,1,0,0,0,0,,,,,,1,-1," 무기는 상처를 입히며, 0.5초마다 2%의 공격 피해를 입히며 5초 동안 5번 중첩 가능합니다.",,1,0, 레벨 2 찢어진 상처,,,1,0,,,,,skill-icon-173,,,,,,185,,,,,
0,0,0,,0,,,,174,0,0,0,1,0,0,0,0,,,,,,1,-1," 무기는 상처를 입히며, 0.5초마다 3%의 피해를 입히며 5초 동안 최대 5번 중첩됩니다.",,1,0, 레벨 3 찢어진 상처,,,1,0,,,,,skill-icon-174,,,,,,186,,,,,
0,0,0,,0,,,,175,0,0,0,1,0,0,0,0,,,,,,1,-1, 목표의 약점을 공격하여 피해를 1% 증가시키며 5초 동안 5번 중첩 가능합니다.,,1,0, 레벨 1 추가 피해,,,1,0,,,,,skill-icon-175,,,,,,181,,,,,
0,0,0,,0,,,,176,0,0,0,1,0,0,0,0,,,,,,1,-1, 목표의 약점을 공격하여 피해를 2% 증가시키며 5초 동안 5번 중첩 가능합니다.,,1,0, 레벨 2 추가 피해,,,1,0,,,,,skill-icon-176,,,,,,182,,,,,
0,0,0,,0,,,,177,0,0,0,1,0,0,0,0,,,,,,1,-1, 목표의 약점을 공격하여 피해를 3% 증가시키며 5초 동안 5번 중첩 가능합니다.,,1,0, 레벨 3 추가 피해,,,1,0,,,,,skill-icon-177,,,,,,183,,,,,
0,0,0,,0,,,,178,0,0,0,1,0,0,0,0,,PS_VFX_HealCast,,,,1,0, 공격력을 20 포인트 증가시키며 60초 동안 지속됩니다.,,2,0, 보조 공격 물약,,,1,0,,,,187,,,,,,,,,,,,
0,0,1,0,0,15,188,350,179,1,1,0,1,0,0,0,1,skill_attack,,Dog_Attack,,770,1,0, 금속 머트 하이퍼 아머.,80,2,0, 금속 머트 초갑옷,"4,200,100,12000,0",,1,0,1,,,,,,,,,,,,,,,
0,0,1,0,0,15,189,800,180,1,1,0,1,0,0,0,1,attackArea,Skill_Pumpkin_atkar,Skill_Pumpkin_atkar,,1400,1,0, 호박 괴물 하이퍼 아머.,180,2,0, 호박 괴물 초갑옷,"2,200,0",,1,0,1,,,,,,,,,,,,,,,
0,0,1,0,0,"15,238",190,1000,181,1,1,0,1,0,0,0,1,attackArea,Skill_Cactus_atkar,Catus_Attack,,1500,1,0, 드래곤 프루트 병사 근접.,150,2,0, 용과 병사 지배,"2,200,0",,1,0,1,,,,,,,,,,,,,,,
0,0,0,,0,15,"191,217",667,182,1,1,0,1,0,0,0,0,attack,,Skill_Bee_attack,,1000,1,0, 벌 슈퍼 아머.,450,2,0, 버즈 친구 초갑옷,"4,300,200,12000,0",CameraShakeGrade_1,1,0,1,,,,,,,,,,,,,,,
0,0,0,,0,"227,386",193,667,183,1,1,0,1,0,0,0,0,attack,,,,1000,1,0, 잎사귀 잠복꾼 공격.,180,2,0, 잎사귀 괴물 공격,"4,300,200,12000,04,300,150,27000,0",CameraShakeGrade_1,1,0,1,,,,,,,,,,,,,,,
0,0,0,,0,"227,15",192,600,184,1,1,0,1,0,0,0,0,attack,,Skill_CrystalLizard_attack,,833,1,0, 광산 고양이 공격.,180,2,0, 광산 고양이 공격,"4,300,150,27000,02,200,0",CameraShakeGrade_1,1,0,1,,,,,,,,,,,,,,,
0,0,0,,0,,,,185,0,0,0,1,0,0,0,0,,PS_VFX_HealCast,,,,1,0, 이동 속도를 80 포인트 증가시키며 60초 동안 지속됩니다.,,2,0, 보조 속도 물약,,,1,0,,,1000,194,,,,,,,,,,,,
0,0,0,,0,,,,186,0,0,0,1,0,0,0,0,,PS_VFX_HealCast,,,,1,0, 치명타 확률을 3% 증가시키며 60초 동안 지속됩니다.,,2,0, 보조 치명타 물약,,,1,0,,,1000,195,,,,,,,,,,,,
0,0,0,,0,,,,187,0,0,0,1,0,0,0,0,,PS_VFX_HealCast,,,,1,0, HP 한도를 80 포인트 증가시키며 60초 동안 지속됩니다.,,2,0, 보조 생명 물약,,,1,0,,,1000,"196,211",,,,,,,,,,,,
0,0,0,,0,,,,188,0,0,0,1,0,0,0,0,,PS_VFX_HealCast,,,,1,0, 방어력을 5 포인트 증가시키며 60초 동안 지속됩니다.,,2,0, 보조 방어 물약,,,1,0,,,1000,197,,,,,,,,,,,,
0,0,0,,0,,,,189,0,0,0,1,0,0,0,0,,PS_VFX_HealCast,,,,1,0, 공격력을 30 포인트 증가시키며 60초 동안 지속됩니다.,,2,0, 공격 물약,,,1,0,,,1000,198,,,,,,,,,,,,
0,0,0,,0,,,,190,0,0,0,1,0,0,0,0,,PS_VFX_HealCast,,,,1,0, 이동 속도를 120 포인트 증가시키며 60초 동안 지속됩니다.,,2,0, 이동 속도 물약,,,1,0,,,1000,199,,,,,,,,,,,,
0,0,0,,0,,,,191,0,0,0,1,0,0,0,0,,PS_VFX_HealCast,,,,1,0, 치명타 확률을 6% 증가시키며 60초 동안 지속됩니다.,,2,0, 치명타 물약,,,1,0,,,1000,200,,,,,,,,,,,,
0,0,0,,0,,,,192,0,0,0,1,0,0,0,0,,PS_VFX_HealCast,,,,1,0, HP 한도를 120 포인트 증가시키며 60초 동안 지속됩니다.,,2,0, 생명 물약,,,1,0,,,1000,"201,212",,,,,,,,,,,,
0,0,0,,0,,,,193,0,0,0,1,0,0,0,0,,PS_VFX_HealCast,,,,1,0, 방어력을 10 포인트 증가시키며 60초 동안 지속됩니다.,,2,0, 방어 물약,,,1,0,,,1000,202,,,,,,,,,,,,
0,0,0,,0,,,,194,0,0,0,1,0,0,0,0,,PS_VFX_HealCast,,,,1,0, 공격력을 40 포인트 증가시키며 60초 동안 지속됩니다.,,2,0, 크리스탈 공격 물약,,,1,0,,,1000,203,,,,,,,,,,,,
0,0,0,,0,,,,195,0,0,0,1,0,0,0,0,,PS_VFX_HealCast,,,,1,0, 이동 속도를 160 포인트 증가시키며 60초 동안 지속됩니다.,,2,0, 크리스탈 속도 물약,,,1,0,,,1000,204,,,,,,,,,,,,
0,0,0,,0,,,,196,0,0,0,1,0,0,0,0,,PS_VFX_HealCast,,,,1,0, 60초 동안 치명타 확률을 9% 증가시킵니다.,,2,0, 크리스탈 치명타 물약,,,1,0,,,1000,205,,,,,,,,,,,,
0,0,0,,0,,,,197,0,0,0,1,0,0,0,0,,PS_VFX_HealCast,,,,1,0, 60초 동안 HP를 160 포인트 증가시킵니다.,,2,0, 크리스탈 생명 물약,,,1,0,,,1000,"206,213",,,,,,,,,,,,
0,0,0,,0,,,,198,0,0,0,1,0,0,0,0,,PS_VFX_HealCast,,,,1,0, 60초 동안 방어력을 15 포인트 증가시킵니다.,,2,0, 크리스탈 방어 물약,,,1,0,,,1000,207,,,,,,,,,,,,
0,0,0,,0,,,,199,0,0,0,1,0,0,0,0,,PS_VFX_HealCast,,,,1,0, 80 HP를 치료합니다.,,2,0, 보조 치유 물약,,,1,0,,,1000,208,,,,,,,,,,,,
0,0,0,,0,,,,200,0,0,0,1,0,0,0,0,,PS_VFX_HealCast,,,,1,0, 160 HP를 치료합니다.,,2,0, 치유 물약,,,1,0,,,1000,209,,,,,,,,,,,,
0,0,0,,0,,,,201,0,0,0,1,0,0,0,0,,PS_VFX_HealCast,,,,1,0, 240 HP를 치료합니다.,,2,0, 결정화 치료 물약,,,1,0,,,1000,210,,,,,,,,,,,,
0,0,0,0,0,"227,21,15","236,22,516",500,202,0,1,0,1,0,0,0,1,A-chuisanlianji-1-NEW,Skill_Hammer_attack1,A-chuisanlianji-1-NEW,14,900,1,-1, 망치 공격 - 이동 1.,400,2,0, 망치 공격,"4,300,300,27000,0",CameraShakeGrade_2,1,0,1,7,333,,,,,,,,,,,,,
0,0,0,0,0,"227,21,386","236,22,516",500,203,0,1,0,1,0,0,0,1,A-chuisanlianji-2-NEW,Skill_Hammer_attack2,A-chuisanlianji-2-NEW,14,900,1,-1, 망치 공격 - 이동 2.,400,2,0, 망치 공격,"4,300,300,27000,0",CameraShakeGrade_2,1,0,1,7,333,,,,,,,,,,,,,
0,0,0,0,0,"227,21,388","236,22,516",500,204,0,1,0,1,0,0,0,1,A-chuisanlianji-3-NEW,Skill_Hammer_attack3,A-chuisanlianji-3-NEW,14,900,1,-1, 망치 공격 - 이동 3.,400,2,0, 망치 공격,"4,300,300,27000,0",CameraShakeGrade_3,1,0,1,7,333,,,,,,,,,,,,,
0,0,0,0,0,"387,404",,250,205,0,1,0,1,0,1,0,0,gongjian_attack1,,A-gongjian-NEW_audio,14,500,1,-1, 적에게 강력한 활 공격을 발사합니다.,1200,2,1, 활 공격,,,1,1,1,,,,,,0,,1,,,,,,,
1,0,0,,0,15,"218,222",700,206,0,1,0,1,0,0,0,0,attack,,Chaos_Wraith_Attack,,1000,1,4000, 혼돈의 망령 공격.,350,2,0, 혼돈의 망령 공격,"4,300,200,12000,0",,1,0,1,,1000,,,,,,,,,,,,,
1,0,1,0,0,385,,500,207,0,1,0,1,0,1,0,1,attackArea,,monsterattack,,1000,1,6000, 검은 근접 몬스터.,1000,2,5, 혼돈의 망령 초갑옷,"2,200,0",,1,1,1,,1000,,skill-icon-207,,,top_down_bomb_2,3,,,,,,,
0,0,0,,0,15,"222,219",950,208,0,1,0,1,0,0,0,0,attack,,Crimson_Gnasher_Attack,,1500,1,0, 진홍색 이빨 공격.,400,2,0, 진홍색 이빨 공격,"4,300,200,12000,0",,1,0,1,,1000,,,,,,,,,,,,,
1,0,0,,0,"227,386",222,1200,209,0,1,0,1,0,0,0,0,attackArea,,,,1833,1,0, 진홍색 이빨 하이퍼 아머.,400,2,0, 진홍색 이빨 초갑옷,"1,500,100,1,0",,1,0,1,,1000,,,,,,,,,,,,,
0,0,0,,0,15,"220,223",650,210,0,1,0,1,0,0,0,0,attack,,Frosty_Paw_Attack,,1033,1,4000, 서리 발 공격.,300,2,0, 서리 발 공격,"4,300,200,12000,0",,1,0,1,,1000,,,,,,,,,,,,,
1,0,0,,0,"227,386","220,223",650,211,0,1,0,1,0,0,0,0,attack,,Frosty_Paw_Attack,,1033,1,0, 서리 발 하이퍼 아머.,300,2,0, 서리 발 초갑옷,"4,300,200,12000,0",,1,0,1,,1000,,,,,,,,,,,,,
0,0,0,,0,,,,212,0,0,0,1,0,0,0,0,,,,,,1,-1, 공격 속도와 공격력을 동시에 증가시킵니다.,,1,0, 근접 공격력 버프,,,1,0,,,,,,,,,,,228,,,,,
0,0,0,,0,,,,213,0,0,0,1,0,0,0,0,,,,,,1,-1, 공격 속도와 공격력을 동시에 감소시킵니다.,,1,0, 근접 공격 취약점 버프,,,1,0,,,,,,,,,,,231,,,,,
0,0,0,,0,,,,214,0,0,0,1,0,0,0,0,,,,,,1,-1, 방어력 값을 증가시킵니다.,,1,0, 근접 방어 종류 통합 우위,,,1,0,,,,,,,,,,,232,,,,,
0,0,0,,0,,,,215,0,0,0,1,0,0,0,0,,,,,,1,-1, 방어력 값을 감소시킵니다.,,1,0, 근접 방어 취약점 일반,,,1,0,,,,,,,,,,,233,,,,,
0,0,0,,0,,,,216,0,0,0,1,0,0,0,0,,,,,,1,-1,동시에 이동 속도와 공격 속도를 증가시킵니다.,,1,0,유연한 일반적 우위,,,1,0,,,,,,,,,,,234,,,,,
0,0,0,,0,,,,217,0,0,0,1,0,0,0,0,,,,,,1,-1, 동시에 이동 속도와 공격 속도를 감소시킵니다.,,1,0, 유연한 일반적 취약점,,,1,0,,,,,,,,,,,235,,,,,
0,0,0,,0,,,,218,0,0,0,1,0,0,0,0,,,,,,1,-1, 금속 머트 추가 공격.,,1,0, 금속 머트 추가 공격,,,1,0,,,,,,,,,,,229,,,,,
0,0,0,,0,,,,219,0,0,0,1,0,0,0,0,,,,,,1,-1, 피해를 입지 않을 때 2초마다 이동 속도를 50% 증가시킵니다.,,1,0, 유연한 범용 패시브,,,1,0,,,,,skill-icon-219,,,,,,237,,,,,
0,0,0,,0,,,,220,0,0,0,1,0,0,0,0,,,,,,1,-1, 공격 지향적인 강력한 상태 전이 효과.,,1,0, 강한 단계,,,1,0,,,,,,,,,,,,,,,,
0,0,0,,0,,,,221,0,0,0,1,0,0,0,0,,,,,,1,-1, 공격 지향적인 취약 상태 전이 효과.,,1,0, 취약한 단계,,,1,0,,,,,,,,,,,,,,,,
1,1,1,0,0,176,,2000,226,0,0,0,1,1,0,0,0,A-jinai-NEW,,A-CaptureTrap,,2000,1,3000, 포획 함정,,2,0, 포획 함정 포획,"2,300,0",,1,0,1,,1000,,,skill_rock_hurt,,,,,,,"3,4",,,
0,0,0,,0,,,,228,0,1,0,1,0,0,0,0,,,,,,1,-1, 단일 토지의 비옥도 생산량을 증가시킵니다.,,1,0, 1레벨 개척자,,,1,0,,,1000,,skill-icon-228,,,,,,240,,,,,
0,0,0,,0,,,,229,0,0,0,1,0,0,0,0,,,,,,1,-1, 단일 토지의 비옥도 생산량을 증가시킵니다.,,1,0, 2레벨 개척자,,,1,0,,,1000,,skill-icon-229,,,,,,243,,,,,
0,0,0,,0,,,,230,0,0,0,1,0,0,0,0,,,,,,1,-1, 심기 숙련도를 향상시킵니다.,,1,0, 1레벨 수확 전문가,,,1,0,,,1000,,skill-icon-230,,,,,,257,,,,,
0,0,0,,0,,,,231,0,0,0,1,0,0,0,0,,,,,,1,-1, 개별 애완동물의 행복도 생산량을 증가시킵니다.,,1,0, 1레벨 동물 애호가,,,1,0,,,1000,,skill-icon-231,,,,,,245,,,,,
0,0,0,,0,,,,232,0,0,0,1,0,0,0,0,,,,,,1,-1, 개별 애완동물의 행복도 생산량을 증가시킵니다.,,1,0, 2레벨 동물 애호가,,,1,0,,,1000,,skill-icon-232,,,,,,246,,,,,
0,0,0,,0,,,,233,0,0,0,1,0,0,0,0,,,,,,1,-1, 번식 숙련도를 향상시킵니다.,,1,0, 1레벨 가축 전문가,,,1,0,,,1000,,skill-icon-233,,,,,,249,,,,,
0,0,0,,0,,,,235,0,0,0,1,0,0,0,0,,,,,,1,-1, 단일 토지의 비옥도 생산량을 증가시킵니다.,,1,0, 3레벨 개척자,,,1,0,,,1000,,skill-icon-235,,,,,,244,,,,,
0,0,0,,0,,,,236,0,0,0,1,0,0,0,0,,,,,,1,-1, 단일 토지의 비옥도 생산량을 증가시킵니다.,,1,0, 4레벨 개척자,,,1,0,,,1000,,skill-icon-236,,,,,,250,,,,,
0,0,0,,0,,,,237,0,0,0,1,0,0,0,0,,,,,,1,-1, 단일 토지의 비옥도 생산량을 증가시킵니다.,,1,0, 5레벨 개척자,,,1,0,,,1000,,skill-icon-237,,,,,,251,,,,,
0,0,0,,0,,,,238,0,0,0,1,0,0,0,0,,,,,,1,-1, 단일 토지의 비옥도 생산량을 증가시킵니다.,,1,0, 6레벨 개척자,,,1,0,,,1000,,skill-icon-238,,,,,,252,,,,,
0,0,0,,0,,,,239,0,0,0,1,0,0,0,0,,,,,,1,-1, 단일 토지의 비옥도 생산량을 증가시킵니다.,,1,0, 7레벨 개척자,,,1,0,,,1000,,skill-icon-239,,,,,,271,,,,,
0,0,0,,0,,,,240,0,0,0,1,0,0,0,0,,,,,,1,-1, 단일 토지의 비옥도 생산량을 증가시킵니다.,,1,0, 8레벨 개척자,,,1,0,,,1000,,skill-icon-240,,,,,,272,,,,,
0,0,0,,0,,,,241,0,0,0,1,0,0,0,0,,,,,,1,-1, 단일 토지의 비옥도 생산량을 증가시킵니다.,,1,0, 9레벨 개척자,,,1,0,,,1000,,skill-icon-241,,,,,,273,,,,,
0,0,0,,0,,,,244,0,0,0,1,0,0,0,0,,,,,,1,-1, 개별 애완동물의 행복도 생산량을 증가시킵니다.,,1,0, 3레벨 동물 애호가,,,1,0,,,1000,,skill-icon-244,,,,,,247,,,,,
0,0,0,,0,,,,245,0,0,0,1,0,0,0,0,,,,,,1,-1, 심기 숙련도를 향상시킵니다.,,1,0, 2레벨 수확 전문가,,,1,0,,,1000,,skill-icon-245,,,,,,257,,,,,
0,0,0,,0,,,,246,0,0,0,1,0,0,0,0,,,,,,1,-1, 심기 숙련도를 향상시킵니다.,,1,0, 3레벨 수확 전문가,,,1,0,,,1000,,skill-icon-246,,,,,,257,,,,,
0,0,0,,0,,,,247,0,0,0,1,0,0,0,0,,,,,,1,-1, 번식 숙련도를 향상시킵니다.,,1,0, 2레벨 가축 전문가,,,1,0,,,1000,,skill-icon-247,,,,,,249,,,,,
0,0,0,,0,,,,248,0,0,0,1,0,0,0,0,,,,,,1,-1, 번식 숙련도를 향상시킵니다.,,1,0, 3레벨 가축 전문가,,,1,0,,,1000,,skill-icon-248,,,,,,249,,,,,
0,0,0,,0,,,,249,0,0,0,1,0,0,0,0,,,,,,1,-1, 심기 숙련도를 향상시킵니다.,,1,0, 4레벨 수확 전문가,,,1,0,,,1000,,skill-icon-249,,,,,,257,,,,,
0,0,0,,0,,,,250,0,0,0,1,0,0,0,0,,,,,,1,-1, 심기 숙련도를 향상시킵니다.,,1,0, 5레벨 수확 전문가,,,1,0,,,1000,,skill-icon-250,,,,,,257,,,,,
0,0,0,,0,,,,251,0,0,0,1,0,0,0,0,,,,,,1,-1, 심기 숙련도를 향상시킵니다.,,1,0, 6레벨 수확 전문가,,,1,0,,,1000,,skill-icon-251,,,,,,257,,,,,
0,0,0,,0,,,,252,0,0,0,1,0,0,0,0,,,,,,1,-1, 공격력을 증가시킵니다.,,1,0, 1레벨 전사,,,1,0,,,1000,,skill-icon-252,,,,,,262,,,,,
0,0,0,,0,,,,253,0,0,0,1,0,0,0,0,,,,,,1,-1, 공격력을 증가시킵니다.,,1,0, 2레벨 전사,,,1,0,,,1000,,skill-icon-253,,,,,,262,,,,,
0,0,0,,0,,,,254,0,0,0,1,0,0,0,0,,,,,,1,-1, 공격력을 증가시킵니다.,,1,0, 3레벨 전사,,,1,0,,,1000,,skill-icon-254,,,,,,262,,,,,
0,0,0,,0,,,,255,0,0,0,1,0,0,0,0,,,,,,1,-1, 공격력을 증가시킵니다.,,1,0, 4레벨 전사,,,1,0,,,1000,,skill-icon-255,,,,,,262,,,,,
0,0,0,,0,,,,256,0,0,0,1,0,0,0,0,,,,,,1,-1, 공격력을 증가시킵니다.,,1,0, 5레벨 전사,,,1,0,,,1000,,skill-icon-256,,,,,,262,,,,,
0,0,0,,0,,,,257,0,0,0,1,0,0,0,0,,,,,,1,-1, 공격력을 증가시킵니다.,,1,0, 6레벨 전사,,,1,0,,,1000,,skill-icon-257,,,,,,262,,,,,
0,0,0,,0,,,,258,0,0,0,1,0,0,0,0,,,,,,1,-1, 방어력을 증가시킵니다.,,1,0, 1레벨 두꺼운 피부와 강인함,,,1,0,,,1000,,skill-icon-258,,,,,,263,,,,,
0,0,0,,0,,,,259,0,0,0,1,0,0,0,0,,,,,,1,-1, 방어력을 증가시킵니다.,,1,0, 2레벨 두꺼운 피부와 강인함,,,1,0,,,1000,,skill-icon-259,,,,,,263,,,,,
0,0,0,,0,,,,260,0,0,0,1,0,0,0,0,,,,,,1,-1, 방어력을 증가시킵니다.,,1,0, 3레벨 두꺼운 피부와 강인함,,,1,0,,,1000,,skill-icon-260,,,,,,263,,,,,
0,0,0,,0,,,,261,0,0,0,1,0,0,0,0,,,,,,1,-1, 방어력을 증가시킵니다.,,1,0, 4레벨 두꺼운 피부와 강인함,,,1,0,,,1000,,skill-icon-261,,,,,,263,,,,,
0,0,0,,0,,,,262,0,0,0,1,0,0,0,0,,,,,,1,-1, 방어력을 증가시킵니다.,,1,0, 5레벨 두꺼운 피부와 강인함,,,1,0,,,1000,,skill-icon-262,,,,,,263,,,,,
0,0,0,,0,,,,263,0,0,0,1,0,0,0,0,,,,,,1,-1, 방어력을 증가시킵니다.,,1,0, 6레벨 두꺼운 피부와 강인함,,,1,0,,,1000,,skill-icon-263,,,,,,263,,,,,
0,0,0,,0,,,,264,0,0,0,1,0,0,0,0,,,,,,1,-1, 최대 체력을 증가시킵니다.,,1,0, 1레벨 풍부한 피,,,1,0,,,1000,,skill-icon-264,,,,,,264,,,,,
0,0,0,,0,,,,265,0,0,0,1,0,0,0,0,,,,,,1,-1, 최대 체력을 증가시킵니다.,,1,0, 2레벨 풍부한 피,,,1,0,,,1000,,skill-icon-265,,,,,,264,,,,,
0,0,0,,0,,,,266,0,0,0,1,0,0,0,0,,,,,,1,-1, 최대 체력을 증가시킵니다.,,1,0, 3레벨 풍부한 피,,,1,0,,,1000,,skill-icon-266,,,,,,264,,,,,
0,0,0,,0,,,,267,0,0,0,1,0,0,0,0,,,,,,1,-1, 최대 체력을 증가시킵니다.,,1,0, 4레벨 풍부한 피,,,1,0,,,1000,,skill-icon-267,,,,,,264,,,,,
0,0,0,,0,,,,268,0,0,0,1,0,0,0,0,,,,,,1,-1, 최대 체력을 증가시킵니다.,,1,0, 5레벨 풍부한 피,,,1,0,,,1000,,skill-icon-268,,,,,,264,,,,,
0,0,0,,0,,,,269,0,0,0,1,0,0,0,0,,,,,,1,-1, 최대 체력을 증가시킵니다.,,1,0, 6레벨 풍부한 피,,,1,0,,,1000,,skill-icon-269,,,,,,264,,,,,
0,0,0,,0,,,,270,0,0,0,1,0,0,0,0,,,,,,1,-1, 공격력을 증가시킵니다.,,1,0, 7레벨 전사,,,1,0,,,1000,,skill-icon-270,,,,,,262,,,,,
0,0,0,,0,,,,271,0,0,0,1,0,0,0,0,,,,,,1,-1, 공격력을 증가시킵니다.,,1,0, 8레벨 전사,,,1,0,,,1000,,skill-icon-271,,,,,,262,,,,,
0,0,0,,0,,,,272,0,0,0,1,0,0,0,0,,,,,,1,-1, 공격력을 증가시킵니다.,,1,0, 9레벨 전사,,,1,0,,,1000,,skill-icon-272,,,,,,262,,,,,
0,0,0,,0,,,,273,0,0,0,1,0,0,0,0,,,,,,1,-1, 방어력을 증가시킵니다.,,1,0, 7레벨 두꺼운 피부와 강인함,,,1,0,,,1000,,skill-icon-273,,,,,,263,,,,,
0,0,0,,0,,,,274,0,0,0,1,0,0,0,0,,,,,,1,-1,방어력 값을 증가시킵니다.,,1,0,레벨 8 두꺼운 피부와 강인함,,,1,0,,,1000,,skill-icon-274,,,,,,263,,,,,
0,0,0,,0,,,,275,0,0,0,1,0,0,0,0,,,,,,1,-1, 방어력 값을 증가시킵니다.,,1,0, 레벨 9 두꺼운 피부와 강인함,,,1,0,,,1000,,skill-icon-275,,,,,,263,,,,,
0,0,0,,0,,,,276,0,0,0,1,0,0,0,0,,,,,,1,-1, 최대 체력을 증가시킵니다.,,1,0, 레벨 7 피 풍부함,,,1,0,,,1000,,skill-icon-276,,,,,,264,,,,,
0,0,0,,0,,,,277,0,0,0,1,0,0,0,0,,,,,,1,-1, 최대 체력을 증가시킵니다.,,1,0, 레벨 8 피 풍부함,,,1,0,,,1000,,skill-icon-277,,,,,,264,,,,,
0,0,0,,0,,,,278,0,0,0,1,0,0,0,0,,,,,,1,-1, 최대 체력을 증가시킵니다.,,1,0, 레벨 9 피 풍부함,,,1,0,,,1000,,skill-icon-278,,,,,,264,,,,,
0,0,0,,0,,,,279,0,0,0,1,0,0,0,0,,,,,,1,-1, 심기 숙련도를 향상시킵니다.,,1,0, 레벨 7 수확 전문가,,,1,0,,,1000,,skill-icon-279,,,,,,257,,,,,
0,0,0,,0,,,,280,0,0,0,1,0,0,0,0,,,,,,1,-1, 심기 숙련도를 향상시킵니다.,,1,0, 레벨 8 수확 전문가,,,1,0,,,1000,,skill-icon-280,,,,,,257,,,,,
0,0,0,,0,,,,281,0,0,0,1,0,0,0,0,,,,,,1,-1, 심기 숙련도를 향상시킵니다.,,1,0, 레벨 9 수확 전문가,,,1,0,,,1000,,skill-icon-281,,,,,,257,,,,,
0,0,0,,0,,,,282,0,0,0,1,0,0,0,0,,,,,,1,-1, 개별 애완동물의 행복도를 증가시킵니다.,,1,0, 레벨 4 동물 애호가,,,1,0,,,1000,,skill-icon-282,,,,,,253,,,,,
0,0,0,,0,,,,283,0,0,0,1,0,0,0,0,,,,,,1,-1, 개별 애완동물의 행복도를 증가시킵니다.,,1,0, 레벨 5 동물 애호가,,,1,0,,,1000,,skill-icon-283,,,,,,254,,,,,
0,0,0,,0,,,,284,0,0,0,1,0,0,0,0,,,,,,1,-1, 개별 애완동물의 행복도를 증가시킵니다.,,1,0, 레벨 6 동물 애호가,,,1,0,,,1000,,skill-icon-284,,,,,,274,,,,,
0,0,0,,0,,,,285,0,0,0,1,0,0,0,0,,,,,,1,-1, 개별 애완동물의 행복도를 증가시킵니다.,,1,0, 레벨 7 동물 애호가,,,1,0,,,1000,,skill-icon-285,,,,,,275,,,,,
0,0,0,,0,,,,286,0,0,0,1,0,0,0,0,,,,,,1,-1, 개별 애완동물의 행복도를 증가시킵니다.,,1,0, 레벨 8 동물 애호가,,,1,0,,,1000,,skill-icon-286,,,,,,275,,,,,
0,0,0,,0,,,,287,0,0,0,1,0,0,0,0,,,,,,1,-1, 개별 애완동물의 행복도를 증가시킵니다.,,1,0, 레벨 9 동물 애호가,,,1,0,,,1000,,skill-icon-287,,,,,,276,,,,,
0,0,0,,0,,,,288,0,0,0,1,0,0,0,0,,,,,,1,-1, 번식 숙련도를 향상시킵니다.,,1,0, 레벨 4 가축 전문가,,,1,0,,,1000,,skill-icon-288,,,,,,249,,,,,
0,0,0,,0,,,,289,0,0,0,1,0,0,0,0,,,,,,1,-1, 번식 숙련도를 향상시킵니다.,,1,0, 레벨 5 가축 전문가,,,1,0,,,1000,,skill-icon-289,,,,,,249,,,,,
0,0,0,,0,,,,290,0,0,0,1,0,0,0,0,,,,,,1,-1, 번식 숙련도를 향상시킵니다.,,1,0, 레벨 6 가축 전문가,,,1,0,,,1000,,skill-icon-290,,,,,,249,,,,,
0,0,0,,0,,,,291,0,0,0,1,0,0,0,0,,,,,,1,-1, 번식 숙련도를 향상시킵니다.,,1,0, 레벨 7 가축 전문가,,,1,0,,,1000,,skill-icon-291,,,,,,249,,,,,
0,0,0,,0,,,,292,0,0,0,1,0,0,0,0,,,,,,1,-1, 번식 숙련도를 향상시킵니다.,,1,0, 레벨 8 가축 전문가,,,1,0,,,1000,,skill-icon-292,,,,,,249,,,,,
0,0,0,,0,,,,293,0,0,0,1,0,0,0,0,,,,,,1,-1, 번식 숙련도를 향상시킵니다.,,1,0, 레벨 9 가축 전문가,,,1,0,,,1000,,skill-icon-293,,,,,,249,,,,,
0,0,0,,0,,,,294,0,0,0,1,0,0,0,0,,,,,,1,-1, 풀에 대한 공격력과 채집 숙련도를 증가시킵니다.,,1,0, 레벨 1 약초 전문가,,,1,0,,,1000,,skill-icon-294,,,,,,"265,266",,,,,
0,0,0,,0,,,,295,0,0,0,1,0,0,0,0,,,,,,1,-1, 풀에 대한 공격력과 채집 숙련도를 증가시킵니다.,,1,0, 레벨 2 약초 전문가,,,1,0,,,1000,,skill-icon-295,,,,,,"265,266",,,,,
0,0,0,,0,,,,296,0,0,0,1,0,0,0,0,,,,,,1,-1, 풀에 대한 공격력과 채집 숙련도를 증가시킵니다.,,1,0, 레벨 3 약초 전문가,,,1,0,,,1000,,skill-icon-296,,,,,,"265,266",,,,,
0,0,0,,0,,,,297,0,0,0,1,0,0,0,0,,,,,,1,-1, 풀에 대한 공격력과 채집 숙련도를 증가시킵니다.,,1,0, 레벨 4 약초 전문가,,,1,0,,,1000,,skill-icon-297,,,,,,"265,266",,,,,
0,0,0,,0,,,,298,0,0,0,1,0,0,0,0,,,,,,1,-1, 풀에 대한 공격력과 채집 숙련도를 증가시킵니다.,,1,0, 레벨 5 약초 전문가,,,1,0,,,1000,,skill-icon-298,,,,,,"265,266",,,,,
0,0,0,,0,,,,299,0,0,0,1,0,0,0,0,,,,,,1,-1, 풀에 대한 공격력과 채집 숙련도를 증가시킵니다.,,1,0, 레벨 6 약초 전문가,,,1,0,,,1000,,skill-icon-299,,,,,,"265,266",,,,,
0,0,0,,0,,,,300,0,0,0,1,0,0,0,0,,,,,,1,-1, 풀에 대한 공격력과 채집 숙련도를 증가시킵니다.,,1,0, 레벨 7 약초 전문가,,,1,0,,,1000,,skill-icon-300,,,,,,"265,266",,,,,
0,0,0,,0,,,,301,0,0,0,1,0,0,0,0,,,,,,1,-1, 풀에 대한 공격력과 채집 숙련도를 증가시킵니다.,,1,0, 레벨 8 약초 전문가,,,1,0,,,1000,,skill-icon-301,,,,,,"265,266",,,,,
0,0,0,,0,,,,302,0,0,0,1,0,0,0,0,,,,,,1,-1, 풀에 대한 공격력과 채집 숙련도를 증가시킵니다.,,1,0, 레벨 9 약초 전문가,,,1,0,,,1000,,skill-icon-302,,,,,,"265,266",,,,,
0,0,0,,0,,,,303,0,0,0,1,0,0,0,0,,,,,,1,-1, 나무에 대한 공격력과 채집 숙련도를 증가시킵니다.,,1,0, 레벨 1 나무꾼,,,1,0,,,1000,,skill-icon-303,,,,,,"267,268",,,,,
0,0,0,,0,,,,304,0,0,0,1,0,0,0,0,,,,,,1,-1, 나무에 대한 공격력과 채집 숙련도를 증가시킵니다.,,1,0, 레벨 2 나무꾼,,,1,0,,,1000,,skill-icon-304,,,,,,"267,268",,,,,
0,0,0,,0,,,,305,0,0,0,1,0,0,0,0,,,,,,1,-1, 나무에 대한 공격력과 채집 숙련도를 증가시킵니다.,,1,0, 레벨 3 나무꾼,,,1,0,,,1000,,skill-icon-305,,,,,,"267,268",,,,,
0,0,0,,0,,,,306,0,0,0,1,0,0,0,0,,,,,,1,-1, 나무에 대한 공격력과 채집 숙련도를 증가시킵니다.,,1,0, 레벨 4 나무꾼,,,1,0,,,1000,,skill-icon-306,,,,,,"267,268",,,,,
0,0,0,,0,,,,307,0,0,0,1,0,0,0,0,,,,,,1,-1, 나무에 대한 공격력과 채집 숙련도를 증가시킵니다.,,1,0, 레벨 5 나무꾼,,,1,0,,,1000,,skill-icon-307,,,,,,"267,268",,,,,
0,0,0,,0,,,,308,0,0,0,1,0,0,0,0,,,,,,1,-1, 나무에 대한 공격력과 채집 숙련도를 증가시킵니다.,,1,0, 레벨 6 나무꾼,,,1,0,,,1000,,skill-icon-308,,,,,,"267,268",,,,,
0,0,0,,0,,,,309,0,0,0,1,0,0,0,0,,,,,,1,-1, 나무에 대한 공격력과 채집 숙련도를 증가시킵니다.,,1,0, 레벨 7 나무꾼,,,1,0,,,1000,,skill-icon-309,,,,,,"267,268",,,,,
0,0,0,,0,,,,310,0,0,0,1,0,0,0,0,,,,,,1,-1, 나무에 대한 공격력과 채집 숙련도를 증가시킵니다.,,1,0, 레벨 8 나무꾼,,,1,0,,,1000,,skill-icon-310,,,,,,"267,268",,,,,
0,0,0,,0,,,,311,0,0,0,1,0,0,0,0,,,,,,1,-1, 나무에 대한 공격력과 채집 숙련도를 증가시킵니다.,,1,0, 레벨 9 나무꾼,,,1,0,,,1000,,skill-icon-311,,,,,,"267,268",,,,,
0,0,0,,0,,,,312,0,0,0,1,0,0,0,0,,,,,,1,-1, 광물에 대한 공격력과 채집 숙련도를 증가시킵니다.,,1,0, 레벨 1 금광꾼,,,1,0,,,1000,,skill-icon-312,,,,,,"269,270",,,,,
0,0,0,,0,,,,313,0,0,0,1,0,0,0,0,,,,,,1,-1, 광물에 대한 공격력과 채집 숙련도를 증가시킵니다.,,1,0, 레벨 2 금광꾼,,,1,0,,,1000,,skill-icon-313,,,,,,"269,270",,,,,
0,0,0,,0,,,,314,0,0,0,1,0,0,0,0,,,,,,1,-1, 광물에 대한 공격력과 채집 숙련도를 증가시킵니다.,,1,0, 레벨 3 금광꾼,,,1,0,,,1000,,skill-icon-314,,,,,,"269,270",,,,,
0,0,0,,0,,,,315,0,0,0,1,0,0,0,0,,,,,,1,-1, 광물에 대한 공격력과 채집 숙련도를 증가시킵니다.,,1,0, 레벨 4 금광꾼,,,1,0,,,1000,,skill-icon-315,,,,,,"269,270",,,,,
0,0,0,,0,,,,316,0,0,0,1,0,0,0,0,,,,,,1,-1, 광물에 대한 공격력과 채집 숙련도를 증가시킵니다.,,1,0, 레벨 5 금광꾼,,,1,0,,,1000,,skill-icon-316,,,,,,"269,270",,,,,
0,0,0,,0,,,,317,0,0,0,1,0,0,0,0,,,,,,1,-1, 광물에 대한 공격력과 채집 숙련도를 증가시킵니다.,,1,0, 레벨 6 금광꾼,,,1,0,,,1000,,skill-icon-317,,,,,,"269,270",,,,,
0,0,0,,0,,,,318,0,0,0,1,0,0,0,0,,,,,,1,-1, 광물에 대한 공격력과 채집 숙련도를 증가시킵니다.,,1,0, 레벨 7 금광꾼,,,1,0,,,1000,,skill-icon-318,,,,,,"269,270",,,,,
0,0,0,,0,,,,319,0,0,0,1,0,0,0,0,,,,,,1,-1, 광물에 대한 공격력과 채집 숙련도를 증가시킵니다.,,1,0, 레벨 8 금광꾼,,,1,0,,,1000,,skill-icon-319,,,,,,"269,270",,,,,
0,0,0,,0,,,,320,0,0,0,1,0,0,0,0,,,,,,1,-1, 광물에 대한 공격력과 채집 숙련도를 증가시킵니다.,,1,0, 레벨 9 금광꾼,,,1,0,,,1000,,skill-icon-320,,,,,,"269,270",,,,,
0,0,0,,0,,,300,321,0,1,0,1,0,0,0,0,harvest_crops,,harvest_crops,,370,1,-1, 개별 수확 숙련도를 향상시킵니다.,,2,0, 개별 수확,,,1,0,,"15,16",,,,,,,,,,,,,,
0,0,0,0,0,"15,17,418",,333,323,0,1,0,1,0,0,0,0,sickle_grass,,sickle_grass,,500,1,-1, 특수 도구로 풀을 손쉽게 베어내세요.,,2,0, 풀 베기,"4,300,150,27000,0",,1,0,1,5,1000,,,skill_rock_hurt,,,,,,,,,,
0,0,0,0,0,,"331,332,333",200,326,0,0,0,1,0,0,0,0,A-jianwu,Skill_gainBuff_Collector,,,400,1,30000, 일시적으로 채집 효율을 증가시킵니다.,,2,0, 레벨 1 미친 수집가,,,1,0,,,1000,,skill-icon-326,,,,,,,,,,,
0,0,0,0,0,,"334,335,336",200,327,0,0,0,1,0,0,0,0,A-jianwu,Skill_gainBuff_Collector,,,400,1,30000,일시적으로 채집 효율을 증가시킵니다.,,2,0,레벨 2 미친 수집가,,,1,0,,,1000,,skill-icon-327,,,,,,,,,,,
0,0,0,0,0,,"337,338,339",200,328,0,0,0,1,0,0,0,0,A-jianwu,Skill_gainBuff_Collector,,,400,1,30000, 일시적으로 채집 효율을 증가시킵니다.,,2,0, 레벨 3 미친 수집가,,,1,0,,,1000,,skill-icon-328,,,,,,,,,,,
0,0,0,0,0,,"340,341,342",200,329,0,0,0,1,0,0,0,0,A-jianwu,Skill_gainBuff_Chosen,,,400,1,30000, 일시적으로 채집 숙련도를 증가시킵니다.,,2,0, 레벨 1 택한 사람,,,1,0,,,1000,,skill-icon-329,,,,,,,,,,,
0,0,0,0,0,,"343,344,345",200,330,0,0,0,1,0,0,0,0,A-jianwu,Skill_gainBuff_Chosen,,,400,1,30000, 일시적으로 채집 숙련도를 증가시킵니다.,,2,0, 레벨 2 택한 사람,,,1,0,,,1000,,skill-icon-330,,,,,,,,,,,
0,0,0,0,0,,"346,347,348",200,331,0,0,0,1,0,0,0,0,A-jianwu,Skill_gainBuff_Chosen,,,400,1,30000, 일시적으로 채집 숙련도를 증가시킵니다.,,2,0, 레벨 3 택한 사람,,,1,0,,,1000,,skill-icon-331,,,,,,,,,,,
0,0,0,,0,,,,332,0,0,0,1,0,0,0,0,,,,,,1,-1, 적의 이동 속도를 감소시킵니다.,,1,0, 레벨 2 짓밟기,,,1,0,,,1000,,skill-icon-332,,,,,,349,,,,,
0,0,0,,0,,,,333,0,0,0,1,0,0,0,0,,,,,,1,-1, 적의 기절 지속 시간을 증가시킵니다.,,1,0, 레벨 3 짓밟기,,,1,0,,,1000,,skill-icon-333,,,,,,351,,,,,
0,0,0,,0,,,,334,0,0,0,1,0,0,0,0,,,,,,1,-1, 몬스터의 이동 속도를 감소시킵니다.,,1,0, 레벨 2 전쟁 짓밟기,,,1,0,,,1000,,skill-icon-334,,,,,,,,,,,
0,0,0,,0,,,,335,0,0,0,1,0,0,0,0,,,,,,1,-1, 적의 기절 지속 시간을 증가시킵니다.,,1,0, 레벨 3 전쟁 짓밟기,,,1,0,,,1000,,skill-icon-335,,,,,,355,,,,,
0,0,0,,0,,,,336,0,0,0,1,0,0,0,0,,,,,,1,-1, 적의 이동 속도를 감소시킵니다.,,1,0, 레벨 2 황소 돌진,,,1,0,,,1000,,skill-icon-336,,,,,,361,,,,,
0,0,0,,0,,,,337,0,0,0,1,0,0,0,0,,,,,,1,-1, 적의 이동 속도를 감소시킵니다.,,1,0, 레벨 3 황소 돌진,,,1,0,,,1000,,skill-icon-337,,,,,,363,,,,,
0,0,0,,0,,,,338,0,0,0,1,0,0,0,0,,,,,,1,-1, 적의 이동 속도를 감소시킵니다.,,1,0, 레벨 2 상어 돌진,,,1,0,,,1000,,skill-icon-338,,,,,,365,,,,,
0,0,0,,0,,,,339,0,0,0,1,0,0,0,0,,,,,,1,-1, 적의 이동 속도를 감소시킵니다.,,1,0, 레벨 3 상어 돌진,,,1,0,,,1000,,skill-icon-339,,,,,,367,,,,,
0,0,0,,0,,,,340,0,0,0,1,0,0,0,0,,,,,,1,-1, 적의 이동 속도를 감소시킵니다.,,1,0, 레벨 2 가벼운 소용돌이,,,1,0,,,1000,,skill-icon-340,,,,,,373,,,,,
0,0,0,,0,,,,341,0,0,0,1,0,0,0,0,,,,,,1,-1, 적의 이동 속도를 감소시킵니다.,,1,0, 레벨 3 가벼운 소용돌이,,,1,0,,,1000,,skill-icon-341,,,,,,375,,,,,
0,0,0,,0,,,,342,0,0,0,1,0,0,0,0,,,,,,1,-1, 적의 이동 속도를 감소시킵니다.,,1,0, 레벨 2 칼날 소용돌이,,,1,0,,,1000,,skill-icon-342,,,,,,377,,,,,
0,0,0,,0,,,,343,0,0,0,1,0,0,0,0,,,,,,1,-1, 적의 이동 속도를 감소시킵니다.,,1,0, 레벨 3 칼날 소용돌이,,,1,0,,,1000,,skill-icon-343,,,,,,379,,,,,
0,0,0,0,0,"404,387",,250,344,0,1,0,1,0,1,0,0,gongjian_attack2,,A-gongjian-NEW_audio,14,550,1,-1, 캐릭터 원거리 공격입니다.,1200,2,1, 캐릭터 원거리 2,,,1,1,1,,,,,,0,,1,,,,,,,
0,0,0,0,0,"15,404",645,550,345,0,1,0,1,0,1,0,0,gongjian_attack3,,A-gongjian-NEW_audio,14,800,1,-1, 캐릭터 원거리 공격입니다.,1200,2,7, 캐릭터 원거리 3,,,1,1,1,,,,,,0,,1,,,,,,,
1,0,0,0,0,"404,385",,300,346,0,1,0,1,0,1,0,0,attack,,Skill_Bee_attack,,1000,1,2000, 버즈 친구 원거리 공격,1000,2,8, 버즈 친구 원거리 공격,,,1,1,1,,1000,,,,,,1,,,,,,,
0,0,0,,0,"227,388",,200,347,0,1,0,1,0,1,0,1,A-1diuzhadan,,playerroll,,660,1,5000, 폭탄 던지기,1000,2,9, 폭탄 던지기,"2,200,0",,1,1,1,,1000,,,skill_tree_hurt,,top_down_bomb_blue,1,,,,,,"232,1",
0,0,0,,0,"15,35",,200,348,0,1,0,1,0,1,0,1,A-1diuzhadan,,playerroll,,660,1,5000, 스턴 물약 던지기,1000,2,10, 스턴 물약 던지기,"2,200,0",,1,1,1,,1000,,,skill_tree_hurt,,top_down_bomb_blue,1,,,,,,"233,1",
0,0,0,,0,"390,387",,200,351,0,1,0,1,0,1,0,1,A-1diuzhadan,,playerroll,,660,1,5000, 보통 물약 던지기,1000,2,11, 보통 물약 던지기,"2,200,0",,1,1,1,,1000,,,skill_tree_hurt,,top_down_bomb_blue,1,,,,,,"234,1",
0,0,0,,0,"15,391",,200,352,0,1,0,1,0,1,0,1,A-1diuzhadan,,playerroll,,660,1,5000, 화상 물약 던지기,1000,2,12, 화상 물약 던지기,"2,200,0",,1,1,1,,1000,,,skill_tree_hurt,,top_down_bomb_blue,1,,,,,,"235,1",
0,0,0,,0,,392,0,356,0,0,0,1,0,0,0,0,A-skill-chongci,Skill_YellowFlash,,,334,1,5000, 노란색 번쩍임,,2,0, 노란색 번쩍임,,,1,0,,,1000,,,,,,,,,,,,"236,1",
0,0,0,,0,,,0,357,0,0,0,1,0,0,0,0,,Skill_MissPostion,,,100,1,5000, 미스,,2,0, 미스 물약,,,1,0,,,1000,393,,,,,,,,,,,"237,1",
0,0,0,,0,,22,,358,0,0,0,1,0,0,0,0,,PS_VFX_HealCast,,,,1,5000, 해제,,2,0, 버프 해제 물약,,,1,0,,,1000,394,,,,,,,,,,,,
0,0,0,,0,,,,359,0,0,0,1,0,0,0,0,,,,,,1,0, 비어 있음,,1,0, 캔 개 약점 감지 기술,,,1,0,,,1000,,,,,,,,395,,,,,
0,0,0,,0,,,,360,0,0,0,1,0,0,0,0,,,,,,1,0, 비어 있음,,1,0, 선인장 약점 감지 기술,,,1,0,,,1000,,,,,,,,396,,,,,
0,0,0,,0,,,,361,0,0,0,1,0,0,0,0,,,,,,1,0, 비어 있음,,1,0, 호박 괴물 약점 감지 기술,,,1,0,,,1000,,,,,,,,397,,,,,
0,0,0,,0,,,,362,0,0,0,1,0,0,0,0,,,,,,1,0, 비어 있음,,1,0, 벌 약점 감지 기술,,,1,0,,,1000,,,,,,,,398,,,,,
0,0,0,,0,,,,363,0,0,0,1,0,0,0,0,,,,,,1,0, 비어 있음,,1,0, 광산 고양이 약점 감지 기술,,,1,0,,,1000,,,,,,,,399,,,,,
0,0,0,,0,,,,364,0,0,0,1,0,0,0,0,,,,,,1,0, 비어 있음,,1,0, 잎사귀 괴물 약점 감지 기술,,,1,0,,,1000,,,,,,,,400,,,,,
0,0,0,,0,,,,365,0,0,0,1,0,0,0,0,,,,,,1,0, 비어 있음,,1,0, 빨간색 괴물 약점 감지 기술,,,1,0,,,1000,,,,,,,,401,,,,,
0,0,0,,0,,,,366,0,0,0,1,0,0,0,0,,,,,,1,0, 비어 있음,,1,0, 검은색 괴물 약점 감지 기술,,,1,0,,,1000,,,,,,,,402,,,,,
0,0,0,,0,,,,367,0,0,0,1,0,0,0,0,,,,,,1,0, 비어 있음,,1,0, 눈산 괴물 약점 감지 기술,,,1,0,,,1000,,,,,,,,403,,,,,
0,0,0,,0,15,"220,223",350,369,0,1,0,1,0,0,0,0,attack,,Skill_CyberRaze_Attack,,733,1,3000, 사이버 레이즈 공격,400,2,0, 사이버 레이즈 공격,"4,800,600,12000,0",,1,0,1,,1000,,,,,,,,,,,,,
0,0,0,,0,388,426,2000,370,0,1,0,1,0,1,0,0,attack2,,Skill_CyberRaze_Attack_Area,,2600,1,3000, 사이버 레이즈 원거리 공격,2000,2,13, 사이버 레이즈 원거리 공격,"2,200,0",,1,0,1,,1000,,,,,,1,,,,,,,
1,0,0,,0,,,,371,0,1,0,1,0,0,0,0,,,,,,1,0, 비어 있음,,2,0, 사이버 레이즈 약점,,,1,0,,,1000,,,,,,,,421,,,,,
0,0,0,,0,,426,500,372,0,1,0,1,0,0,0,0,attack,Skill_Frosty_attack,Skill_FrostyLord_Attack,,2200,1,4000, 비어 있음,500,2,0, 서리 군주 공격,"4,800,600,12000,0",,1,0,1,,1000,425,,,,,,,,,,,,
0,0,0,,0,"15,238",426,800,373,0,1,0,1,0,1,0,1,attackArea,Skill_Frosty_attackArea,Skill_FrostyLord_Attack_Area,,1467,1,5000, 비어 있음,3000,2,14, 서리 군주 원거리 공격,"4,800,700,36000,0",CameraShakeGrade_3,1,0,1,,1000,474,,,,top_down_Thunder,5,,,,,,,
0,0,0,,0,,,1000,374,0,1,0,1,0,0,0,1,attack,,,,1500,1,0, 비어 있음,200,2,0, 서리 군주 약점,"4,300,200,12000,0",,1,0,,,1000,,,,,,,,424,,,,,
0,0,0,,0,,,,375,0,0,0,1,0,0,0,0,,PS_VFX_HealCast,,,,1,0, 비어 있음,,2,0, 황금 치유 물약,,,1,0,,,1000,427,,,,,,,,,,,,
0,0,0,,0,,,,376,0,0,0,1,0,0,0,0,,PS_VFX_HealCast,,,,1,0, 비어 있음,,2,0, 황금 공격 물약,,,1,0,,,1000,428,,,,,,,,,,,,
0,0,0,,0,,,,377,0,0,0,1,0,0,0,0,,PS_VFX_HealCast,,,,1,0, 비어 있음,,2,0, 황금 속도 물약,,,1,0,,,1000,429,,,,,,,,,,,,
0,0,0,,0,,,,378,0,0,0,1,0,0,0,0,,PS_VFX_HealCast,,,,1,0, 비어 있음,,2,0, 황금 치명타 물약,,,1,0,,,1000,430,,,,,,,,,,,,
0,0,0,,0,,,,379,0,0,0,1,0,0,0,0,,PS_VFX_HealCast,,,,1,0, 비어 있음,,2,0, 황금 생명 물약,,,1,0,,,1000,"431,427",,,,,,,,,,,,
0,0,0,,0,,,,380,0,0,0,1,0,0,0,0,,PS_VFX_HealCast,,,,1,0, 비어 있음,,2,0, 황금 방어 물약,,,1,0,,,1000,432,,,,,,,,,,,,
0,0,0,,0,,,,381,0,0,0,1,0,0,0,0,,PS_VFX_HealCast,,,,1,0, 비어 있음,,2,0, 다이아몬드 치유 물약,,,1,0,,,1000,433,,,,,,,,,,,,
0,0,0,,0,,,,382,0,0,0,1,0,0,0,0,,PS_VFX_HealCast,,,,1,0, 비어 있음,,2,0, 다이아몬드 공격 물약,,,1,0,,,1000,434,,,,,,,,,,,,
0,0,0,,0,,,,383,0,0,0,1,0,0,0,0,,PS_VFX_HealCast,,,,1,0,빈 공간,,2,0,다이아몬드 속도 물약,,,1,0,,,1000,435,,,,,,,,,,,,
0,0,0,,0,,,,384,0,0,0,1,0,0,0,0,,PS_VFX_HealCast,,,,1,0, 빈 공간,,2,0, 다이아몬드 치명타 물약,,,1,0,,,1000,436,,,,,,,,,,,,
0,0,0,,0,,,,385,0,0,0,1,0,0,0,0,,PS_VFX_HealCast,,,,1,0, 빈 공간,,2,0, 다이아몬드 생명 물약,,,1,0,,,1000,"437,433",,,,,,,,,,,,
0,0,0,,0,,,,386,0,0,0,1,0,0,0,0,,PS_VFX_HealCast,,,,1,0, 빈 공간,,2,0, 다이아몬드 방어 물약,,,1,0,,,1000,438,,,,,,,,,,,,
0,0,0,,0,,,,387,0,0,0,1,0,0,0,0,,PS_VFX_HealCast,,,,1,0, 빈 공간,,2,0, 스타 치유 물약,,,1,0,,,1000,439,,,,,,,,,,,,
0,0,0,,0,,,,388,0,0,0,1,0,0,0,0,,PS_VFX_HealCast,,,,1,0, 빈 공간,,2,0, 스타 공격 물약,,,1,0,,,1000,440,,,,,,,,,,,,
0,0,0,,0,,,,389,0,0,0,1,0,0,0,0,,PS_VFX_HealCast,,,,1,0, 빈 공간,,2,0, 스타 속도 물약,,,1,0,,,1000,441,,,,,,,,,,,,
0,0,0,,0,,,,390,0,0,0,1,0,0,0,0,,PS_VFX_HealCast,,,,1,0, 빈 공간,,2,0, 스타 치명타 물약,,,1,0,,,1000,442,,,,,,,,,,,,
0,0,0,,0,,,,391,0,0,0,1,0,0,0,0,,PS_VFX_HealCast,,,,1,0, 빈 공간,,2,0, 스타 생명 물약,,,1,0,,,1000,"443,439",,,,,,,,,,,,
0,0,0,,0,,,,392,0,0,0,1,0,0,0,0,,PS_VFX_HealCast,,,,1,0, 빈 공간,,2,0, 스타 방어 물약,,,1,0,,,1000,444,,,,,,,,,,,,
1,0,0,,0,15,"22,31",600,393,1,1,0,1,0,0,0,1,attack,,Skill_SkeletonSoldier_Attack,,833,1,-1, 빈 공간,500,2,0, 해골 병사 일반 공격,"4,300,200,12000,0",,1,0,1,,1000,,,,,,,,447,,,,,
0,0,0,,0,,"460,463",333,394,1,1,0,1,0,0,0,1,attack,Skill_OrangeHead,Skill_OrangeLeaf_Attack,,1760,1,4000, 빈 공간,500,2,0, 오렌지잎 에그헤드 일반 공격,"2,200,0",,1,0,1,,1000,461,,,,top_down_Cuboid,,,448,,,,,
0,0,0,,0,"15,238",22,1000,395,1,1,0,1,0,0,0,1,attack,,Skill_AngryStumb_Attack,,1866,1,4000, 빈 공간,500,2,0, 화난 그루터기 일반 공격,"2,200,0",,1,0,1,,1000,,,,,,,,449,,,,,
0,0,0,,0,15,22,500,396,1,1,0,1,0,0,0,1,attack,,Skill_SkeletonCaptain_Attack,,933,1,4000, 빈 공간,300,2,0, 해골 선장 일반 공격,"4,300,300,9000,0",,1,0,1,,1000,,,,,,,,450,,,,,
0,0,0,,0,"15,238",22,600,397,1,1,0,1,0,0,0,1,attack,skill_DarkEye_Attack,Skill_ShadowBehemoth_Attack,,1333,1,4000, 빈 공간,500,2,0, 그림자 베히모스 일반 공격,"2,300,0",,1,0,1,,1000,,,,,top_down_Normal_3,,,451,,,,,
1,0,0,,0,"15,9",414,400,398,1,1,0,1,0,1,0,1,attack,,Skill_DarkSnowSprite_Attack,,1000,1,4000, 빈 공간,1500,2,17, 어두운 눈송이 눈덩이,"2,200,0",,1,0,1,,1000,,skill-icon-398,,,top_down_bomb_1,1,,452,,,,,
0,0,0,,0,,22,333,399,1,1,0,1,0,0,0,1,attack2,,Skill_IceShellGiant_Attack,,2167,1,4000, 빈 공간,500,2,0, 얼음 껍질 거인 일반 공격,,,1,0,1,,1000,"467,472,473",,,,top_down_Cuboid,,,453,,,,,
1,0,0,,0,15,,1400,400,1,1,0,1,0,1,0,1,attack,,Skill_SkeletonArcher_Attack,,2000,1,-1, 빈 공간,1400,2,19, 해골 궁수 락킨 해골 화살,,,1,0,1,,1000,,,,,,1,,454,,,,,
0,0,0,,0,465,,2266,401,1,1,0,1,0,0,0,1,attackArea,,Skill_RabbitWizard_Attack,,2433,1,10000, 빈 공간,1000,2,0, 토끼 마법사 지원,"2,750,0",,1,0,2,,1000,465,,,,top_down_Blue_9,,,455,,,,,
1,0,0,,0,"458,456,446",,1000,402,1,1,0,1,0,1,0,1,attack,,Skill_TrapPush_Attack,,1500,1,4000, 빈 공간,2000,2,15, 함정_몬스터_밀기,,,1,0,1,,1000,,,,,,1,,,,,,,
1,0,0,,0,"458,445",,1000,403,1,1,0,1,0,1,0,1,attack,,Skill_TrapBomb_Attack,,1500,1,4000, 구조 기술,2000,2,16, 함정_몬스터_폭탄,"2,300,0",,1,0,1,,1000,,,,,top_down_Normal_3,4,,,,,,,
1,0,1,,0,459,,4000,404,0,0,0,1,1,0,1,0,pray,,Skill_Revival,,4100,1,0, 빈 공간,,2,0, 구조 기술,,,2,1,2,,1000,,skill-icon-404,,,,,,,,,,,skill_Rescue_AccuBar
1,0,0,,0,385,,1000,405,1,1,0,1,0,1,0,1,attackArea,,Skill_DarkSnowSprite_AttackArea,,1500,1,4000, 빈 공간,1000,2,18, 어두운 눈송이 눈보라,"2,400,0",,1,0,1,,1000,"489,490",,,,Skill_SnowStorm,2,,,,,,,
1,0,0,,0,15,,1400,406,1,1,0,1,0,1,0,1,attackArea,,Skill_SkeletonArcher_AttackArea,,2000,1,4000, 빈 공간,1000,2,20, 해골 궁수 화살비,"2,300,0",,1,0,1,,1000,,skill-icon-406,,,top_down_ArrowRain,4,,,,,,,
1,0,0,,0,"1,9",,800,407,1,1,0,1,0,1,0,1,attack,,Skill_RabbitWizard_AttackArea,,1100,1,4000, 빈 공간,1000,2,21, 토끼 마법사 출혈 마법,,,1,0,1,,1000,,,,,,1,,,,,,,
0,0,0,,0,1,"467,475",1166,408,1,1,0,1,0,0,0,1,attack,skill_TreeFlying,Skill_ForestLord_Attack,,2700,1,0, 빈 공간,1000,2,0, 나무가 날아갑니다,"2,300,0",,3,0,1,,1000,467,,,,top_down_Normal_3,,,476,,,,,
0,0,0,,0,1,467,1000,409,1,1,0,1,0,1,0,1,attackArea,,Skill_ForestLord_AttackArea,,2833,1;2,30000, 빈 공간,1000,2,22, 엉덩이 조심하세요,"2,300,0",,1,0,1,,1000,"489,482,490",,,,top_down_Normal_3,4,,,,,,,
0,0,0,,0,,467,400,410,1,1,0,1,0,0,0,1,attack,,Skill_ArcticLord_Attack,,1266,1,2000, 빈 공간,1000,2,0, 물어봐주세요,,,1,0,1,,1000,"467,472,501",,,,top_down_Cuboid,,,477,,,,,
0,0,0,,0,"471,388",467,1000,411,1,1,0,1,0,1,0,1,attackArea,,Skill_ArcticLord_AttackArea,,2000,1;2,60000, 빈 공간,1000,2,23, 허스키의 분노,"4,800,700,36000,0",,1,0,1,,1000,"467,496",,,,top_down_MoonFalling,4,,,,,,,
0,0,0,,0,,"467,469",0,412,1,1,0,1,0,0,0,1,attack,Skill_Rush_Big,Skill_SoulLord_Attack,,1333,1,2000, 빈 공간,1000,2,0, 찌르기,,,1,0,1,,1000,472,,,,top_down_Cuboid_20,,,,,,,,
0,0,0,,0,"471,386,3",467,1000,413,1,1,0,1,0,0,0,1,attackArea,Skill_GroundEletric_Instancer,Skill_SoulLord_AttackArea,,2000,1,3000, 빈 공간,600,2,0, 삽입하기,"2,600,0",,1,0,1,,1000,,,,,top_down_Normal_6,,,,,,,,
0,0,0,,0,"35,388",467,0,414,1,1,0,1,0,1,0,1,attackRange,,Skill_FrostyLord_Attack,,2800,1;2,100000, 애완동물 행복도 용량 일시적으로 증가,1000,2,24, 손을 문지르며 번개,"2,300,0",,1,0,1,,1000,"497,485",,,,top_down_Normal_3,4,,478,,,,,
0,0,0,,0,,,200,415,0,0,0,1,1,0,0,0,happy,,Skil_LovelyTouch,,660,1,30000, 빈 공간,,2,0, 사랑스러운 손길,,,1,0,,,1000,470,skill-icon-415,,,,,,,,,,,
0,0,0,,0,"15,456,446",463,1700,417,1,1,0,1,0,0,0,1,skill,Skill_SkeletonCap_Attack,Skill_SkeletonCaptain_AttackArea,,2333,1,4000, 빈 공간,500,2,0, 해골 선장 원거리 공격,"4,300,400,18000,0",,1,0,1,,1000,,,,,top_down_Normal_Half_4,,,,,,,,
0,0,0,,0,1,467,1000,422,1,1,0,1,0,1,0,1,attackArea,,Skill_FroestLord_AttackArea,,2833,1;2,12000, 빈 공간,1000,2,22, 엉덩이 조심하세요,"2,300,0",,1,0,1,,1000,"489,490",,,,top_down_Normal_3,2,,,,,,,
0,0,0,,0,"471,388",467,1000,423,1,1,0,1,0,1,0,1,attackArea,,Skill_ArcticLord_AttackArea,,2000,1;2,12000, 빈 공간,1000,2,23, 허스키의 분노,"4,800,700,36000,0",,1,0,1,,1000,467,,,,top_down_MoonFalling,2,,,,,,,
0,0,0,,0,"35,388",467,0,424,1,1,0,1,0,1,0,1,attackRange,,Skill_FrostyLord_Attack,,2800,1;2,20000, 빈 공간,1000,2,24, 손을 문지르며 번개,"2,300,0",,1,0,1,,1000,499,,,,top_down_Normal_3,2,,481,,,,,
0,0,0,,0,,"467,469",0,425,1,1,0,1,0,0,0,1,attack,Skill_Rush_Big,Skill_SoulLord_Attack,,1333,1,4000, 빈 공간,1000,2,0, 찌르기,,,1,0,1,,1000,472,,,,top_down_Cuboid_20,,,479,,,,,
0,0,0,,0,"471,386,3",467,1000,426,1,1,0,1,0,0,0,1,attackArea,Skill_GroundEletric_Instancer,Skill_SoulLord_AttackArea,,2000,1,4000, 빈 공간,600,2,0, 삽입하기,"2,600,0",,1,0,1,,1000,,,,,top_down_Normal_6,,,480,,,,,
1,0,0,,0,213,,0,427,1,1,0,1,0,0,0,1,attack,,Skill_SoulLord_AttackArea,,100,1,0, 빈 공간,10000,2,0, 영역 버프,"2,750,0",,1,0,2,,1000,,,,,top_down_Blue_9,,,500,,,,,
0,0,0,,0,,,200,431,0,0,0,1,0,0,0,0,happy,,,,660,1,15000, 빈 공간,0,2,0, 살리기,"2,666,0",CameraShakeGrade_1,1,0,2,,1000,513,skill-icon-431,,,,,,,,,,,
0,0,0,,0,564,467,566,432,0,0,0,1,0,0,0,0,A-1baoqi,Skill_inspire,Skill_Inspire,,2000,1,45000, 블랙홀,0,2,0, 영감,"2,666,0",,1,0,2,,1000,"508,563",skill-icon-432,,,,,,,,,,,
0,0,0,,0,1,,1000,433,0,1,0,1,0,1,0,1,A-1diuzhadan,Skill_seeding_2,A-chuisanlianji-3-NEW,,2833,1,30000, 빈 공간,600,2,25, 블랙홀,"2,300,0",,1,1,1,,1000,"489,490",,,,top_down_Normal_3,1,,,,,,,
0,0,0,,0,493,,1000,434,0,0,0,1,0,0,0,0,,Skill_HealRing,,,2833,1,30000, 불을 뿌려 지역 내 적에게 다중 피해를 입힙니다.,0,2,0, 치유 반지,"2,200,0",,1,0,2,,1000,493,,,,,,,,,,,,
1,0,0,0,0,532,,500,435,0,1,0,1,0,0,0,0,attackArea,Skill_Fire_Breath_NoSmoke,Skill_StardustWhelpling_AttackRange,,3000,1,15000, 폭탄을 떨어뜨려 폭발 범위 내의 적에게 큰 피해를 입힙니다.,800,2,0, 화염방사기,"4,150,800,4500,0",CameraShakeGrade_1,1,0,1,,1000,"518,521",skill-icon-435,,,,,,,,,,,
0,0,0,0,0,1,,200,436,0,1,0,1,0,1,0,1,A-1diuzhadan,,Skill_Throw,,660,1,2000, 자신을 중심으로 주변 적에게 세 번의 큰 피해를 입힙니다.,1500,2,25, 폭발 예술,"2,400,0",,1,0,1,,,"510,511",,skill_tree_hurt,,top_down_Normal_3,1,,,,,,,
0,0,0,,0,,553,350,437,0,1,0,0,0,0,0,0,attackArea,Earthquake_3,Skill_VerdantStoneling_AttackRange,,1500,1,25000, 주변 적에게 번개 피해를 입힙니다.,200,2,0, 지진,"4,100,400,36000,0",CameraShakeGrade_1,1,0,1,,1000,523,,,,,,,,,,,,
0,0,0,,0,35,553,500,438,0,1,0,0,0,0,0,0,attackRange,Skill_earthfire_1,Skill_MysticOwlSage_AttackRange,,4333,1,35000, 대상 지역에 소용돌이를 소환하여 광범위하고 다중 세그먼트 피해를 입히고 대상을 중심으로 끌어당깁니다.,100,2,0, 대지 불 (그림자 숲 마법사),"2,500,0",CameraShakeGrade_1,1,0,1,,1000,523,,,,top_down_Normal,5,,,,,,,
0,0,0,,0,"1,509",553,1666,439,0,1,0,1,0,1,0,0,attackRange,,Skill_AquilaDominator_AttackRange,,2666,1;2,25000, 자신을 중심으로 큰 범위 내의 적에게 다중 피해를 입히고 자신에게 끌어당깁니다.,1500,2,30, 토네이도,"4,800,700,36000,0",,1,0,1,,1000,525,,,,top_down_Normal_5,4,,,,,,,
0,0,0,,0,,"553,682",1400,440,0,1,0,0,0,0,0,0,attackArea,Skill_Eye_of_the_storm,Skill_AquilaDominator_AttackArea,,3666,1;2,15000,,1000,2,0, 폭풍의 눈,"2,750,0",CameraShakeGrade_1,1,0,1,,1000,525,,,,top_down_Normal_6,,,,,,,,
1,0,0,,0,"532,387",,600,441,0,1,0,1,0,1,0,1,attackArea,,Skill_GraniteGuardian_AttackArea,,1000,1;2,15000,목표물을 향해 분사하고 경로에 마그마 흔적을 남겨 지속적인 피해를 입힙니다.,800,2,33,마그마 분출,"2,200,0",,1,0,1,,1000,489,skill-icon-441,,,,1,,,,,,,
0,0,0,,0,1,467,800,443,0,1,0,0,0,0,0,0,attackRange,Skill_Earth_Splitter,Skill_DoomLord_AttackArea,,2200,1;2,15000, 목표 지역에 큰 피해를 입힙니다.,1000,2,0, 대지 가르기,"1,800,200,200,0",CameraShakeGrade_1,1,0,1,,1000,,,,,,,,,,,,,
0,0,0,,0,"386,471",467,800,444,0,1,0,0,0,0,0,0,attackRange,Skill_outrangebrake,Skill_DoomLord_AttackArea,,2200,1;2,25000, 부채꼴 모양의 목표 지역에 큰 피해를 입힙니다.,1000,2,0, 초월 브레이크,"4,200,600,6000,0",CameraShakeGrade_1,1,0,1,,1000,,,,,,,,,,,,,
0,0,0,,0,521,553,800,445,0,1,0,0,0,0,0,0,attackArea,Skill_Electromagnetic_1,Skill_MysticAncient_AttackRange,,2750,1,20000, 자신에게 집중하여 넓은 범위의 적에게 다중 피해를 입히고 기절시킵니다.,200,2,0, 전자기폭풍,"4,800,700,36000,0",CameraShakeGrade_1,1,0,1,,1000,525,,,,top_down_Normal_5,,,,,,,,
1,0,0,0,0,"238,385",,400,446,0,1,0,1,0,1,0,0,attackArea,,Skill_SparkleTyrant_AttackArea,,1150,1;2,15000, 최대 세 개의 유성체를 소환하여 떨어뜨립니다.,800,2,27, 운석 (눈부신 작은 제왕),"2,200,0",CameraShakeGrade_1,1,0,1,,1000,,skill-icon-446,,,,3,,,,,,,
0,0,0,0,0,"386,35",,2133,447,0,1,0,1,0,1,0,0,attackArea,,Skill_MysticOwlSage_AttackArea,,3000,1;2,20000, 최대 다섯 개의 거대한 유성체를 소환하여 떨어뜨립니다.,1500,2,28, 거대한 운석 (그림자 숲의 마법사),"2,500,0",CameraShakeGrade_1,1,0,1,,1000,,,,,top_down_Normal,5,,,,,,,
0,0,0,,0,1,,900,448,0,0,0,1,1,0,0,0,work,,,,1000,1,1200, 애완동물을 위한 일반적인 수집 기술 조립,100,2,0, 애완동물을 위한 일반 수집 기술 조립,"4,100,100,9000,0",,1,0,1,"5,6,7",1000,,,,,,,,,,,,,
0,0,0,,0,,,900,449,0,0,0,1,1,0,0,0,work,,,,1000,1,1200, 애완동물을 위한 일반적인 심기 기술 조립,100,2,0, 애완동물을 위한 일반 심기 기술 조립,"4,100,100,9000,0",,1,0,1,"2,3,1",1000,,,,,,,,,,,,,
1,0,1,,0,533,,4000,450,0,0,0,1,1,0,1,0,work,,,,4100,1,30000, 구조 기술,,2,0, 구조 기술,,,2,1,2,,1000,,skill-icon-450,,,,,,,,,,,skill_Rescue_AccuBar
0,0,0,,0,532,113,600,452,0,1,0,1,0,0,0,0,attackRange,Skill_Rush_Instancer_red,Skill_BlazeRidge_AttackRange,,1000,1,15000, 다섯 개의 화염구를 연속으로 발사합니다.,2000,2,0, 파이어볼 (불꽃 바위 파수꾼),"1,200,1500,100,0",,1,0,1,,1000,547,,,,,,,,,,,,
0,0,0,,0,"386,238",467,610,453,0,1,0,0,0,0,0,0,attackRange,Skill_Earthshock,Skill_DoomLord_AttackRange,,1333,1,15000, 앞으로 세 개의 지면 스파이크를 소환합니다.,300,2,0, 대지 충격,"1,200,500,100,0",CameraShakeGrade_1,1,0,1,,1000,,,,,,,,,,,,,
0,0,0,,0,,"553,682",950,454,0,1,0,0,0,0,0,0,attackRange,Skill_big_windmill,Skill_VerdantFlame_AttackRange,,5000,1;2,30000, 몸을 회전시켜 주변에 큰 피해를 입힙니다.,1000,2,0, 큰 풍차,"2,400,0",,1,0,1,,1000,525,,,,,,,,,,,,
0,0,0,,0,,553,950,455,0,1,0,0,0,0,0,0,attackArea,Skill_Flurry,SKill_VerdantFlame_AttackArea,,3000,1;2,15000, 지면을 여러 번 공격하여 근처의 적에게 피해를 입힙니다.,1000,2,0, 폭풍 (신록의 불꽃 전쟁군주),"2,500,0",CameraShakeGrade_1,1,0,1,,1000,535,,,,,,,,,,,,
0,0,0,,0,1,553,800,456,0,1,0,0,0,0,0,0,attackArea,Skill_megaseism,Skill_DoomLord_AttackRange,,2100,1;2,30000, 검을 땅에 꽂아 반초 동안 지역 내의 적에게 피해를 입힙니다.,1000,2,0, 메가 지진,"2,500,0",CameraShakeGrade_1,1,0,1,,1000,,,,,,,,,,,,,
0,0,0,,0,,"113,547",500,457,0,1,0,1,0,0,0,0,attackRange,Skill_Rush_Instancer_green,Skill_GlowingGuard_AttackRange,,2900,1,20000, 앞으로 돌진합니다.,2000,2,0, 직선적인 충격,"1,200,1500,100,0",,1,0,1,,1000,,,,,,,,,,,,,
0,0,0,,0,"538,541",,500,458,0,1,0,1,0,1,0,0,attackArea,,Skill_GlowingGuard_AttackArea,,1500,1,5000, 무기를 발사합니다.,1000,2,32, 날아다니는 창,,,1,0,1,,1000,,skill-icon-458,,,,2,,,,,,,
0,0,0,,1,"554,385,648,446",22,500,459,0,0,0,0,0,0,0,0,A-1baoqi,Skill_ice_ring,Skill_IceExplosion,,660,1,15000, 자신에게 가까이 다가온 적을 더 오랜 시간 동안 속도를 늦춥니다.,200,2,0, 얼음 세계,"2,600,0",,1,0,1,,1000,,skill-icon-459,,,,,,,,,,,
0,0,0,,1,598,,500,460,0,0,0,0,0,0,0,0,A-1baoqi,Skill_speed_ring,SKill_Windup,,660,1,20000, 상쾌한 바람을 소환하여 이동 속도를 증가시킵니다.,300,2,0, 감기,"2,600,0",,1,0,2,,1000,565,skill-icon-460,,,,,,,,,,,
0,0,0,,0,,113,500,462,0,1,0,1,0,0,0,0,attackRange,Skill_Rush_Instancer_blue,Skill_GuardianOwl_AttackRange,,1333,1,8000, 앞으로 돌진합니다.,1000,2,0, 급강하 (지혜로운 눈 독수리 수호자),"1,200,1000,200,0",,1,0,1,,1000,108,,,,,,,,,,,,
0,0,0,,0,,"113,547",333,463,0,1,0,1,0,0,0,0,attackRange,Skill_Rush_Instancer_plus,Skill_StripeBoulder_AttackRange,,2000,1,12000, 앞으로 돌진합니다.,2000,2,0, 충돌 (노란 줄무늬 바위 괴물),"1,200,1500,100,0",,1,0,1,,1000,,,,,,,,,,,,,
0,0,0,,0,538,,400,464,0,1,0,1,0,1,0,0,attackArea,,Skill_SpikeguardSmiler_AttackRange,,1000,1,5000, 무기를 발사합니다.,1000,2,38, 날아다니는 창 (미소 진창 방패),,,1,0,1,,1000,,skill-icon-464,,,,1,,,,,,,
0,0,0,,0,,,500,465,0,1,0,1,0,0,0,0,attack,,Skill_AquilaDominator_Attack,,1500,1,3000, 공중으로 솟아오르는 지배자의 공격,300,2,0, 공격 (소릉한 제왕),"4,300,150,16000,0",,1,0,1,,1000,548,,hiteffect,,,,,636,,,,,
0,0,0,,0,385,,350,466,0,1,0,1,0,0,0,0,attack,,Skill_StripeBoulder_Attack,,1050,1,3000, 노란 줄무늬 바위 괴물의 공격,100,2,0, 공격 (노란 줄무늬 바위 괴물),"4,200,200,4500,0",,1,0,1,,1000,,,hiteffect,,,,,628,,,,,
0,0,0,,0,385,,400,467,0,1,0,1,0,0,0,0,attack,,Skill_BlazeRidge_Attack,,1000,1,3000, 불꽃 바위 파수병의 공격,100,2,0, 공격 (불꽃 바위 파수꾼),"4,200,200,4500,0",,1,0,1,,1000,,,hiteffect,,,,,626,,,,,
0,0,0,,0,385,,400,468,0,1,0,1,0,0,0,0,attack,,Skill_GraniteGuardian_Attack,,1000,1,3000, 거대한 바위 파수병의 공격,100,2,0, 공격 (거대한 바위 파수꾼),"4,200,200,4500,0",,1,0,1,,1000,,,hiteffect,,,,,627,,,,,
0,0,0,,0,,,333,469,0,1,0,1,0,0,0,0,attack,Skill_Hit6,Skill_InfernoWarrior_Attack,,2333,1,3000, 불꽃 전쟁 신의 공격,100,2,0, 공격 (불꽃 전쟁 신),"4,300,150,16000,0",,1,0,1,,1000,549,,,,,,,635,,,,,
0,0,0,,0,385,,333,470,0,1,0,1,0,0,0,0,attack,,SKill_VerdantStoneling_Attack,,1000,1,3000, 녹색 돌 조각 정령의 공격,200,2,0, 공격 (녹색 돌 조각 정령),"1,200,400,200,0",,1,0,1,,1000,,,hiteffect,,,,,632,,,,,
0,0,0,,0,,553,666,471,0,1,0,0,0,0,0,0,attack,Skill_Hit2,Skill_VerdantFlame_Attack,,3666,1;2,3000, 신록의 불꽃 전쟁군주의 공격,1000,2,0, 공격 (신록의 불꽃 전쟁군주),"1,300,600,300,0",,1,0,1,,1000,550,,,,,,,638,,,,,
0,0,0,,0,,,500,472,0,1,0,1,0,0,0,0,attack,,Skill_MysticAncient_Attack,,1500,1,3000, 신비로운 빛 정령의 공격,100,2,0, 공격 (수수께끼의 빛 정령),"4,200,200,4500,0",,1,0,1,,1000,551,,hiteffect,,,,,631,,,,,
0,0,0,,0,385,,333,473,0,1,0,1,0,0,0,0,attack,,Skill_SPikeguardSmiler_Attack,,1000,1,3000, 미소 짓는 가시 방패의 공격,200,2,0, 공격 (미소 진창 방패),"1,200,400,200,0",,1,0,1,,1000,,,hiteffect,,,,,633,,,,,
1,0,0,,0,385,,333,474,0,1,0,1,0,1,0,0,attack,,Skill_StardustWhelpling_Attack,,1000,1,3000, 별빛 어린 용의 공격,800,2,21, 공격 (별빛 어린 용),,,1,0,1,,1000,,,,,,1,,630,,,,,
1,0,0,,0,385,,400,475,0,1,0,1,0,1,0,0,attack,,Skill_SparkleTyrant_Attack,,1000,1,3000, 화려한 작은 지배자의 공격,800,2,21, 공격 (눈부신 작은 제왕),,,1,0,1,,1000,,,,,,1,,625,,,,,
0,0,0,,0,385,,333,476,0,1,0,1,0,0,0,0,attack,,Skill_GlowingGuard_Attack,,1000,1,3000, 형광색 파수병의 공격,100,2,0, 공격 (형광 센티넬),"1,200,200,200,0",,1,0,1,,1000,,,hiteffect,,,,,639,,,,,
0,0,0,,0,385,,500,477,0,1,0,1,0,1,0,0,attack,,Skill_MysticOwlSage_Attack,,1166,1,3000, 그림자 숲의 마법사의 공격,1000,2,21, 공격 (그림자 숲의 마법사),,,1,0,1,,1000,,,,,,,,637,,,,,
0,0,0,,0,385,,333,478,0,1,0,1,0,0,0,0,attack,,Skill_GuardianOwl_Attack,,1166,1,3000, 현명한 눈을 가진 독수리 수호자의 공격,100,2,0, 공격 (지혜로운 눈 독수리 수호자),"1,200,200,200,0",,1,0,1,,1000,,,hiteffect,,,,,629,,,,,
0,0,0,,0,,,333,479,0,1,0,1,0,0,0,0,attack,,Skill_DoomLord_Attack,,1166,1;2,3000, 지옥의 군주의 공격,800,2,0, 공격 (파멸의 악마 군주),"4,300,500,12000,0",,1,0,1,,1000,552,,Skill_HitBoss,,,,,634,,,,,
0,0,0,0,0,"515,521",,400,482,0,1,0,1,0,0,0,0,attackRange,Skill_ice_Breath,Skill_StardustWhelpling_AttackRange,,2900,1;2,5000, 빈칸,800,2,0, 차가운 숨결,"4,150,800,4500,0",,1,0,1,,1000,518,skill-icon-482,,,,,,,,,,,
0,0,0,,0,"385,238",557,350,484,0,1,0,1,0,0,0,0,A1-gaozi-AOE-NEW,Skill_AOE_ring,Skill_AoeRing_Part2,,666,1,6000, 빈칸,1000,2,0, 추격,"4,200,400,36000,0",CameraShakeGrade_1,1,0,1,,1000,,skill-icon-484,,,,,,,,,,,
0,0,0,,0,559,,500,485,0,0,0,0,0,0,0,0,A2-respawn-to-base,Skill_health_ring,Skill_HealthRing,,660,1,45000, 빈칸,300,2,0, 치유의 물결,"4,200,400,36000,0",,1,0,2,,1000,559,skill-icon-485,,,,,,,,,,,
0,0,0,,0,"560,561",,500,486,0,1,0,0,0,1,0,0,A-1diuzhadan,,,,660,1,2000, 빈칸,1000,2,38, 신성한 은 십자선,,,1,0,1,,1000,,,Flash_ball,,,1,,,,"435,2",,,
0,0,0,,0,573,"568,570",1100,487,0,1,0,1,0,0,0,0,dash,Skill_Linear_impact,Skill_LinearImpactHit,,1500,1,18000, 빈칸,800,2,0, 직선적인 충격,"1,300,1200,300,100",CameraShakeGrade_1,1,0,1,,1000,,skill-icon-487,Skill_Linear_impact_hit,,,,,,,,,,
0,0,0,,0,515,,50,489,0,1,0,0,0,0,0,0,,Skill_iceworld,,,5000,1,1000, 빈칸,5000,2,0, 비어 있음,"2,500,0",,1,0,1,,1000,577,,,,,,,,,,,,
0,0,0,,0,,,50,490,0,1,0,0,0,0,0,0,,Skill_health_ring,,,5000,1,1000, 빈칸,5000,2,0, 비어 있음,"2,500,0",,1,0,2,,1000,576,,,,,,,,,,,,
0,0,0,,0,,,500,491,0,0,0,0,0,0,0,0,,,,,660,1;2,1000, 빈칸,1000,2,0, 비어 있음,"2,200,300",,1,0,1,,1000,574,,,,,,,,,,,,
0,0,0,,0,,,500,492,0,0,0,0,0,0,0,0,,,,,660,1;2,1000, 빈칸,1000,2,0, 비어 있음,"2,200,300",,1,0,1,,1000,575,,,,,,,,,,,,
0,0,0,,0,,,,493,0,0,0,1,0,0,0,0,,PS_VFX_HealCast,,,,1,0, 빈칸,,2,0, 뜨거운 치유 물약,,,1,0,,,1000,579,,,,,,,,,,,,
0,0,0,,0,,,,494,0,0,0,1,0,0,0,0,,PS_VFX_HealCast,,,,1,0, 빈칸,,2,0, 뜨거운 공격 물약,,,1,0,,,1000,580,,,,,,,,,,,,
0,0,0,,0,,,,495,0,0,0,1,0,0,0,0,,PS_VFX_HealCast,,,,1,0, 빈칸,,2,0, 뜨거운 속도 물약,,,1,0,,,1000,581,,,,,,,,,,,,
0,0,0,,0,,,,496,0,0,0,1,0,0,0,0,,PS_VFX_HealCast,,,,1,0, 빈칸,,2,0, 뜨거운 치명타 물약,,,1,0,,,1000,582,,,,,,,,,,,,
0,0,0,,0,,,,497,0,0,0,1,0,0,0,0,,PS_VFX_HealCast,,,,1,0, 빈칸,,2,0, 뜨거운 생명 물약,,,1,0,,,1000,"583,579",,,,,,,,,,,,
0,0,0,,0,,,,498,0,0,0,1,0,0,0,0,,PS_VFX_HealCast,,,,1,0,빈 공간,,2,0,핫 디펜스 물약,,,1,0,,,1000,584,,,,,,,,,,,,
0,0,0,,0,,,,499,0,0,0,1,0,0,0,0,,PS_VFX_HealCast,,,,1,0, 빈 공간,,2,0, 허무한 치유 물약,,,1,0,,,1000,585,,,,,,,,,,,,
0,0,0,,0,,,,500,0,0,0,1,0,0,0,0,,PS_VFX_HealCast,,,,1,0, 빈 공간,,2,0, 허무한 공격 물약,,,1,0,,,1000,586,,,,,,,,,,,,
0,0,0,,0,,,,501,0,0,0,1,0,0,0,0,,PS_VFX_HealCast,,,,1,0, 빈 공간,,2,0, 허무한 속도 물약,,,1,0,,,1000,587,,,,,,,,,,,,
0,0,0,,0,,,,502,0,0,0,1,0,0,0,0,,PS_VFX_HealCast,,,,1,0, 빈 공간,,2,0, 허무한 치명타 물약,,,1,0,,,1000,588,,,,,,,,,,,,
0,0,0,,0,,,,503,0,0,0,1,0,0,0,0,,PS_VFX_HealCast,,,,1,0, 빈 공간,,2,0, 허무한 생명 물약,,,1,0,,,1000,"589,585",,,,,,,,,,,,
0,0,0,,0,,,,504,0,0,0,1,0,0,0,0,,PS_VFX_HealCast,,,,1,0, 빈 공간,,2,0, 허무한 방어 물약,,,1,0,,,1000,590,,,,,,,,,,,,
0,0,0,,0,,,,505,0,0,0,1,0,0,0,0,,PS_VFX_HealCast,,,,1,0, 빈 공간,,2,0, 고대 치유 물약,,,1,0,,,1000,591,,,,,,,,,,,,
0,0,0,,0,,,,506,0,0,0,1,0,0,0,0,,PS_VFX_HealCast,,,,1,0, 빈 공간,,2,0, 고대 공격 물약,,,1,0,,,1000,592,,,,,,,,,,,,
0,0,0,,0,,,,507,0,0,0,1,0,0,0,0,,PS_VFX_HealCast,,,,1,0, 빈 공간,,2,0, 고대 속도 물약,,,1,0,,,1000,593,,,,,,,,,,,,
0,0,0,,0,,,,508,0,0,0,1,0,0,0,0,,PS_VFX_HealCast,,,,1,0, 빈 공간,,2,0, 고대 치명타 물약,,,1,0,,,1000,594,,,,,,,,,,,,
0,0,0,,0,,,,509,0,0,0,1,0,0,0,0,,PS_VFX_HealCast,,,,1,0, 빈 공간,,2,0, 고대 생명 물약,,,1,0,,,1000,"595,591",,,,,,,,,,,,
0,0,0,,0,,,,510,0,0,0,1,0,0,0,0,,PS_VFX_HealCast,,,,1,0, 빈 공간,,2,0, 고대 방어 물약,,,1,0,,,1000,596,,,,,,,,,,,,
0,0,0,,0,597,,666,511,0,1,0,0,0,0,0,0,A-chuisanlianji-2-NEW,Skill_Bladestorm,,,1466,1,1000, 빈 공간,700,2,0, 빈칸,"4,300,700,9000,0",,1,0,1,,1000,,,,,,,,,,,,,
0,0,0,,0,388,,1000,512,0,1,0,0,0,0,0,0,A-chuisanlianji-3-NEW,Skill_Great_sword_strike,,,2000,1;2,1000, 빈 공간,1000,2,0, 빈칸,"1,200,1200,300,0",,1,0,1,,1000,,,,,,,,,,,,,
0,0,0,,0,,,100,513,0,0,0,0,0,0,0,0,,,,,100,1,-1, 빈 공간,,1,0, 빈칸,,,1,0,2,,,,,,,,,,600,,,,,
0,0,0,,0,"601,620",,666,514,0,1,0,0,0,0,0,0,attack,,Skill_SpecterBishop_Attack,,1950,1;2,2000, 빈 공간,400,2,0, 빈칸,"4,500,500,12000,-10",,1,0,1,,1000,,,,,,,,,,,,,
0,0,0,,0,"601,620",,0,515,0,1,0,0,0,0,0,0,attack-impact,,Skill_SpecterBishop_Attack_Angry,,1100,1;2,1000, 빈 공간,400,2,0, 빈칸,"4,500,500,12000,-10",,1,0,1,,1000,,,,,,,,,,,,,
0,0,0,,0,"532,602,620",,300,516,0,1,0,0,0,1,0,0,hurt-front,,Skill_SpecterBishop_AttackRange_FireFlame,,500,1;2,500, 빈 공간,3000,2,39, 빈칸,"2,300,0",,1,0,1,,1000,,,,,,20,,,,,,,
0,0,0,,0,"532,602,620",,666,518,0,1,0,0,0,1,0,0,projectile,,Skill_SpecterBishop_AttackRange_FireBall,,1500,1;2,2000, 빈 공간,3000,2,40, 빈칸,"2,200,0",,1,1,1,,1000,,,,,,5,,,,,,,
0,0,0,,0,,,1333,519,0,0,0,1,0,0,0,0,summon,,,,2500,1;2,600000, 빈 공간,1000,2,0, 빈칸,"2,500,0",,1,0,1,,1000,606,,,,,,,,,,,,
0,0,0,,0,,"604,4",0,520,0,0,0,0,0,0,0,0,teleport,,Skill_SpecterBishop_AttackRange_Teleport,,1222,1;2,1500, 빈 공간,,2,0, 빈칸,,,1,0,2,,1000,,,,,,,,,,,,,
0,0,0,,0,"532,603,620",,2000,521,0,1,0,0,0,1,0,0,projectile-big,,Skill_SpecterBishop_AttackRange_FireBallAngry,,3000,1;2,5000, 빈 공간,3000,2,40, 빈칸,"2,300,0",,1,1,1,,1000,,,,,,10,,,,,,,
0,0,0,,0,,"605,4",0,522,0,0,0,0,0,0,0,0,teleport,,Skill_SpecterBishop_AttackRange_Teleport,,1222,1;2,5000, 빈 공간,,2,0, 빈칸,,,1,0,2,,1000,,,,,,,,,,,,,
0,0,0,,0,602,,433,523,0,1,0,0,0,0,0,0,blade_dual_attack_a,,Skill_WanderingBlade_Attack_PART_1,,733,1;2,-1, 빈 공간,700,2,0, 빈칸,"4,500,700,12000,0",,1,0,1,,1000,,,,,,,,,,,,,
0,0,0,,0,602,,199,524,0,1,0,0,0,0,0,0,blade_dual_attack_b,,Skill_WanderingBlade_Attack_PART_2,,666,1;2,-1, 빈 공간,700,2,0, 빈칸,"4,500,700,12000,0",,1,0,1,,1000,,,,,,,,,,,,,
0,0,0,,0,601,,650,526,0,1,0,0,0,0,0,0,blade_dual_attack_c,,Skill_WanderingBlade_Attack_PART_3,,1500,1;2,-1, 빈 공간,700,2,0, 빈칸,"2,750,0",,1,0,1,,1000,,,,,,,,,,,,,
0,0,0,,0,,608,0,528,0,1,0,0,0,0,0,0,dash,,Skill_WanderingBlade_AttackRange,,333,1;2,2000, 빈 공간,700,2,0, 빈칸,,,1,0,2,,1000,,,,,,,,,,,,,
0,0,0,,0,,,0,529,0,0,0,0,1,0,0,0,defense,,Skill_WanderingBlade_Defense,,3000,1;2,5000, 빈 공간,700,2,0, 빈칸,,,1,0,1,,1000,485,,,,,,,,,,,,
0,0,0,,0,,,,530,0,0,0,0,0,0,0,0,,,,,,1,0, 빈 공간,,1,0, 빈칸,,,1,0,2,,1000,,,,,,,,"611,613,614",,,,,
0,0,0,,0,,,,531,0,0,0,0,0,0,0,0,,,,,,1,0, 빈 공간,,1,0, 빈칸,,,1,0,2,,1000,,,,,,,,"615,616,618",,,,,
0,0,0,,0,601,467,800,532,0,1,0,0,0,0,0,0,ready_attack,Skill_Detonate,Skill_NuclesBat_Attack,,1000,1,5000, 빈 공간,200,2,0, 빈칸,"2,500,0",CameraShakeGrade_1,1,0,1,,1000,621,,,,,,,,,,,,
0,0,0,,0,,467,2150,534,0,0,0,0,0,1,0,0,attack,,,,3000,1;2,30000, 빈 공간,3000,2,41, 빈칸,"2,300,0",,1,0,1,,1000,622,,,,,10,,,,,,,
0,0,0,,0,,642,1000,539,0,0,0,1,0,0,0,0,devout,,,,2000,1,, 빈 공간,,2,0, 빈칸,,,1,0,2,,1000,,,,,,,,,,,,,
0,0,0,,0,"643,471",464,0,540,0,0,0,0,0,0,0,0,hit,Skill_Detonate,,,666,1,8000, 빈 공간,,2,0, 빈칸,"2,400,0",,1,0,1,,1000,,skill-icon-540,,,,,,,,,,,
0,0,0,,0,,,900,541,0,0,0,1,0,0,0,0,A2-respawn-to-base,Skill_speed_ring,,,1000,1,45000, 빈 공간,,2,0, 빈칸,,,1,0,2,,1000,644,skill-icon-541,,,,,,,,,,,
0,0,0,,0,,,3400,542,0,0,0,0,0,1,0,0,combatCastingLoop,,,,3500,1;2,5000, 빈 공간,,2,21, 빈칸,,,1,0,1,,1000,,,,,,1,,,,,,,
0,0,0,,0,,,950,544,0,0,0,0,1,0,0,0,attackRange,Skill_big_windmill,,,15000,1;2,99999999, 앞에 있는 적에게 강력한 밀어내기 효과를 줍니다.,50000,2,0, 빈칸,"2,50000,0",,1,0,1,,1000,,,,,,,,,,,,,
0,0,0,,0,"647,446",,1100,545,0,0,0,0,0,0,0,0,A-jianwu,FX_EarthSkill_Path_06,,,1500,1;2,-1, 30초 동안 이동 속도가 20% 증가합니다.,800,2,0, 빈칸,"1,400,900,300,100",CameraShakeGrade_1,1,0,1,,1000,,skill-icon-545,,,,,,,,,,,
0,0,0,,0,"35,385","22,676",666,548,0,0,0,0,0,0,0,0,attackRange,,Skill_Asakz_AttackRange,,1200,1;2,5000, 빈 공간,600,2,0, 빈칸,"1,300,800,300,0",,1,0,1,,1000,,,,,,,,,,,,,
0,0,0,,0,"446,385",22,333,549,0,0,0,0,0,0,0,0,attack,,Skill_Asakz_Attack,,1333,1;2,2000, 빈 공간,250,2,0, 빈칸,"4,300,300,9000,0",,1,0,1,,1000,675,,,,,,,,,,,,
0,0,0,,0,"674,471",22,345,550,0,1,0,0,0,1,0,0,attackRange,,Skill_Golonac_AttackRange,,1333,1;2,5000, 빈 공간,1800,2,42, 빈칸,,,1,1,1,,1000,,,,,,1,,,,,,,
0,0,0,,0,"385,446",22,333,551,0,0,0,0,0,0,0,0,attack,,Skill_Golonac_Attack,,1000,1;2,2000, 빈 공간,250,2,0, 빈칸,"4,300,300,9000,0",,1,0,1,,1000,,,,,,,,,,,,,
0,0,0,,0,"385,471","22,669",1000,552,0,0,0,1,0,0,0,0,attackRange,Skill_earthfire_2,Skil_Ghatanothoa_AttackRange,,1400,1;2,5000, 빈 공간,1300,2,0, 빈칸,"2,300,0",,1,0,1,,1000,,,,,,,,,,,,,
0,0,0,,0,"385,446",22,0,553,0,0,0,0,0,0,0,0,attack,,Skil_Ghatanothoa_Attack,,1000,1;2,2000, 빈 공간,300,2,0, 빈칸,"4,300,300,9000,0",,1,0,1,,1000,670,,,,,,,,,,,,
0,0,0,,0,,608,333,554,0,0,0,1,0,0,0,0,flash,Skillll_flash,,,1333,2,, 빈 공간,,2,0, 빈칸,,,1,0,2,,1000,,,,,,,,,,,,,
0,0,0,,0,,22,,555,0,0,0,1,0,0,0,0,A-1baoqi,,,,,1;2,, 빈 공간,,2,0, 빈칸,,,1,0,2,,1000,678,,,,,,,,,,,,
0,0,0,,0,,22,,557,0,0,0,1,0,0,0,0,A-1baoqi,,,,,1;2,, 빈 공간,,2,0, 빈칸,,,1,0,2,,1000,679,,,,,,,,,,,,
0,0,0,,0,227,467,1666,558,0,1,0,1,0,0,0,0,devout,Skill_rain,Skill_VerdantFlame_AttackRange,,2000,1;2,10000, 빈 공간,,2,0, 빈칸,"4,300,700,36000,0",,1,0,1,,1000,680,skill-icon-558,,,,,,,,,,,
0,0,0,,0,681,467,1400,559,0,0,0,0,0,0,0,0,halfMoonSlash,Skill_halfMoonSlash,,,1666,1;2,, 빈 공간,,2,0, 빈칸,"4,300,1000,21000,0",,1,0,1,,1000,,,,,,,,,,,,,
0,0,0,,0,385,216,450,560,0,0,0,0,0,0,0,0,attack,,Skill_WanderingBlade_Attack_PART_1,,600,1,4000,빈 공간,200,2,0,빈 공간,"2,100,0",,1,0,1,,1000,,,,,,,,,,,,,
0,0,0,,0,,,0,562,0,0,0,0,1,0,0,0,pray,,,,2000,2,0,,0,2,0,,"2,100,0",,1,0,2,,1000,,,,,,,,,,,,,
0,0,0,,0,,,340,563,0,1,0,0,0,0,0,0,attack,,Skill_VerdantFlame_Attack,,1300,1;2,4000,,500,2,0,,"4,300,100,4500,0",,1,0,1,,1000,684,,,,,,,600,,,,,
0,0,0,,0,,,,564,0,0,0,0,0,0,0,0,A-1baoqi,,,,,,10000,,,2,0,,,,1,0,,,1000,,,,,,,,,,,,,
0,0,0,,0,,,,565,0,0,0,0,0,0,0,0,A-1baoqi,,,,,,10000,,,2,0,,,,1,0,,,1000,,,,,,,,,,,,,
0,0,0,,0,643,464,0,566,0,0,0,0,0,0,0,0,hit,Skill_Detonate,,,666,1;2,8000,,,2,0,,"2,400,0",,1,0,2,,1000,685,skill-icon-566,,,,,,,,,,,
