IsBeHitBreakable-bool,IsIndependentLogic-bool,accuBreakable-bool,accuTime-int,attackCanMove-bool,effectEnemy-int[],effectForward-int[],forwardReleaseTime-int,id-int,isAutoUse-bool,isCheckHit-bool,isHoldSkill-bool,isReleastActLoop-bool,isRemote-bool,playProgress-bool,rangeTips-bool,releaseAct-string,releaseEff-string,releaseSound-string[],releaseSpd-int,releaseTime-int,skillCD-int,skillDesc-string,skillDistance-int,skillFlag-int[],skillName-string,skillRange-int[],skillShake-string[],targetFlag-int[],targetLock-bool,targetType-int[],homeAction-int[],homeAttRate-int,effectSelf-int[],skillIcon-string,hitEff-string,animRotate-int,skillAlertEffect-string,skillFlyerId-int,skillFlyerNum-int,accuEff-int,effectInit-int[],composeSkill-int[],costPropType-int[],maxAccuTime-int,accuTab-string
0,0,0,0,0,"1,239",214,150,14,0,1,0,0,0,0,1,skill_attack1,Skill_punch_attack1,Punch,14,550,-1,Serangan Tanpa Senjata - Gerakan 1. ,350,2,Serangan tanpa senjata,"4,300,150,16000",CameraShakeGrade_1,1,0,1,,,,,,,,,,,,,,,
0,0,0,0,0,"15,239",214,150,15,0,1,0,0,0,0,1,skill_attack2,Skill_punch_attack2,Punch,14,550,-1,Serangan Tanpa Senjata - Gerakan 2. ,350,2,Serangan tanpa senjata,"4,300,150,16000",CameraShakeGrade_1,1,0,1,,,,,,,,,,,,,,,
0,0,0,0,0,"21,227,386",214,150,16,0,1,0,0,0,0,1,skill_attack3,Skill_punch_attack3,Punch2,14,550,-1,Serangan Tanpa Senjata - Gerakan 3. ,350,2,Serangan tanpa senjata,"4,300,150,16000",CameraShakeGrade_2,1,0,1,,,,,,,,,,,,,,,
0,0,0,0,0,"239,385",31,150,17,0,1,0,0,0,0,1,skill_sword_attack1,skill_sword_attack1,knife01,14,620,-1,Serangan Pedang - Gerakan 1. ,400,2,serangan pedang,"4,300,300,27000",CameraShakeGrade_1,1,0,1,5,333,,,,,,,,,,,,,
0,0,0,0,0,"15,239",31,150,18,0,1,0,0,0,0,1,skill_sword_attack2,skill_sword_attack2,knife02,14,620,-1,Serangan Pedang - Gerakan 2. ,400,2,serangan pedang,"4,300,300,27000",CameraShakeGrade_1,1,0,1,5,333,,,,,,,,,,,,,
0,0,0,0,0,"21,227,386",31,150,19,0,1,0,0,0,0,1,skill_sword_attack3,skill_sword_attack3,knife03,14,670,-1,Serangan Pedang - Gerakan 3. ,400,2,serangan pedang,"4,300,300,27000",CameraShakeGrade_2,1,0,1,5,333,,,,,,,,,,,,,
0,0,0,0,0,,18,0,20,0,1,0,0,0,0,0,jump_roll,,playerroll,,400,2000,Berguling dengan cepat untuk menghindari serangan atau bergerak dengan cepat. ,,2,Lahan pertanian kelompok Lv 3,"1,100,500,100",,1,0,1,,,19,skill-icon-20,,,,,,,,,,,
0,0,0,0,0,15,,300,21,0,1,0,0,0,0,0,normal_chudi,,ranged_RPG_attack2_audio,37,500,-1,Menggunakan cangkul tunggal untuk serangan normal pada musuh yang ditargetkan. ,,2,Penyiraman individu,,,1,0,1,1,1000,,,skill_rock_hurt,,,,,,,,,,
0,0,0,0,0,419,,0,22,0,1,1,1,0,0,0,ranged_RPG_attack5,Skill_watering,ranged_RPG_attack5_audio,,0,-1,Menyiram tanaman individu dengan jumlah air yang normal. ,,2,Penyiraman kelompok Lv 1,,,1,0,1,3,1000,,,,,,,,,,,,,
0,0,0,0,0,,,280,23,0,1,0,0,0,0,0,A-bozhong-NEW,Skill_seeding,A-bozhong-NEW_audio,,400,-1,Menyemai satu biji dengan presisi dan efisiensi. ,,2,Penyiraman kelompok Lv 2,,,1,0,1,2,,,,skill_tree_hurt,,,,,,,,,,
0,0,0,0,0,,,280,24,0,1,0,0,0,0,0,ranged_RPG_reload,Skill_fertilize,playerroll,,400,-1,Mengaplikasikan dosis pupuk tunggal untuk meningkatkan pertumbuhan tanaman. ,,2,penyemaian tunggal,,,1,0,1,4,,,,skill_tree_hurt,,,,,,,,,,
0,0,0,0,0,"15,17,416",,350,25,0,1,0,0,0,0,0,normal_gaozi,Skill_mine,ranged_RPG_attack4_audio,30,500,-1,Menggunakan cangkul tunggal dalam serangan normal terhadap musuh. ,,2,Kapak Tunggal,"4,300,150,27000",CameraShakeGrade_1,1,0,1,"7,8",1000,,,skill_rock_hurt,,,,,,,,,,
0,0,0,0,0,"15,17,417",,350,26,0,1,0,0,0,0,0,normal_futou,Skill_chop,ranged_RPG_attack3_audio,23,500,-1,Menebang dengan satu serangan kapak sebagai serangan normal. ,,2,umpan tunggal,"4,300,150,27000",CameraShakeGrade_1,1,0,1,6,1000,,,skill_tree_hurt,,,,,,,,,,
0,0,1,0,0,"227,1","188,226",730,31,1,1,0,0,0,0,1,attack,,Dog_Attack,,1430,0,Terlibat dalam pertarungan anjing yang sengit untuk melindungi wilayah Anda. ,300,2,Tuan Labu Melee,"4,300,200,12000",,1,0,1,,,,,,,,,,,,,,,
0,0,1,0,0,15,"216,189",700,32,1,1,0,0,0,0,1,attack,,SKill_Pumpkin_attkar_rush,,1333,0,Melawan Pumpkin Fiend dengan pertempuran jarak dekat. ,400,2,Jarak Dekat Prajurit Buah Naga,"4,300,200,12000",,1,0,1,,,,,,,,,,,,,,,
0,0,1,0,0,15,"190,215",1100,33,1,1,0,0,0,0,1,attack,,Catus_Attack,,1660,0,Melawan Cactus Warrior dalam konfrontasi melee yang sengit. ,450,2,Treant Jarak Dekat,"4,300,300,9000",,1,0,1,,,,,,,,,,,,,,,
0,0,1,0,0,15,,1000,34,1,1,0,0,0,0,1,attack,,Dryad_Attack,,1860,1000,Bertarung melawan Mighty Dryad dengan serangan melee yang kuat. ,,2,Raja Serigala Jarak Dekat,"2,300",,1,0,1,,,,,,,,,,,,,,,
0,0,0,0,0,"15,29",28,1000,35,1,1,0,0,0,0,1,attack,,Dryad_Attack,,1860,5000,Tunjukkan ketidak takutan saat menghadapi Wolf King yang berbahaya dari dekat. ,,2,Serangan Raja Serigala,"2,500",CameraShakeGrade_2,1,0,1,,,,,,,,,,,,,,,
0,0,0,0,0,"15,29",28,300,36,1,1,0,0,0,0,1,attack,,Dryad_Attack,,1860,10000,Melakukan serangan charge yang kuat sebagai Wolf King. ,,2,Raja Serigala menghantam tanah,"1,500,100,1",CameraShakeGrade_3,1,0,1,,,,,,,,,,,,,,,
0,0,0,0,0,"15,29",28,1000,37,1,1,0,0,0,0,1,attack,,Dryad_Attack,,1860,20000,"Memukul tanah, mematikan musuh terdekat dengan kekuatan serigala yang murni. ",,2,raja serigala mengaum,"2,500",CameraShakeGrade_3,1,0,1,,,,,,,,,,,,,,,
0,0,0,0,0,"15,29",28,0,38,1,1,0,0,0,0,1,attack,,Dryad_Attack,,1860,30000,Melepaskan raungan menakutkan untuk menanamkan ketakutan pada musuh-musuh Anda. ,,2,Raja Serigala Yinyue,"2,900",CameraShakeGrade_3,1,0,1,,,,,,,,,,,,,,,
0,0,0,0,0,29,28,1860,39,1,1,0,0,0,0,1,attack,,Dryad_Attack,,1860,60000,Menampilkan Shadow Dance Wolf King untuk menghindari lawan. ,1000,2,Tuan Labu Jarak Jauh,,CameraShakeGrade_3,1,0,1,,,,,,,,,,,,,,,
0,0,1,0,0,15,,400,40,0,1,0,0,1,0,1,attack_far,,Skill_Pumpkin_atkar_Basic,,767,2000,Menggunakan serangan jarak jauh Pumpkin Man untuk menjaga jarak dari musuh. ,2000,2,Keterampilan Tes Kumpulan Keterampilan,"2,200",,1,1,1,,,,,,0,top_down_bomb_1,[2],1,,,,,,
0,0,0,0,0,21,,1500,41,1,1,1,0,0,0,0,attack,,monsterattack,,2000,5000,Menguji dan menganalisis keterampilan jangkauan karakter Anda. ,500,,tes keterampilan pasif,"2,900",,1,0,1,,,,,,,,,,,,,,,
0,0,0,0,0,,,0,42,0,1,0,0,0,0,0,,,,,100,-1,"Mengevaluasi efisiensi keterampilan pasif, menggunakan strategi superior. ",,1,tes keterampilan pasif,,,1,0,1,,,,,,,,,,0,32,,,,
0,0,0,0,0,,,0,43,0,1,0,0,0,0,0,,,,,100,-1,Mengevaluasi potensi penumpukan buff karakter yang berbeda. ,,1,Tes lapisan buff,,,1,0,1,,,,,,,,,,0,33,,,,
0,0,0,0,0,,,0,44,0,1,0,0,0,0,0,,,,,100,-1,Membangun ketahanan terhadap pusing dan menghindari jebakan pertempuran potensial. ,,2,tes vertigo,,,1,0,1,,,34,,,,,,,0,,,,,
0,0,0,0,0,23,,0,45,0,1,0,0,0,0,0,attack,,,,0,1000,Memeriksa dan mengoptimalkan keterampilan terkait darah dalam gudang senjata Anda. ,1,2,Tes Keterampilan Pendarahan,,,1,0,1,,,,,,,,,,,,,,,
0,0,0,0,0,36,,150,46,0,1,0,0,0,0,0,skill_sword_attack1,skill_sword_attack1,knife01,14,670,-1,Meningkatkan kemampuan berlari Anda dengan evaluasi keterampilan yang disempurnakan. ,45,2,Tes Keterampilan Sprint,"4,300,300,27000",,1,0,1,,,,,,,,,,,,,,,
0,0,0,0,0,,"41,42",0,47,0,1,0,0,0,0,0,A-skill-chongci,,playerroll,,400,-1,Berlatih dan meningkatkan kemampuan berlari Anda selama bermain. ,,2,Serangan Tak Bersenjata Memicu Serangan Pedang Secara Pasif,"1,100,500,100",,1,0,1,,,,,,,,,,,,,,,
0,0,0,0,0,,,0,48,0,1,0,0,0,0,0,,,,,0,-1,Melakukan serangan tangan kosong yang juga dapat mengaktifkan keterampilan pasif terkait pedang. ,,1,Tes keterampilan individu berkelanjutan,,,1,0,1,,,,,,,,,,,43,,,,
0,0,0,0,0,,,180,49,0,1,0,0,0,0,0,skill_attack1,,Punch,,670,-1,Mengembangkan dan menyempurnakan serangkaian kemampuan individu dalam set keterampilan karakter Anda. ,,2,Pengujian Keterampilan Kelompok Berkelanjutan,"2,500",,1,0,1,,,44,,,,,,,,,,,,
0,0,0,0,0,,,180,50,0,1,0,0,0,0,0,skill_attack1,,Punch,,670,-1,Mengasah kemampuan kerja sama dan kolaborasi Anda dengan menguji serangkaian keterampilan terkait kelompok. ,,2,Batang Pertempuran Lv 1,"2,500",,1,0,1,,,45,,,,,,,,,,,,
0,0,0,,0,,,,51,0,1,0,0,0,0,0,,,,,,-1,Mencapai penguasaan dalam pertempuran dan memperluas kemampuan pertempuran Anda pada berbagai tingkat keahlian. ,,1,Batang Pertempuran Lv 2,,,1,0,1,,,,skill-icon-51,,,,,,,46,,,,
0,0,0,,0,,,,52,0,1,0,0,0,0,0,,,,,,-1,Mencapai penguasaan dalam pertempuran dan memperluas kemampuan pertempuran Anda pada berbagai tingkat keahlian. ,,1,Batang Pertempuran Lv 3,,,1,0,1,,,,skill-icon-52,,,,,,,47,,,,
0,0,0,,0,,,,53,0,1,0,0,0,0,0,,,,,,-1,Mencapai penguasaan dalam pertempuran dan memperluas kemampuan pertempuran Anda pada berbagai tingkat keahlian. ,,1,Batang Pertempuran Lv 4,,,1,0,1,,,,skill-icon-53,,,,,,,48,,,,
0,0,0,,0,,,,54,0,1,0,0,0,0,0,,,,,,-1,Mencapai penguasaan dalam pertempuran dan memperluas kemampuan pertempuran Anda pada berbagai tingkat keahlian. ,,1,Batang Pertempuran Lv 5,,,1,0,1,,,,skill-icon-54,,,,,,,49,,,,
0,0,0,,0,,,,55,0,1,0,0,0,0,0,,,,,,-1,Mencapai penguasaan dalam pertempuran dan memperluas kemampuan pertempuran Anda pada berbagai tingkat keahlian. ,,1,Batang Pertempuran Lv 6,,,1,0,1,,,,skill-icon-55,,,,,,,50,,,,
0,0,0,,0,,,,56,0,1,0,0,0,0,0,,,,,,-1,Mencapai penguasaan dalam pertempuran dan memperluas kemampuan pertempuran Anda pada berbagai tingkat keahlian. ,,1,Batang Pertempuran Lv 7,,,1,0,1,,,,skill-icon-56,,,,,,,51,,,,
0,0,0,,0,,,,57,0,1,0,0,0,0,0,,,,,,-1,Mencapai penguasaan dalam pertempuran dan memperluas kemampuan pertempuran Anda pada berbagai tingkat keahlian. ,,1,Batang Pertempuran Lv 8,,,1,0,1,,,,skill-icon-57,,,,,,,52,,,,
0,0,0,,0,,,,58,0,1,0,0,0,0,0,,,,,,-1,Mencapai penguasaan dalam pertempuran dan memperluas kemampuan pertempuran Anda pada berbagai tingkat keahlian. ,,1,Batang Pertempuran Lv 9,,,1,0,1,,,,skill-icon-58,,,,,,,53,,,,
0,0,0,,0,,,,59,0,1,0,0,0,0,0,,,,,,-1,Mencapai penguasaan dalam pertempuran dan memperluas kemampuan pertempuran Anda pada berbagai tingkat keahlian. ,,1,Kritik Tempur Lv 1,,,1,0,1,,,,skill-icon-59,,,,,,,54,,,,
0,0,0,,0,,,,60,0,1,0,0,0,0,0,,,,,,-1,Meningkatkan output kerusakan Anda dengan serangan kritis level 1 selama pertempuran. ,,1,Kritik Tempur Lv 2,,,1,0,1,,,,skill-icon-60,,,,,,,55,,,,
0,0,0,,0,,,,61,0,1,0,0,0,0,0,,,,,,-1,Menggunakan serangan kritis level 2 yang lebih kuat. ,,1,Kritik Tempur Lv 3,,,1,0,1,,,,skill-icon-61,,,,,,,56,,,,
0,0,0,,0,,,,62,0,1,0,0,0,0,0,,,,,,-1,Menguasai seni menyerang dengan serangan kritis level 3 yang mematikan. ,,1,menginjak-injak,,,1,0,1,,,,skill-icon-62,,,,,,,57,,,,
0,0,0,0,0,"58,238",22,350,63,0,1,0,0,0,0,0,A-skill-zhanzhengjianta,Skill_warTrampling,Skill_trampling,,665,5000," Memusingkan musuh dalam jangkauan tertentu.
",0,2,Menginjak-injak,"2,200",WarTrampling,1,0,1,,,,skill-icon-63,,,,,,,,,,,
0,0,0,0,0,"495,238,386,227","467,483,502",350,64,0,1,0,0,0,0,0,A-skill-zhanzhengjianta,Skill_warTrampling_3,Skill_trampling,,665,8000," Memusingkan musuh dalam jangkauan tertentu, tidak dapat mengenai saat melepaskan keterampilan.
",0,2,Menginjak Perang,"2,300",WarTrampling,1,0,1,,,,skill-icon-64,,,,,,,,,,,
0,0,0,0,0,"457,445,388",22,550,65,0,1,0,0,0,0,0,A-chuisanlianji-2-NEW,Skill_Sweeping,Skill_Swepping,,1000,5000," Kalahkan sejumlah besar musuh di depan Anda dan sebabkan pusing sementara.
",0,2,Menyapu,"4,300,300,27000",WarTrampling,1,0,1,,,,skill-icon-65,,,,,,,,,,,
0,0,0,,0,,,,66,0,1,0,0,0,0,0,,,,,,-1,"Peluang 1% untuk dua kali lipat panen, tingkatkan peralatan hingga level 1. ",,1,Lv 2 Pertanian dan Peternakan,,,1,0,1,,,,skill-icon-66,,,,,,,"240,242,245,249",,,,
0,0,0,,0,,,,67,0,1,0,0,0,0,0,,,,,,-1,"Peluang 2% untuk dua kali lipat panen, tingkatkan peralatan hingga level 2. ",,1,Lv 3 Pertanian dan Peternakan,,,1,0,1,,,,skill-icon-67,,,,,,,"243,242,246,249",,,,
0,0,0,,0,,,,68,0,1,0,0,0,0,0,,,,,,-1,"Peluang 3% untuk dua kali lipat panen, panen level 2, dan peralatan level 3. ",,1,Lv 4 Pertanian dan Peternakan,,,1,0,1,,,,skill-icon-68,,,,,,,"244,242,247,249",,,,
0,0,0,,0,,,,69,0,1,0,0,0,0,0,,,,,,-1,"Peluang 4% untuk dua kali lipat panen, tingkatkan peralatan hingga level 4. ",,1,Lv 5 Pertanian dan Peternakan,,,1,0,1,,,,skill-icon-69,,,,,,,"250,242,253,249",,,,
0,0,0,,0,,,,70,0,1,0,0,0,0,0,,,,,,-1,"Peluang 5% untuk dua kali lipat panen, tingkatkan peralatan hingga level 5. ",,1,Lv 6 Pertanian dan Peternakan,,,1,0,1,,,,skill-icon-70,,,,,,,"251,242,254,249",,,,
0,0,0,,0,,,,71,0,1,0,0,0,0,0,,,,,,-1,"Peluang 6% untuk dua kali lipat panen, panen level 3, peralatan level 6. ",,1,Lv 7 Pertanian dan Peternakan,,,1,0,1,,,,skill-icon-71,,,,,,,"252,242,255,249",,,,
0,0,0,,0,,,,72,0,1,0,0,0,0,0,,,,,,-1,"Peluang 7% untuk dua kali lipat panen, tingkatkan peralatan hingga level 7. ",,1,Lv 8 Pertanian dan Peternakan,,,1,0,1,,,,skill-icon-72,,,,,,,"242,249,271,274",,,,
0,0,0,,0,,,,73,0,1,0,0,0,0,0,,,,,,-1,"Peluang 8% untuk dua kali lipat panen, tingkatkan peralatan hingga level 8. ",,1,Lv 9 Pertanian dan Peternakan,,,1,0,1,,,,skill-icon-73,,,,,,,"242,249,272,275",,,,
0,0,0,,0,,,,74,0,1,0,0,0,0,0,,,,,,-1,"Peluang 9% untuk dua kali lipat panen, panen level 4, peralatan level 9. ",,1,Lv 1 Penguasaan Cangkul,,,1,0,1,,,,skill-icon-74,,,,,,,"242,249,273,276",,,,
0,0,0,,0,,,,75,0,1,0,0,0,0,0,,,,,,-1,Kecepatan cangkul meningkat 10%. ,,1,Lv 2 Penguasaan Cangkul,,,1,0,1,,,,skill-icon-75,,,,,,,72,,,,
0,0,0,,0,,,,76,0,1,0,0,0,0,0,,,,,,-1,Kecepatan cangkul meningkat 20%. ,,1,Lv 3 Penguasaan Cangkul,,,1,0,1,,,,skill-icon-76,,,,,,,73,,,,
0,0,0,,0,,,,77,0,1,0,0,0,0,0,,,,,,-1,Kecepatan cangkul meningkat 30%. ,,1,Lv 1 Kemahiran Menyiram,,,1,0,1,,,,skill-icon-77,,,,,,,74,,,,
0,0,0,,0,,,,78,0,1,0,0,0,0,0,,Skill_watering,ranged_RPG_attack5_audio,,,-1,Kelembaban tanaman +5% dengan penyiraman Anda. ,,1,Lv 2 Kemahiran Menyiram,,,1,0,1,,,,skill-icon-78,,,,,,,75,,,,
0,0,0,,0,,,,79,0,1,0,0,0,0,0,,Skill_watering,ranged_RPG_attack5_audio,,,-1,Penyiraman oleh Anda meningkatkan kelembaban tanaman sebesar 10%. ,,1,Lv 3 Kemahiran Menyiram,,,1,0,1,,,,skill-icon-79,,,,,,,76,,,,
0,0,0,,0,,,,80,0,1,0,0,0,0,0,,Skill_watering,ranged_RPG_attack5_audio,,,-1,Penyiraman oleh Anda meningkatkan kelembaban tanaman sebesar 15%. ,,1,Batang koleksi Lv 1,,,1,0,1,,,,skill-icon-80,,,,,,,77,,,,
0,0,0,,0,,,,81,0,1,0,0,0,0,0,,,,,,-1,"Peluang sumber daya ganda +1%, tingkatkan peralatan hingga level 1. ",,1,Batang Koleksi Lv 2,,,1,0,1,,,,skill-icon-81,,,,,,,"265,266,267,268,269,270",,,,
0,0,0,,0,,,,82,0,1,0,0,0,0,0,,,,,,-1,"Peluang sumber daya ganda +1%, tingkatkan peralatan hingga level 2. ",,1,Bagasi koleksi Lv 3,,,1,0,1,,,,skill-icon-82,,,,,,,"265,266,267,268,269,270",,,,
0,0,0,,0,,,,83,0,1,0,0,0,0,0,,,,,,-1,"Peluang sumber daya ganda +1%, lebih efisien pada level 2, tingkatkan hingga level 3. ",,1,Bagasi koleksi Lv 4,,,1,0,1,,,,skill-icon-83,,,,,,,"265,266,267,268,269,270",,,,
0,0,0,,0,,,,84,0,1,0,0,0,0,0,,,,,,-1,"Peluang sumber daya ganda +1%, tingkatkan peralatan hingga level 4. ",,1,Lv 5 Mengumpulkan Batang,,,1,0,1,,,,skill-icon-84,,,,,,,"265,266,267,268,269,270",,,,
0,0,0,,0,,,,85,0,1,0,0,0,0,0,,,,,,-1,"Peluang sumber daya ganda +1%, tingkatkan peralatan hingga level 5. ",,1,Lv 6 Mengumpulkan Batang,,,1,0,1,,,,skill-icon-85,,,,,,,"265,266,267,268,269,270",,,,
0,0,0,,0,,,,86,0,1,0,0,0,0,0,,,,,,-1,"Peluang sumber daya ganda +1%, lebih efisien pada level 3, tingkatkan hingga level 6. ",,1,Batang Koleksi Lv 7,,,1,0,1,,,,skill-icon-86,,,,,,,"265,266,267,268,269,270",,,,
0,0,0,,0,,,,87,0,1,0,0,0,0,0,,,,,,-1,"Peluang sumber daya ganda +1%, tingkatkan peralatan hingga level 7. ",,1,Lv 8 Mengumpulkan Batang,,,1,0,1,,,,skill-icon-87,,,,,,,"265,266,267,268,269,270",,,,
0,0,0,,0,,,,88,0,1,0,0,0,0,0,,,,,,-1,"Peluang sumber daya ganda +1%, tingkatkan peralatan hingga level 8. ",,1,Bagasi koleksi Lv 9,,,1,0,1,,,,skill-icon-88,,,,,,,"265,266,267,268,269,270",,,,
0,0,0,,0,,,,89,0,1,0,0,0,0,0,,,,,,-1,"Peluang sumber daya ganda +1%, lebih efisien pada level 4, tingkatkan hingga level 9. ",,1,Penguasaan Kapak Lv 1,,,1,0,1,,,,skill-icon-89,,,,,,,"265,266,267,268,269,270",,,,
0,0,0,,0,,,,90,0,1,0,0,0,0,0,,,,,,-1,Kecepatan ayunan kapak meningkat 10%. ,,1,Penguasaan Kapak Lv 2,,,1,0,1,,,,skill-icon-90,,,,,,,90,,,,
0,0,0,,0,,,,91,0,1,0,0,0,0,0,,,,,,-1,Kecepatan ayunan kapak meningkat 20%. ,,1,Penguasaan Kapak Lv 3,,,1,0,1,,,,skill-icon-91,,,,,,,91,,,,
0,0,0,,0,,,,92,0,1,0,0,0,0,0,,,,,,-1,Kecepatan ayunan kapak meningkat 30%. ,,1,Keterampilan Pencatatan Lv 1,,,1,0,1,,,,skill-icon-92,,,,,,,92,,,,
0,0,0,,0,,,,93,0,1,0,0,0,0,0,,,,,,-1,Meningkatkan tingkat serangan penebangan pohon sebesar 5%. ,,1,Keterampilan Pencatatan Lv 2,,,1,0,1,,,,skill-icon-93,,,,,,,93,,,,
0,0,0,,0,,,,94,0,1,0,0,0,0,0,,,,,,-1,Meningkatkan tingkat serangan penebangan pohon sebesar 10%. ,,1,Keterampilan Pencatatan Lv 3,,,1,0,1,,,,skill-icon-94,,,,,,,94,,,,
0,0,0,,0,,,,95,0,1,0,0,0,0,0,,,,,,-1,Meningkatkan tingkat serangan penebangan pohon sebesar 15%. ,,1,serangan lebah,,,1,0,1,,,,skill-icon-95,,,,,,,95,,,,
0,0,0,0,0,,,0,30,0,1,1,1,0,0,0,A-fumo-NEW,Skill_touch,A-fumo-NEW_audio,,0,-1,Menggunakan metode satu sentuhan untuk hasil yang optimal. ,,2,jarak dekat anjing kaleng,,,1,0,1,10,1000,,,skill_rock_hurt,,,,,,,,,,
0,0,0,0,0,,,330,29,0,1,1,1,0,0,0,A-jinai-NEW,Skill_milking,playerroll,,400,-1,Mengambil susu sapi dengan mahir dengan satu tekanan tangan. ,,2,membelai sendirian,,,1,0,1,12,1000,,,skill_rock_hurt,,,,,,,,,,
0,0,0,0,0,,,330,28,0,1,1,1,0,0,0,A-jianmao-NEW,Skill_cutting,A-jianmao-NEW_audio,,400,-1,Memberikan potongan rambut yang presisi dan bersih dengan satu gerakan. ,,2,pemerahan tunggal,,,1,0,1,11,1000,,,skill_tree_hurt,,,,,,,,,,
0,0,0,0,0,,,280,27,0,1,0,0,0,0,0,A-bozhong-NEW,Skill_feeding,playerroll,,400,-1,Memberi makan hewan secara individu sesuai dengan kebutuhan mereka. ,,2,Geser individu,"4,300,150,27000",,1,0,1,9,,,,,,,,,,,,,,
0,0,0,,0,1,"191,217",667,96,1,1,0,0,0,0,0,attack,,Skill_Bee_attack,,1000,0,Serangan lebah. ,450,2,keterampilan penyemaian,"4,300,200,12000",CameraShakeGrade_1,1,0,1,,,,,,,,,,,,,,,
0,0,0,0,0,,,200,97,0,1,0,0,0,0,0,A-bozhong-NEW,Skill_seeding_2,A-bozhong-NEW_audio,,660,-1,Mengembangkan keterampilan menanam untuk hasil tanam yang lebih baik. ,,2,Penyiraman kelompok Lv 3,,,1,0,1,2,,,skill-icon-97,skill_tree_hurt,,,,,,,,,,
0,0,0,0,0,,,200,98,0,1,0,0,0,0,0,A-bozhong-NEW,Skill_fertilize_2,playerroll,,660,-1,Menguasai seni pemupukan untuk tanaman yang lebih sehat. ,,2,pemupukan monomer,,,1,0,1,4,,,skill-icon-98,skill_tree_hurt,,,,,,,,,,
0,0,0,0,0,419,,300,99,0,1,1,1,0,0,0,A1-jiaoguan-NEW,Skill_watering_2,ranged_RPG_attack5_audio,,660,15000,Keterampilan penyiraman jarak jauh. ,,2,keterampilan pemupukan,"2,100",,1,0,1,3,700,,skill-icon-99,skill_rock_hurt,,,,,,,,,,
0,0,0,0,0,419,,300,100,0,1,1,1,0,0,0,A1-jiaoguan-NEW,Skill_watering_2,ranged_RPG_attack5_audio,,660,15000,Keterampilan penyiraman jarak jauh. ,,2,Lv 1 Pemanen yang Hati-hati,"2,200",,1,0,1,3,800,,skill-icon-100,skill_rock_hurt,,,,,,,,,,
0,0,0,0,0,419,,300,101,0,1,1,1,0,0,0,A1-jiaoguan-NEW,Skill_watering_2,ranged_RPG_attack5_audio,,660,15000,Keterampilan penyiraman jarak jauh. ,,2,Lv 2 Pemanen yang Hati-hati,"2,300",,1,0,1,3,900,,skill-icon-101,skill_rock_hurt,,,,,,,,,,
0,0,0,0,0,15,,300,102,0,1,0,0,0,0,0,A1-chutouzhongji-NEW,Skill_dig,ranged_RPG_attack2_audio,,660,10000,Keterampilan cangkul lurus. ,,2,Lv 3 Pemanen yang Hati-hati,"1,200,200,50",CameraShakeGrade_1,1,0,1,1,1000,,skill-icon-102,skill_rock_hurt,,,,,,,,,,
0,0,0,0,0,15,,300,103,0,1,0,0,0,0,0,A1-chutouzhongji-NEW,Skill_dig,ranged_RPG_attack2_audio,,660,10000,Keterampilan cangkul lurus. ,,2,Lv 1 Langkah Bahagia,"1,400,200,50",CameraShakeGrade_1,1,0,1,1,1000,,skill-icon-103,skill_rock_hurt,,,,,,,,,,
0,0,0,0,0,15,,300,104,0,1,0,0,0,0,0,A1-chutouzhongji-NEW,Skill_dig,ranged_RPG_attack2_audio,,660,10000,Keterampilan cangkul lurus. ,,2,Lv 2 Langkah Bahagia,"1,600,200,50",CameraShakeGrade_1,1,0,1,1,1000,,skill-icon-104,skill_rock_hurt,,,,,,,,,,
0,0,0,,0,,,,105,0,1,0,0,0,0,0,,,,,,-1,Peluang 5% untuk mendapatkan biji tanaman saat panen. ,,1,Lv 3 Langkah Bahagia,,,1,0,1,,,,skill-icon-105,,,,,,,96,,,,
0,0,0,,0,,,,106,0,1,0,0,0,0,0,,,,,,-1,Peluang 10% untuk mendapatkan biji tanaman saat panen. ,,1,Serangan monster daun,,,1,0,1,,,,skill-icon-106,,,,,,,97,,,,
0,0,0,,0,,,,107,0,1,0,0,0,0,0,,,,,,-1,Peluang 15% untuk mendapatkan biji tanaman saat panen. ,,1,Serangan kucing bijih,,,1,0,1,,,,skill-icon-107,,,,,,,98,,,,
0,0,0,,0,,,,108,0,1,0,0,0,0,0,,,,,,-1,Kecepatan gerakan 10% lebih cepat di rumah. ,,1,Cedera Pertempuran Lv 1,,,1,0,1,,,,skill-icon-108,,,,,,,99,,,,
0,0,0,,0,,,,109,0,1,0,0,0,0,0,,,,,,-1,Kecepatan gerakan 20% lebih cepat di rumah. ,,1,Cedera Pertempuran Lv 2,,,1,0,1,,,,skill-icon-109,,,,,,,100,,,,
0,0,0,,0,,,,110,0,1,0,0,0,0,0,,,,,,-1,Kecepatan gerakan 30% lebih cepat di rumah. ,,1,Cedera Pertempuran Lv 3,,,1,0,1,,,,skill-icon-110,,,,,,,101,,,,
0,0,0,,0,15,193,667,111,1,1,0,0,0,0,0,attack,,Skill_CrystalBeast_attack,,1000,0,Serangan Leafy Lurker. ,180,2,Lv 1 Langkah Cepat,"4,300,200,120004,300,150,27000",CameraShakeGrade_1,1,0,1,,,,,,,,,,,,,,,
0,0,0,,0,15,192,600,112,1,1,0,0,0,0,0,attack,,Skill_CrystalLizard_attack,,833,0,Serangan Mine Cat. ,180,2,Lv 2 Langkah Cepat,"4,300,150,270002,200",CameraShakeGrade_1,1,0,1,,,,,,,,,,,,,,,
0,0,0,,0,,,,113,0,1,0,0,0,0,0,,,,,,-1,Meningkatkan kerusakan kritis terhadap monster sebesar 10%. ,,1,Lv 3 Langkah Cepat,,,1,0,1,,,,skill-icon-113,,,,,,,102,,,,
0,0,0,,0,,,,114,0,1,0,0,0,0,0,,,,,,-1,Meningkatkan kerusakan kritis terhadap monster sebesar 20%. ,,1,Lv 1 Tarian Pedang,,,1,0,1,,,,skill-icon-114,,,,,,,103,,,,
0,0,0,,0,,,,115,0,1,0,0,0,0,0,,,,,,-1,Meningkatkan kerusakan kritis terhadap monster sebesar 30%. ,,1,Lv 2 Tarian Pedang,,,1,0,1,,,,skill-icon-115,,,,,,,104,,,,
0,0,0,,0,,,,116,0,1,0,0,0,0,0,,,,,,-1,Meningkatkan kecepatan sebesar 10%. ,,1,Lv 3 Tarian Pedang,,,1,0,1,,,,skill-icon-116,,,,,,,119,,,,
0,0,0,,0,,,,117,0,1,0,0,0,0,0,,,,,,-1,Meningkatkan kecepatan sebesar 20%. ,,1,Keterampilan Sprint Lv 1,,,1,0,1,,,,skill-icon-117,,,,,,,120,,,,
0,0,0,,0,,,,118,0,1,0,0,0,0,0,,,,,,-1,Meningkatkan kecepatan sebesar 30%. ,,1,Keterampilan Sprint Lv 2,,,1,0,1,,,,skill-icon-118,,,,,,,121,,,,
0,0,0,,0,,,,119,0,1,0,0,0,0,0,,,,,,-1,"Tidak ada kerusakan selama 20 detik, +10% kerusakan terhadap monster. ",,1,Keterampilan Sprint Lv 3,,,1,0,1,,,,skill-icon-119,,,,,,,116,,,,
0,0,0,,0,,,,120,0,1,0,0,0,0,0,,,,,,-1,"Tidak ada kerusakan selama 10 detik, peningkatan kerusakan 10% terhadap monster. ",,1,Lv 1 Langkah Hilang,,,1,0,1,,,,skill-icon-120,,,,,,,117,,,,
0,0,0,,0,,,,121,0,1,0,0,0,0,0,,,,,,-1,"Tidak ada kerusakan selama 5 detik, bonus kerusakan 10% terhadap monster. ",,1,Lv 2 Langkah Hilang,,,1,0,1,,,,skill-icon-121,,,,,,,118,,,,
0,0,0,0,0,,"108,113,464",0,122,0,1,0,0,0,0,0,A-skill-chongci,Skill_Rush_Instancer,Skill_rush,,334,5000," Serang, dorong musuh ke belakang.
",0,2,Serangan Banteng,"1,100,500,100",CameraShakeGrade_1,1,0,1,,,,skill-icon-122,,,,,,,,,,,
0,0,0,0,0,"445,109,385","464,486",0,123,0,1,0,0,0,0,0,gongjian_attack3,,playerroll,,300,7000," Tolak musuh dalam area kecil di depan Anda dan terbalik ke belakang.
",500,2,Melarikan Diri,"4,300,200,18000",CameraShakeGrade_1,1,0,1,,,,skill-icon-123,,,,,,,,,,,
0,0,0,0,0,"227,388,471","464,487",500,124,0,1,0,0,0,0,0,A1-gaozi-AOE-NEW,Skill_JumpHit,Skill_JumpHit,,567,5000," Loncat ke arah musuh terdekat dan sebabkan pusing dan kerusakan jarak di titik pendaratan.
",800,2,Pengejaran,"2,300",CameraShakeGrade_2,1,0,1,,,,skill-icon-124,,,,,,,,,,,
0,0,0,,0,,,,125,0,1,0,0,0,0,0,,,,,,-1,2% peluang untuk mendapatkan serangan kritis War Trampling level 3 saat menyerang. ,,1,Lv 3 Kemarahan Darah,,,1,0,1,,,,skill-icon-125,,,,,,,122,,,,
0,0,0,,0,,,,126,0,1,0,0,0,0,0,,,,,,-1,10% peluang untuk mendapatkan serangan kritis War Trampling level 3 saat menyerang. ,,1,Lv 1 Badai,,,1,0,1,,,,skill-icon-126,,,,,,,123,,,,
0,0,0,,0,,,,127,0,1,0,0,0,0,0,,,,,,-1,15% peluang untuk mendapatkan serangan kritis War Trampling level 3 saat menyerang. ,,1,Lv 2 Badai,,,1,0,1,,,,skill-icon-127,,,,,,,124,,,,
0,0,0,,0,,,,128,0,1,0,0,0,0,0,,,,,,-1,Serang 5 kali secara acak dalam jangkauan kecil. ,,1,Lv 3 Badai,,,1,0,1,,,,skill-icon-128,,,,,,,125,,,,
0,0,0,,0,,,,129,0,1,0,0,0,0,0,,,,,,-1,Serang 10 kali secara acak dalam jangkauan sedang. ,,1,Kejutan Tingkat 1,,,1,0,1,,,,skill-icon-129,,,,,,,126,,,,
0,0,0,,0,,,,130,0,1,0,0,0,0,0,,,,,,-1,Serang 15 kali secara acak dalam jangkauan besar. ,,1,Lv 2 Kejutan,,,1,0,1,,,,skill-icon-130,,,,,,,127,,,,
0,0,0,,0,,,,131,0,1,0,0,0,0,0,,,,,,-1,"Ayunkan kapak, ciptakan pisau udara, kerusakan pohon. ",,1,Kejutan tingkat 3,,,1,0,1,,,,skill-icon-131,,,,,,,131,,,,
0,0,0,,0,,,,132,0,1,0,0,0,0,0,,,,,,-1,"Ayunkan kapak, ciptakan pisau udara, kerusakan pohon. ",,1,Tarian Pedang Lv 1,,,1,0,1,,,,skill-icon-132,,,,,,,132,,,,
0,0,0,,0,,,,133,0,1,0,0,0,0,0,,,,,,-1,"Ayunkan kapak, ciptakan pisau udara, kerusakan pohon. ",,1,Tarian Pedang Lv 2,,,1,0,1,,,,skill-icon-133,,,,,,,133,,,,
0,0,0,,0,,,,134,0,1,0,0,0,0,0,,,,,,-1,Tingkat Pukulan Tempur + 2%,,1,"Lv 1 Tepat
",,,1,0,1,,,,skill-icon-134,,,,,,,504,,,,
0,0,0,,0,,,,135,0,1,0,0,0,0,0,,,,,,-1,Tingkat Pukulan Tempur + 4%,,1,"Lv 2 Tepat
",,,1,0,1,,,,skill-icon-135,,,,,,,505,,,,
0,0,0,,0,,,,136,0,1,0,0,0,0,0,,,,,,-1,Tingkat Pukulan Tempur + 6%,,1,"Lv 3 Tepat
",,,1,0,1,,,,skill-icon-136,,,,,,,506,,,,
0,0,0,0,0,,22,200,137,0,1,0,0,0,0,0,A-jianwu,Skill_bladeFlurry,Skill_airblade,,1200,8000," Menyerang 5 kali secara acak dalam jangkauan kecil.
",0,2,Serangan Beruntun,"2,300",CameraShakeGrade_2,1,0,1,,,"137,488",skill-icon-137,,,,,,,,,,,
0,0,0,0,0,388,,200,138,0,1,0,0,1,0,0,A-1diuzhadan,,Skill_Throw,,660,2000," Jatuhkan bom dan sebabkan kerusakan tinggi pada musuh dalam jangkauan ledakan.
",1500,2,Seni Ledakan,"2,400",,1,0,1,,,,skill-icon-138,skill_tree_hurt,,,[9],1,,,,,,
0,0,0,0,1,,"485,467",750,139,0,1,0,0,0,1,0,A-1baoqi,Skill_gainBuff_Chosen,Skill_Saiyan,,3000,20000," Setelah periode akumulasi energi singkat, lepaskan energi di dalam tubuh, sebabkan kerusakan tinggi berkelanjutan pada musuh dalam jangkauan tertentu. Selama melepaskan keterampilan, tetap dalam keadaan tidak dapat mengenai.
",0,2,Tidak Kenal Menyerah,"2,400",Saiyan,1,0,1,,,"140,488,484",skill-icon-139,,,,,,,,,,,
0,0,0,,0,,,400,140,0,1,0,0,0,0,0,A1-qirenzhan-NEW,Skill_airBlade,A1-qirenzhan-NEW,,650,20000,Meningkatkan kerusakan penambangan sebesar 10%. ,,2,Kolektor Kayu Lv 3,"4,800,200,12000",CameraShakeGrade_3,1,0,1,6,1000,,skill-icon-140,skill_tree_hurt,,,,,,,,,,
0,0,0,,0,,,400,141,0,1,0,0,0,0,0,A1-qirenzhan-NEW,Skill_airBlade,A1-qirenzhan-NEW,,650,20000,Meningkatkan kerusakan penambangan sebesar 20%. ,,2,Lv 1 Pemanen Pohon,"4,800,400,12000",CameraShakeGrade_3,1,0,1,6,1000,,skill-icon-141,skill_tree_hurt,,,,,,,,,,
0,0,0,,0,,,400,142,0,1,0,0,0,0,0,A1-qirenzhan-NEW,Skill_airBlade,A1-qirenzhan-NEW,,650,20000,Meningkatkan kerusakan penambangan sebesar 30%. ,,2,Lv 2 Pemanen Pohon,"4,800,600,12000",CameraShakeGrade_3,1,0,1,6,1000,,skill-icon-142,skill_tree_hurt,,,,,,,,,,
0,0,0,,0,,,,143,0,1,0,0,0,0,0,,,,,,-1,Kecepatan ayunan beliung meningkat 10%. ,,1,Lv 3 Pemanen Pohon,,,1,0,1,,,,skill-icon-143,,,,,,,147,,,,
0,0,0,,0,,,,144,0,1,0,0,0,0,0,,,,,,-1,Kecepatan ayunan beliung meningkat 20%. ,,1,Lv 1 Pemanen Bijih,,,1,0,1,,,,skill-icon-144,,,,,,,148,,,,
0,0,0,,0,,,,145,0,1,0,0,0,0,0,,,,,,-1,Kecepatan ayunan beliung meningkat 30%. ,,1,Lv 2 Pemanen Bijih,,,1,0,1,,,,skill-icon-145,,,,,,,149,,,,
0,0,0,,0,,,,146,0,1,0,0,0,0,0,,,,,,-1,Peluang penambangan meningkat 3%. ,,1,Lv 3 Pemanen Bijih,,,1,0,1,,,,skill-icon-146,,,,,,,150,,,,
0,0,0,,0,,,,147,0,1,0,0,0,0,0,,,,,,-1,Peluang penambangan meningkat 6%. ,,1,Penguasaan Beliung Lv 1,,,1,0,1,,,,skill-icon-147,,,,,,,151,,,,
0,0,0,,0,,,,148,0,1,0,0,0,0,0,,,,,,-1,Peluang penambangan meningkat 9%. ,,1,Penguasaan Beliung Lv 2,,,1,0,1,,,,skill-icon-148,,,,,,,152,,,,
0,0,0,,0,,,,149,0,1,0,0,0,0,0,,,,,,-1,Kecepatan ayunan beliung meningkat 10%. ,,1,Lv 3 Penguasaan Beliung,,,1,0,1,,,,skill-icon-149,,,,,,,153,,,,
0,0,0,,0,,,,150,0,1,0,0,0,0,0,,,,,,-1,Kecepatan ayunan beliung meningkat 20%. ,,1,Kolektor Bijih Lv 1,,,1,0,1,,,,skill-icon-150,,,,,,,154,,,,
0,0,0,,0,,,,151,0,1,0,0,0,0,0,,,,,,-1,Kecepatan ayunan beliung meningkat 30%. ,,1,Kolektor Bijih Lv 2,,,1,0,1,,,,skill-icon-151,,,,,,,155,,,,
0,0,0,,0,,,,152,0,1,0,0,0,0,0,,,,,,-1,Peluang penambangan meningkat 3%. ,,1,Kolektor Bijih Lv 3,,,1,0,1,,,,skill-icon-152,,,,,,,156,,,,
0,0,0,,0,,,,153,0,1,0,0,0,0,0,,,,,,-1,Peluang penambangan meningkat 6%. ,,1,Keterampilan Penambangan Lv 1,,,1,0,1,,,,skill-icon-153,,,,,,,157,,,,
0,0,0,,0,,,,154,0,1,0,0,0,0,0,,,,,,-1,Peluang penambangan meningkat 9%. ,,1,Keterampilan Penambangan Lv 2,,,1,0,1,,,,skill-icon-154,,,,,,,158,,,,
0,0,0,,0,,,,155,0,1,0,0,0,0,0,,,,,,-1,Kecepatan ayunan beliung meningkat 10%. ,,1,Lv 3 Keterampilan Penambangan,,,1,0,1,,,,skill-icon-155,,,,,,,159,,,,
0,0,0,,0,,,,156,0,1,0,0,0,0,0,,,,,,-1,Kecepatan ayunan beliung meningkat 20%. ,,1,Penambangan grup Lv 1,,,1,0,1,,,,skill-icon-156,,,,,,,160,,,,
0,0,0,,0,,,,157,0,1,0,0,0,0,0,,,,,,-1,Kecepatan ayunan beliung meningkat 30%. ,,1,Penambangan Grup Lv 2,,,1,0,1,,,,skill-icon-157,,,,,,,161,,,,
0,0,0,,0,,,,158,0,1,0,0,0,0,0,,,,,,-1,Peluang serangan kritis penambangan meningkat 5%.,,1,Penambangan Grup Lv 3,,,1,0,1,,,,skill-icon-158,,,,,,,162,,,,
0,0,0,,0,,,,159,0,1,0,0,0,0,0,,,,,,-1,Peluang kritis pertambangan +10%. ,,1,Serangan Hopper,,,1,0,1,,,,skill-icon-159,,,,,,,163,,,,
0,0,0,,0,,,,160,0,1,0,0,0,0,0,,,,,,-1,Peluang serangan kritis pertambangan +15%. ,,1,Keterampilan Menangkap (Keterampilan Total),,,1,0,1,,,,skill-icon-160,,,,,,,164,,,,
0,0,0,,0,,,400,161,0,1,0,0,0,0,0,A1-gaozi-AOE-NEW,Skill_earthquake,ranged_RPG_attack4_audio,,660,20000,"Guncangan tanah dengan cepat, melepaskan gelombang seismik, merusak bijih. ",,2,Tangkap Pelempar Tali,"4,800,200,12000",CameraShakeGrade_3,1,0,1,7,1000,,skill-icon-161,skill_rock_hurt,,,,,,,,,,
0,0,0,,0,,,400,162,0,1,0,0,0,0,0,A1-gaozi-AOE-NEW,Skill_earthquake,ranged_RPG_attack4_audio,,660,20000,"Getaran tanah, melepaskan gelombang seismik, merusak mineral. ",,2,Menangkap dan Melempar Makanan,"4,800,400,12000",CameraShakeGrade_3,1,0,1,7,1000,,skill-icon-162,skill_rock_hurt,,,,,,,,,,
0,0,0,,0,,,400,163,0,1,0,0,0,0,0,A1-gaozi-AOE-NEW,Skill_earthquake,ranged_RPG_attack4_audio,,660,20000,"Getaran tanah, melepaskan gelombang seismik, merusak bijih. ",,2,Jadilah Serangan Tangkap,"4,800,600,12000",CameraShakeGrade_3,1,0,1,7,1000,,skill-icon-163,skill_rock_hurt,,,,,,,,,,
0,0,0,,0,15,,200,164,1,1,0,0,0,0,1,hit,,,,950,0,Serangan Hopper. ,100,2,menangkap perangkap menangkap,"4,300,200,120004,300,150,27000",CameraShakeGrade_1,1,0,1,,,,,,,,,,,,,,,
1,1,1,,0,176,,2000,166,0,0,0,1,0,0,0,A-jinai-NEW,,A-CaptureTrap,,2000,3000,Keterampilan penangkapan. ,,2,peran jarak jauh,"2,300",,1,0,1,,1000,,skill-icon-166,skill_rock_hurt,,,,,,,"167,168,226","3,4",,
0,0,0,,0,176,,0,167,0,1,0,0,1,1,0,A3-buzhuo,,A3-buzhuo,,300,300,Menangkap monster dengan grappling hook. ,,2,Lv 1 Luka Laserasi,"2,100",,1,0,1,,,,skill-icon-167,,,,[3],1,,,,,5,
0,0,0,,0,"177,17",,0,168,0,0,0,0,1,1,0,A3-buzhuo,,A3-buzhuo,,300,300,Menangkap dan memberi makan dengan tali. ,,2,Lv 2 Luka Robek,,,2,1,1,,,,skill-icon-168,,,,[4],1,,,,"3,4",10,
0,0,0,,0,"177,17",,730,169,0,0,0,0,0,0,0,attack,,A-CaptureTrap,,1030,2000,Keterampilan umum serangan balik monster. ,100,2,Lv 3 Luka Robek,"4,300,200,12000",,1,0,1,,,,,,,,,,,,,,,
0,0,0,,0,15,,1000,171,0,1,0,0,1,0,0,A-gongjian-NEW,,monsterattack,,2000,-1,Karakter jarak jauh. ,1500,2,Peningkatan kerusakan Lv 1,,,1,1,1,,,,,,0,top_down_bomb,[5],1,,,,,,
0,0,0,,0,,,,172,0,0,0,0,0,0,0,,,,,,-1,"Senjata menyebabkan luka, 1% kerusakan serangan setiap 0,5 detik selama 5 detik, dapat ditumpuk 5 kali. ",,1,Peningkatan kerusakan Lv 2,,,1,0,1,,,,skill-icon-172,,,,,,,184,,,,
0,0,0,,0,,,,173,0,0,0,0,0,0,0,,,,,,-1,"Senjata menyebabkan luka, 2% kerusakan serangan setiap 0,5 detik selama 5 detik, dapat ditumpuk 5 kali. ",,1,Peningkatan kerusakan Lv 3,,,1,0,1,,,,skill-icon-173,,,,,,,185,,,,
0,0,0,,0,,,,174,0,0,0,0,0,0,0,,,,,,-1,"Senjata menyebabkan luka, 3% kerusakan setiap 0,5 detik selama 5 detik, dapat ditumpuk hingga 5 kali. ",,1,Ramuan Serangan Lebih Rendah,,,1,0,1,,,,skill-icon-174,,,,,,,186,,,,
0,0,0,,0,,,,175,0,0,0,0,0,0,0,,,,,,-1,"Mengenai kelemahan target, meningkatkan kerusakan sebesar 1%, berlangsung 5 detik, dapat ditumpuk 5 kali. ",,1,Tubuh pengganggu anjing kalengan,,,1,0,1,,,,skill-icon-175,,,,,,,181,,,,
0,0,0,,0,,,,176,0,0,0,0,0,0,0,,,,,,-1,"Mengenai kelemahan target, meningkatkan kerusakan sebesar 2%, berlangsung 5 detik, dapat ditumpuk 5 kali. ",,1,Tuan Labu,,,1,0,1,,,,skill-icon-176,,,,,,,182,,,,
0,0,0,,0,,,,177,0,0,0,0,0,0,0,,,,,,-1,"Mengenai kelemahan target, meningkatkan kerusakan sebesar 3%, berlangsung 5 detik, dapat ditumpuk 5 kali. ",,1,tubuh tuan prajurit buah naga,,,1,0,1,,,,skill-icon-177,,,,,,,183,,,,
0,0,0,,0,,,,178,0,0,0,0,0,0,0,,,,,,0,"Meningkatkan kekuatan serangan sebesar 20 poin, berlangsung 60 detik. ",,2,Teman Buzz,,,1,0,1,,,187,,,,,,,,,,,,
0,0,1,0,0,15,188,350,179,1,1,0,0,0,0,1,skill_attack,,Dog_Attack,,770,0,Metal Mutt hyper armor. ,80,2,Serangan monster daun,"4,200,100,12000",,1,0,1,,,,,,,,,,,,,,,
0,0,1,0,0,15,189,800,180,1,1,0,0,0,0,1,attackArea,Skill_Pumpkin_atkar,Skill_Pumpkin_atkar,,1400,0,Pumpkin Fiend hyper armor. ,180,2,Serangan kucing bijih,"2,200",,1,0,1,,,,,,,,,,,,,,,
0,0,1,0,0,"15,238",190,1000,181,1,1,0,0,0,0,1,attackArea,Skill_Cactus_atkar,Catus_Attack,,1500,0,Dragon fruit soldier melee. ,150,2,Ramuan Serangan Kritis yang Lebih Rendah,"2,200",,1,0,1,,,,,,,,,,,,,,,
0,0,0,,0,15,"191,217",667,182,1,1,0,0,0,0,0,attack,,Skill_Bee_attack,,1000,0,Bee Super Armor. ,450,2,Ramuan Kesehatan yang Lebih Rendah,"4,300,200,12000",CameraShakeGrade_1,1,0,1,,,,,,,,,,,,,,,
0,0,0,,0,"227,386",193,667,183,1,1,0,0,0,0,0,attack,,,,1000,0,Serangan Leafy Lurker. ,180,2,Ramuan Pertahanan Lebih Rendah,"4,300,200,120004,300,150,27000",CameraShakeGrade_1,1,0,1,,,,,,,,,,,,,,,
0,0,0,,0,"227,386",192,600,184,1,1,0,0,0,0,0,attack,,Skill_CrystalLizard_attack,,833,0,Serangan Mine Cat. ,180,2,ramuan serangan,"4,300,150,270002,200",CameraShakeGrade_1,1,0,1,,,,,,,,,,,,,,,
0,0,0,,0,,,,185,0,0,0,0,0,0,0,,,,,,0,"Meningkatkan kecepatan bergerak sebesar 80 poin, berlangsung 60 detik. ",,2,Ramuan Kecepatan,,,1,0,1,,1000,194,,,,,,,,,,,,
0,0,0,,0,,,,186,0,0,0,0,0,0,0,,,,,,0,"Meningkatkan tingkat kritis sebesar 3%, berlangsung 60 detik. ",,2,Ramuan Serangan Kritis,,,1,0,1,,1000,195,,,,,,,,,,,,
0,0,0,,0,,,,187,0,0,0,0,0,0,0,,,,,,0,"Meningkatkan batas HP sebesar 80 poin, berlangsung 60 detik. ",,2,ramuan kehidupan,,,1,0,1,,1000,"196,211",,,,,,,,,,,,
0,0,0,,0,,,,188,0,0,0,0,0,0,0,,,,,,0,"Meningkatkan pertahanan sebesar 5 poin, berlangsung 60 detik. ",,2,ramuan pertahanan,,,1,0,1,,1000,197,,,,,,,,,,,,
0,0,0,,0,,,,189,0,0,0,0,0,0,0,,,,,,0,"Meningkatkan kekuatan serangan sebesar 30 poin, berlangsung 60 detik. ",,2,Ramuan Serangan Kristal,,,1,0,1,,1000,198,,,,,,,,,,,,
0,0,0,,0,,,,190,0,0,0,0,0,0,0,,,,,,0,"Meningkatkan kecepatan bergerak sebesar 120 poin, berlangsung 60 detik. ",,2,Ramuan Kecepatan Kristal,,,1,0,1,,1000,199,,,,,,,,,,,,
0,0,0,,0,,,,191,0,0,0,0,0,0,0,,,,,,0,"Meningkatkan tingkat kritis sebesar 6%, berlangsung 60 detik. ",,2,Ramuan Serangan Kritis Kristal,,,1,0,1,,1000,200,,,,,,,,,,,,
0,0,0,,0,,,,192,0,0,0,0,0,0,0,,,,,,0,"Meningkatkan batas HP sebesar 120 poin, berlangsung 60 detik. ",,2,Ramuan Kesehatan Kristal,,,1,0,1,,1000,"201,212",,,,,,,,,,,,
0,0,0,,0,,,,193,0,0,0,0,0,0,0,,,,,,0,"Meningkatkan pertahanan sebesar 10 poin, berlangsung 60 detik. ",,2,Ramuan Pertahanan Kristal,,,1,0,1,,1000,202,,,,,,,,,,,,
0,0,0,,0,,,,194,0,0,0,0,0,0,0,,,,,,0,"Meningkatkan kekuatan serangan sebesar 40 poin, berlangsung 60 detik. ",,2,Ramuan Penyembuhan Lebih Rendah,,,1,0,1,,1000,203,,,,,,,,,,,,
0,0,0,,0,,,,195,0,0,0,0,0,0,0,,,,,,0,"Meningkatkan kecepatan bergerak sebesar 160 poin, berlangsung 60 detik. ",,2,Ramuan Penyembuhan,,,1,0,1,,1000,204,,,,,,,,,,,,
0,0,0,,0,,,,196,0,0,0,0,0,0,0,,,,,,0,Meningkatkan tingkat serangan kritis sebesar 9% selama 60 detik. ,,2,Ramuan Penyembuhan Kristal,,,1,0,1,,1000,205,,,,,,,,,,,,
0,0,0,,0,,,,197,0,0,0,0,0,0,0,,,,,,0,Meningkatkan HP sebesar 160 poin selama 60 detik. ,,2,serangan palu,,,1,0,1,,1000,"206,213",,,,,,,,,,,,
0,0,0,,0,,,,198,0,0,0,0,0,0,0,,,,,,0,Meningkatkan pertahanan sebesar 15 poin selama 60 detik. ,,2,serangan palu,,,1,0,1,,1000,207,,,,,,,,,,,,
0,0,0,,0,,,,199,0,0,0,0,0,0,0,,PS_VFX_HealCast,,,,0,Mengobati 80 HP. ,,2,serangan palu,,,1,0,1,,1000,208,,,,,,,,,,,,
0,0,0,,0,,,,200,0,0,0,0,0,0,0,,PS_VFX_HealCast,,,,0,Mengobati 160 HP. ,,2,Serangan jarak jauh busur 1,,,1,0,1,,1000,209,,,,,,,,,,,,
0,0,0,,0,,,,201,0,0,0,0,0,0,0,,PS_VFX_HealCast,,,,0,Mengobati 240 HP. ,,2,Serangan jarak jauh busur 2,,,1,0,1,,1000,210,,,,,,,,,,,,
0,0,0,0,0,"227,21,15","236,22",500,202,0,1,0,0,0,0,1,A-chuisanlianji-1-NEW,Skill_Hammer_attack1,A-chuisanlianji-1-NEW,14,900,-1,Serangan Palu - Gerakan 1. ,400,2,gulungan pemain,"4,300,300,27000",CameraShakeGrade_2,1,0,1,7,333,,,,,,,,,,,,,
0,0,0,0,0,"227,21,386","236,22",500,203,0,1,0,0,0,0,1,A-chuisanlianji-2-NEW,Skill_Hammer_attack2,A-chuisanlianji-2-NEW,14,900,-1,Serangan Palu - Gerakan 2. ,400,2,Pencangkulan monolitik,"4,300,300,27000",CameraShakeGrade_2,1,0,1,7,333,,,,,,,,,,,,,
0,0,0,0,0,"227,21,388","236,22",500,204,0,1,0,0,0,0,1,A-chuisanlianji-3-NEW,Skill_Hammer_attack3,A-chuisanlianji-3-NEW,14,900,-1,Serangan Palu - Gerakan 3. ,400,2,Lahan pertanian kelompok Lv 1,"4,300,300,27000",CameraShakeGrade_3,1,0,1,7,333,,,,,,,,,,,,,
0,0,0,0,0,"387,404",,250,205,0,1,0,0,1,0,0,gongjian_attack1,,A-gongjian-NEW_audio,14,500,-1,Meluncurkan serangan busur yang kuat kepada musuh-musuh Anda. ,2000,2,Lahan pertanian kelompok Lv 2,,,1,1,1,,,,,,0,,[1],1,,,,,,
0,0,0,,0,15,"218,222",700,206,0,0,0,0,0,0,0,attack,,Chaos_Wraith_Attack,,1000,0,Serangan Chaos Wraith. ,350,2,Serangan jarak jauh busur 3,"4,300,200,12000",,1,0,1,,1000,,,,,,,,,,,,,
0,0,1,0,0,385,,500,207,0,1,0,0,1,0,1,attackArea,,monsterattack,,1000,2000,Monster melee hitam. ,1000,2,Ramuan Kecepatan Lebih Rendah,"2,200",,1,1,1,,1000,,,,,top_down_bomb_2,[5],3,,,,,,
0,0,0,,0,15,"222,219",950,208,0,0,0,0,0,0,0,attack,,Crimson_Gnasher_Attack,,1500,0,Serangan Crimson Gnasher. ,400,2,Serangan Chaos Wraith,"4,300,200,12000",,1,0,1,,1000,,,,,,,,,,,,,
0,0,0,,0,"227,386",222,1200,209,0,0,0,0,0,0,0,attackArea,,,,1833,0,Crimson Gnasher hyper armor. ,400,2,monster hitam jarak jauh,"4,300,200,12000",,1,0,1,,1000,,,,,,,,,,,,,
0,0,0,,0,15,"220,223",650,210,0,0,0,0,0,0,0,attack,,Frosty_Paw_Attack,,1033,0,Serangan Frosty Paw. ,300,2,Serangan Gnasher Merah,"4,300,200,12000",,1,0,1,,1000,,,,,,,,,,,,,
0,0,0,,0,"227,386","220,223",650,211,0,0,0,0,0,0,0,attack,,Frosty_Paw_Attack,,1033,0,Frosty Paw hyper armor. ,300,2,Tubuh Super Gnasher Merah,"4,300,200,12000",,1,0,1,,1000,,,,,,,,,,,,,
0,0,0,,0,,,,212,0,0,0,0,0,0,0,,,,,,-1,Meningkatkan kecepatan serangan dan kekuatan serangan secara bersamaan. ,,1,Serangan Cakar Beku,,,1,0,1,,,,,,,,,,,228,,,,
0,0,0,,0,,,,213,0,0,0,0,0,0,0,,,,,,-1,Mengurangi kecepatan serangan dan kekuatan serangan secara bersamaan. ,,1,Tubuh Super Frosty Paw,,,1,0,1,,,,,,,,,,,231,,,,
0,0,0,,0,,,,214,0,0,0,0,0,0,0,,,,,,-1,Meningkatkan nilai pertahanan. ,,1,Buff Serangan Jarak Dekat yang Kuat,,,1,0,1,,,,,,,,,,,232,,,,
0,0,0,,0,,,,215,0,0,0,0,0,0,0,,,,,,-1,Mengurangi nilai pertahanan. ,,1,Buff Kerentanan Serangan Jarak Dekat,,,1,0,1,,,,,,,,,,,233,,,,
0,0,0,,0,,,,216,0,0,0,0,0,0,0,,,,,,-1,Meningkatkan kecepatan bergerak dan kecepatan serangan secara bersamaan. ,,1,Jenderal pertahanan jarak dekat kuat,,,1,0,1,,,,,,,,,,,234,,,,
0,0,0,,0,,,,217,0,0,0,0,0,0,0,,,,,,-1,Mengurangi kecepatan bergerak dan kecepatan serangan secara bersamaan. ,,1,Kelemahan Umum dalam Pertahanan Jarak Dekat,,,1,0,1,,,,,,,,,,,235,,,,
0,0,0,,0,,,,218,0,0,0,0,0,0,0,,,,,,-1,Serangan Tambahan Metal Mutt. ,,1,Kekuatan umum jarak jauh,,,1,0,1,,,,,,,,,,,229,,,,
0,0,0,,0,,,,219,0,1,0,0,0,0,0,,,,,,-1,Meningkatkan kecepatan bergerak sebesar 50% setiap 2 detik ketika tidak menerima kerusakan. ,,1,Kerentanan Universal Jarak Jauh,,,1,0,1,,,,skill-icon-219,,,,,,,237,,,,
0,0,0,,0,,,,220,0,0,0,0,0,0,0,,,,,,-1,Efek transisi fase yang kuat berorientasi serangan. ,,1,Serangan Ekstra Anjing Kalengan,,,1,0,1,,,,,,,,,,,,,,,
0,0,0,,0,,,,221,0,0,0,0,0,0,0,,,,,,-1,Efek transisi fase yang rentan terhadap serangan. ,,1,Pasif Universal Fleksibel,,,1,0,1,,,,,,,,,,,,,,,
1,1,1,0,0,176,,2000,226,0,0,0,1,0,0,0,A-jinai-NEW,,A-CaptureTrap,,2000,3000,Perangkap Penangkapan ,,2,Jenderal Pembunuh Kuat,"2,300",,1,0,1,,1000,,,skill_rock_hurt,,,,,,,,"3,4",,
0,0,0,,0,,,,228,0,1,0,0,0,0,0,,,,,,-1,Meningkatkan output kesuburan dari satu bidang tanah. ,,1,Kerentanan Universal Assassin,,,1,0,1,,1000,,skill-icon-228,,,,,,,240,,,,
0,0,0,,0,,,,229,0,0,0,0,0,0,0,,,,,,-1,Meningkatkan output kesuburan dari satu bidang tanah. ,,1,Lv 1 Pelopor,,,1,0,1,,1000,,skill-icon-229,,,,,,,243,,,,
0,0,0,,0,,,,230,0,0,0,0,0,0,0,,,,,,-1,Meningkatkan kemahiran menanam. ,,1,Lv 9 Pelopor,,,1,0,1,,1000,,skill-icon-230,,,,,,,257,,,,
0,0,0,,0,,,,231,0,0,0,0,0,0,0,,,,,,-1,Meningkatkan output kebahagiaan hewan peliharaan individu. ,,1,Pakar Pemuliaan Lv 3,,,1,0,1,,1000,,skill-icon-231,,,,,,,245,,,,
0,0,0,,0,,,,232,0,0,0,0,0,0,0,,,,,,-1,Meningkatkan output kebahagiaan hewan peliharaan individu. ,,1,Lv 4 Pakar Pemanenan,,,1,0,1,,1000,,skill-icon-232,,,,,,,246,,,,
0,0,0,,0,,,,233,0,0,0,0,0,0,0,,,,,,-1,Meningkatkan kemahiran berkembang biak. ,,1,Pejuang Lv 6,,,1,0,1,,1000,,skill-icon-233,,,,,,,257,,,,
0,0,0,,0,,,,235,0,0,0,0,0,0,0,,,,,,-1,Meningkatkan output kesuburan dari satu bidang tanah. ,,1,Lv 2 Pelopor,,,1,0,1,,1000,,skill-icon-235,,,,,,,244,,,,
0,0,0,,0,,,,236,0,0,0,0,0,0,0,,,,,,-1,Meningkatkan output kesuburan dari satu bidang tanah. ,,1,Lv 3 Pelopor,,,1,0,1,,1000,,skill-icon-236,,,,,,,250,,,,
0,0,0,,0,,,,237,0,0,0,0,0,0,0,,,,,,-1,Meningkatkan output kesuburan dari satu bidang tanah. ,,1,Lv 4 Pelopor,,,1,0,1,,1000,,skill-icon-237,,,,,,,251,,,,
0,0,0,,0,,,,238,0,0,0,0,0,0,0,,,,,,-1,Meningkatkan output kesuburan dari satu bidang tanah. ,,1,Lv 5 Pelopor,,,1,0,1,,1000,,skill-icon-238,,,,,,,252,,,,
0,0,0,,0,,,,239,0,0,0,0,0,0,0,,,,,,-1,Meningkatkan output kesuburan dari satu bidang tanah. ,,1,Lv 6 Pelopor,,,1,0,1,,1000,,skill-icon-239,,,,,,,271,,,,
0,0,0,,0,,,,240,0,0,0,0,0,0,0,,,,,,-1,Meningkatkan output kesuburan dari satu bidang tanah. ,,1,Lv 7 Pelopor,,,1,0,1,,1000,,skill-icon-240,,,,,,,272,,,,
0,0,0,,0,,,,241,0,0,0,0,0,0,0,,,,,,-1,Meningkatkan output kesuburan dari satu bidang tanah. ,,1,Lv 8 Pelopor,,,1,0,1,,1000,,skill-icon-241,,,,,,,273,,,,
0,0,0,,0,,,,244,0,0,0,0,0,0,0,,,,,,-1,Meningkatkan output kebahagiaan hewan peliharaan individu. ,,1,Lv 5 Pakar Pemanenan,,,1,0,1,,1000,,skill-icon-244,,,,,,,247,,,,
0,0,0,,0,,,,245,0,0,0,0,0,0,0,,,,,,-1,Meningkatkan kemahiran menanam. ,,1,Lv 1 Pakar Pemanenan,,,1,0,1,,1000,,skill-icon-245,,,,,,,257,,,,
0,0,0,,0,,,,246,0,0,0,0,0,0,0,,,,,,-1,Meningkatkan kemahiran menanam. ,,1,Lv 2 Pakar Pemanenan,,,1,0,1,,1000,,skill-icon-246,,,,,,,257,,,,
0,0,0,,0,,,,247,0,0,0,0,0,0,0,,,,,,-1,Meningkatkan kemahiran berkembang biak. ,,1,Lv 1 kulit kasar dan daging tebal,,,1,0,1,,1000,,skill-icon-247,,,,,,,257,,,,
0,0,0,,0,,,,248,0,0,0,0,0,0,0,,,,,,-1,Meningkatkan kemahiran berkembang biak. ,,1,Lv 2 kulit kasar dan daging tebal,,,1,0,1,,1000,,skill-icon-248,,,,,,,257,,,,
0,0,0,,0,,,,249,0,0,0,0,0,0,0,,,,,,-1,Meningkatkan kemahiran menanam. ,,1,Lv 3 Pakar Pemanenan,,,1,0,1,,1000,,skill-icon-249,,,,,,,257,,,,
0,0,0,,0,,,,250,0,0,0,0,0,0,0,,,,,,-1,Meningkatkan kemahiran menanam. ,,1,Lv 1 Penyayang Binatang,,,1,0,1,,1000,,skill-icon-250,,,,,,,257,,,,
0,0,0,,0,,,,251,0,0,0,0,0,0,0,,,,,,-1,Meningkatkan kemahiran menanam. ,,1,Lv 2 Penyayang Binatang,,,1,0,1,,1000,,skill-icon-251,,,,,,,257,,,,
0,0,0,,0,,,,252,0,0,0,0,0,0,0,,,,,,-1,Meningkatkan kekuatan serangan. ,,1,Lv 3 berarti lebih banyak darah,,,1,0,1,,1000,,skill-icon-252,,,,,,,262,,,,
0,0,0,,0,,,,253,0,0,0,0,0,0,0,,,,,,-1,Meningkatkan kekuatan serangan. ,,1,Lv 4 berarti lebih banyak darah,,,1,0,1,,1000,,skill-icon-253,,,,,,,262,,,,
0,0,0,,0,,,,254,0,0,0,0,0,0,0,,,,,,-1,Meningkatkan kekuatan serangan. ,,1,Lv 5 berarti lebih banyak darah,,,1,0,1,,1000,,skill-icon-254,,,,,,,262,,,,
0,0,0,,0,,,,255,0,0,0,0,0,0,0,,,,,,-1,Meningkatkan kekuatan serangan. ,,1,Lv 6 berarti lebih banyak darah,,,1,0,1,,1000,,skill-icon-255,,,,,,,262,,,,
0,0,0,,0,,,,256,0,0,0,0,0,0,0,,,,,,-1,Meningkatkan kekuatan serangan. ,,1,Pejuang Lv 7,,,1,0,1,,1000,,skill-icon-256,,,,,,,262,,,,
0,0,0,,0,,,,257,0,0,0,0,0,0,0,,,,,,-1,Meningkatkan kekuatan serangan. ,,1,Pejuang Lv 8,,,1,0,1,,1000,,skill-icon-257,,,,,,,262,,,,
0,0,0,,0,,,,258,0,0,0,0,0,0,0,,,,,,-1,Meningkatkan nilai pertahanan. ,,1,Lv 9 kulit kasar dan daging tebal,,,1,0,1,,1000,,skill-icon-258,,,,,,,263,,,,
0,0,0,,0,,,,259,0,0,0,0,0,0,0,,,,,,-1,Meningkatkan nilai pertahanan. ,,1,Lv 7 berarti lebih banyak darah,,,1,0,1,,1000,,skill-icon-259,,,,,,,263,,,,
0,0,0,,0,,,,260,0,0,0,0,0,0,0,,,,,,-1,Meningkatkan nilai pertahanan. ,,1,Lv 8 berarti lebih banyak darah,,,1,0,1,,1000,,skill-icon-260,,,,,,,263,,,,
0,0,0,,0,,,,261,0,0,0,0,0,0,0,,,,,,-1,Meningkatkan nilai pertahanan. ,,1,Lv 9 berarti lebih banyak darah,,,1,0,1,,1000,,skill-icon-261,,,,,,,263,,,,
0,0,0,,0,,,,262,0,0,0,0,0,0,0,,,,,,-1,Meningkatkan nilai pertahanan. ,,1,Lv 7 Pakar Pemanenan,,,1,0,1,,1000,,skill-icon-262,,,,,,,263,,,,
0,0,0,,0,,,,263,0,0,0,0,0,0,0,,,,,,-1,Meningkatkan nilai pertahanan. ,,1,Lv 8 Pakar Pemanenan,,,1,0,1,,1000,,skill-icon-263,,,,,,,263,,,,
0,0,0,,0,,,,264,0,0,0,0,0,0,0,,,,,,-1,Meningkatkan batas HP maksimum. ,,1,Lv 6 Penyayang Binatang,,,1,0,1,,1000,,skill-icon-264,,,,,,,264,,,,
0,0,0,,0,,,,265,0,0,0,0,0,0,0,,,,,,-1,Meningkatkan batas HP maksimum. ,,1,Lv 7 Penyayang Binatang,,,1,0,1,,1000,,skill-icon-265,,,,,,,264,,,,
0,0,0,,0,,,,266,0,0,0,0,0,0,0,,,,,,-1,Meningkatkan batas HP maksimum. ,,1,Lv 8 Penyayang Binatang,,,1,0,1,,1000,,skill-icon-266,,,,,,,264,,,,
0,0,0,,0,,,,267,0,0,0,0,0,0,0,,,,,,-1,Meningkatkan batas HP maksimum. ,,1,Lv 9 Penyayang Binatang,,,1,0,1,,1000,,skill-icon-267,,,,,,,264,,,,
0,0,0,,0,,,,268,0,0,0,0,0,0,0,,,,,,-1,Meningkatkan batas HP maksimum. ,,1,Lv 4 Pakar Pemuliaan,,,1,0,1,,1000,,skill-icon-268,,,,,,,264,,,,
0,0,0,,0,,,,269,0,0,0,0,0,0,0,,,,,,-1,Meningkatkan batas HP maksimum. ,,1,Lv 5 Pakar Pemuliaan,,,1,0,1,,1000,,skill-icon-269,,,,,,,264,,,,
0,0,0,,0,,,,270,0,0,0,0,0,0,0,,,,,,-1,Meningkatkan kekuatan serangan. ,,1,Pejuang Lv 9,,,1,0,1,,1000,,skill-icon-270,,,,,,,262,,,,
0,0,0,,0,,,,271,0,0,0,0,0,0,0,,,,,,-1,Meningkatkan kekuatan serangan. ,,1,Lv 7 kulit kasar dan daging tebal,,,1,0,1,,1000,,skill-icon-271,,,,,,,262,,,,
0,0,0,,0,,,,272,0,0,0,0,0,0,0,,,,,,-1,Meningkatkan kekuatan serangan. ,,1,Lv 8 kulit kasar dan daging tebal,,,1,0,1,,1000,,skill-icon-272,,,,,,,262,,,,
0,0,0,,0,,,,273,0,0,0,0,0,0,0,,,,,,-1,Meningkatkan nilai pertahanan. ,,1,Lv 9 Pakar Pemanenan,,,1,0,1,,1000,,skill-icon-273,,,,,,,263,,,,
0,0,0,,0,,,,274,0,0,0,0,0,0,0,,,,,,-1,Meningkatkan nilai pertahanan. ,,1,Lv 4 Penyayang Binatang,,,1,0,1,,1000,,skill-icon-274,,,,,,,263,,,,
0,0,0,,0,,,,275,0,0,0,0,0,0,0,,,,,,-1,Meningkatkan nilai pertahanan. ,,1,Lv 5 Penyayang Binatang,,,1,0,1,,1000,,skill-icon-275,,,,,,,263,,,,
0,0,0,,0,,,,276,0,0,0,0,0,0,0,,,,,,-1,Meningkatkan batas HP maksimum. ,,1,Lv 6 Pakar Pemuliaan,,,1,0,1,,1000,,skill-icon-276,,,,,,,264,,,,
0,0,0,,0,,,,277,0,0,0,0,0,0,0,,,,,,-1,Meningkatkan batas HP maksimum. ,,1,Lv 7 Pakar Pemuliaan,,,1,0,1,,1000,,skill-icon-277,,,,,,,264,,,,
0,0,0,,0,,,,278,0,0,0,0,0,0,0,,,,,,-1,Meningkatkan batas HP maksimum. ,,1,Lv 8 Pakar Pemuliaan,,,1,0,1,,1000,,skill-icon-278,,,,,,,264,,,,
0,0,0,,0,,,,279,0,0,0,0,0,0,0,,,,,,-1,Meningkatkan kemahiran menanam. ,,1,Lv 3 Penyayang Binatang,,,1,0,1,,1000,,skill-icon-279,,,,,,,257,,,,
0,0,0,,0,,,,280,0,0,0,0,0,0,0,,,,,,-1,Meningkatkan kemahiran menanam. ,,1,Pakar Pemuliaan Lv 1,,,1,0,1,,1000,,skill-icon-280,,,,,,,257,,,,
0,0,0,,0,,,,281,0,0,0,0,0,0,0,,,,,,-1,Meningkatkan kemahiran menanam. ,,1,Pakar Pemuliaan Lv 2,,,1,0,1,,1000,,skill-icon-281,,,,,,,257,,,,
0,0,0,,0,,,,282,0,0,0,0,0,0,0,,,,,,-1,Meningkatkan output kebahagiaan hewan peliharaan individu. ,,1,Lv 6 Pakar Pemanenan,,,1,0,1,,1000,,skill-icon-282,,,,,,,253,,,,
0,0,0,,0,,,,283,0,0,0,0,0,0,0,,,,,,-1,Meningkatkan output kebahagiaan hewan peliharaan individu. ,,1,Pejuang Lv 1,,,1,0,1,,1000,,skill-icon-283,,,,,,,254,,,,
0,0,0,,0,,,,284,0,0,0,0,0,0,0,,,,,,-1,Meningkatkan output kebahagiaan hewan peliharaan individu. ,,1,Pejuang Lv 2,,,1,0,1,,1000,,skill-icon-284,,,,,,,274,,,,
0,0,0,,0,,,,285,0,0,0,0,0,0,0,,,,,,-1,Meningkatkan output kebahagiaan hewan peliharaan individu. ,,1,Pejuang Lv 3,,,1,0,1,,1000,,skill-icon-285,,,,,,,275,,,,
0,0,0,,0,,,,286,0,0,0,0,0,0,0,,,,,,-1,Meningkatkan output kebahagiaan hewan peliharaan individu. ,,1,Pejuang Lv 4,,,1,0,1,,1000,,skill-icon-286,,,,,,,275,,,,
0,0,0,,0,,,,287,0,0,0,0,0,0,0,,,,,,-1,Meningkatkan output kebahagiaan hewan peliharaan individu. ,,1,Pejuang Lv 5,,,1,0,1,,1000,,skill-icon-287,,,,,,,276,,,,
0,0,0,,0,,,,288,0,0,0,0,0,0,0,,,,,,-1,Meningkatkan kemahiran berkembang biak. ,,1,Lv 3 kulit kasar dan daging tebal,,,1,0,1,,1000,,skill-icon-288,,,,,,,257,,,,
0,0,0,,0,,,,289,0,0,0,0,0,0,0,,,,,,-1,Meningkatkan kemahiran berkembang biak. ,,1,Lv 4 kulit kasar dan daging tebal,,,1,0,1,,1000,,skill-icon-289,,,,,,,257,,,,
0,0,0,,0,,,,290,0,0,0,0,0,0,0,,,,,,-1,Meningkatkan kemahiran berkembang biak. ,,1,Lv 5 kulit kasar dan daging tebal,,,1,0,1,,1000,,skill-icon-290,,,,,,,257,,,,
0,0,0,,0,,,,291,0,0,0,0,0,0,0,,,,,,-1,Meningkatkan kemahiran berkembang biak. ,,1,Lv 6 kulit kasar dan daging tebal,,,1,0,1,,1000,,skill-icon-291,,,,,,,257,,,,
0,0,0,,0,,,,292,0,0,0,0,0,0,0,,,,,,-1,Meningkatkan kemahiran berkembang biak. ,,1,Lv 1 berarti lebih banyak darah,,,1,0,1,,1000,,skill-icon-292,,,,,,,257,,,,
0,0,0,,0,,,,293,0,0,0,0,0,0,0,,,,,,-1,Meningkatkan kemahiran berkembang biak. ,,1,Lv 2 berarti lebih banyak darah,,,1,0,1,,1000,,skill-icon-293,,,,,,,257,,,,
0,0,0,,0,,,,294,0,0,0,0,0,0,0,,,,,,-1,Meningkatkan kekuatan serangan dan kemahiran mengumpulkan terhadap rumput. ,,1,Pakar Pemuliaan Lv 9,,,1,0,1,,1000,,skill-icon-294,,,,,,,"265,266",,,,
0,0,0,,0,,,,295,0,0,0,0,0,0,0,,,,,,-1,Meningkatkan kekuatan serangan dan kemahiran mengumpulkan terhadap rumput. ,,1,Lv 1 Ahli Ramuan,,,1,0,1,,1000,,skill-icon-295,,,,,,,"265,266",,,,
0,0,0,,0,,,,296,0,0,0,0,0,0,0,,,,,,-1,Meningkatkan kekuatan serangan dan kemahiran mengumpulkan terhadap rumput. ,,1,Lv 2 Ahli Ramuan,,,1,0,1,,1000,,skill-icon-296,,,,,,,"265,266",,,,
0,0,0,,0,,,,297,0,0,0,0,0,0,0,,,,,,-1,Meningkatkan kekuatan serangan dan kemahiran mengumpulkan terhadap rumput. ,,1,Lv 3 Ahli Ramuan,,,1,0,1,,1000,,skill-icon-297,,,,,,,"265,266",,,,
0,0,0,,0,,,,298,0,0,0,0,0,0,0,,,,,,-1,Meningkatkan kekuatan serangan dan kemahiran mengumpulkan terhadap rumput. ,,1,Lv 4 Ahli Herbal,,,1,0,1,,1000,,skill-icon-298,,,,,,,"265,266",,,,
0,0,0,,0,,,,299,0,0,0,0,0,0,0,,,,,,-1,Meningkatkan kekuatan serangan dan kemahiran mengumpulkan terhadap rumput. ,,1,Lv 5 Ahli Herbal,,,1,0,1,,1000,,skill-icon-299,,,,,,,"265,266",,,,
0,0,0,,0,,,,300,0,0,0,0,0,0,0,,,,,,-1,Meningkatkan kekuatan serangan dan kemahiran mengumpulkan terhadap rumput. ,,1,Lv 6 Ahli Ramuan,,,1,0,1,,1000,,skill-icon-300,,,,,,,"265,266",,,,
0,0,0,,0,,,,301,0,0,0,0,0,0,0,,,,,,-1,Meningkatkan kekuatan serangan dan kemahiran mengumpulkan terhadap rumput. ,,1,Lv 7 Ahli Herbal,,,1,0,1,,1000,,skill-icon-301,,,,,,,"265,266",,,,
0,0,0,,0,,,,302,0,0,0,0,0,0,0,,,,,,-1,Meningkatkan kekuatan serangan dan kemahiran mengumpulkan terhadap rumput. ,,1,Lv 8 Ahli Herbal,,,1,0,1,,1000,,skill-icon-302,,,,,,,"265,266",,,,
0,0,0,,0,,,,303,0,0,0,0,0,0,0,,,,,,-1,Meningkatkan kekuatan serangan dan kemahiran mengumpulkan terhadap pohon. ,,1,Lv 9 Ahli Herbal,,,1,0,1,,1000,,skill-icon-303,,,,,,,"267,268",,,,
0,0,0,,0,,,,304,0,0,0,0,0,0,0,,,,,,-1,Meningkatkan kekuatan serangan dan kemahiran mengumpulkan terhadap pohon. ,,1,Lv 1 Penebang Kayu,,,1,0,1,,1000,,skill-icon-304,,,,,,,"267,268",,,,
0,0,0,,0,,,,305,0,0,0,0,0,0,0,,,,,,-1,Meningkatkan kekuatan serangan dan kemahiran mengumpulkan terhadap pohon. ,,1,Lv 2 Penebang Kayu,,,1,0,1,,1000,,skill-icon-305,,,,,,,"267,268",,,,
0,0,0,,0,,,,306,0,0,0,0,0,0,0,,,,,,-1,Meningkatkan kekuatan serangan dan kemahiran mengumpulkan terhadap pohon. ,,1,Lv 3 Penebang Kayu,,,1,0,1,,1000,,skill-icon-306,,,,,,,"267,268",,,,
0,0,0,,0,,,,307,0,0,0,0,0,0,0,,,,,,-1,Meningkatkan kekuatan serangan dan kemahiran mengumpulkan terhadap pohon. ,,1,Lv 4 Penebang Kayu,,,1,0,1,,1000,,skill-icon-307,,,,,,,"267,268",,,,
0,0,0,,0,,,,308,0,0,0,0,0,0,0,,,,,,-1,Meningkatkan kekuatan serangan dan kemahiran mengumpulkan terhadap pohon. ,,1,Lv 5 Penebang Kayu,,,1,0,1,,1000,,skill-icon-308,,,,,,,"267,268",,,,
0,0,0,,0,,,,309,0,0,0,0,0,0,0,,,,,,-1,Meningkatkan kekuatan serangan dan kemahiran mengumpulkan terhadap pohon. ,,1,Lv 6 Penebang Kayu,,,1,0,1,,1000,,skill-icon-309,,,,,,,"267,268",,,,
0,0,0,,0,,,,310,0,0,0,0,0,0,0,,,,,,-1,Meningkatkan kekuatan serangan dan kemahiran mengumpulkan terhadap pohon. ,,1,Lv 7 Penebang Kayu,,,1,0,1,,1000,,skill-icon-310,,,,,,,"267,268",,,,
0,0,0,,0,,,,311,0,0,0,0,0,0,0,,,,,,-1,Meningkatkan kekuatan serangan dan kemahiran mengumpulkan terhadap pohon. ,,1,Lv 8 Penebang Kayu,,,1,0,1,,1000,,skill-icon-311,,,,,,,"267,268",,,,
0,0,0,,0,,,,312,0,0,0,0,0,0,0,,,,,,-1,Meningkatkan kekuatan serangan dan kemahiran mengumpulkan terhadap bijih. ,,1,Lv 9 Penebang Kayu,,,1,0,1,,1000,,skill-icon-312,,,,,,,"269,270",,,,
0,0,0,,0,,,,313,0,0,0,0,0,0,0,,,,,,-1,Meningkatkan kekuatan serangan dan kemahiran mengumpulkan terhadap bijih. ,,1,Lv 1 Penambang Emas,,,1,0,1,,1000,,skill-icon-313,,,,,,,"269,270",,,,
0,0,0,,0,,,,314,0,0,0,0,0,0,0,,,,,,-1,Meningkatkan kekuatan serangan dan kemahiran mengumpulkan terhadap bijih. ,,1,Lv 2 Penambang Emas,,,1,0,1,,1000,,skill-icon-314,,,,,,,"269,270",,,,
0,0,0,,0,,,,315,0,0,0,0,0,0,0,,,,,,-1,Meningkatkan kekuatan serangan dan kemahiran mengumpulkan terhadap bijih. ,,1,Lv 3 Penambang Emas,,,1,0,1,,1000,,skill-icon-315,,,,,,,"269,270",,,,
0,0,0,,0,,,,316,0,0,0,0,0,0,0,,,,,,-1,Meningkatkan kekuatan serangan dan kemahiran mengumpulkan terhadap bijih. ,,1,Lv 4 Penambang Emas,,,1,0,1,,1000,,skill-icon-316,,,,,,,"269,270",,,,
0,0,0,,0,,,,317,0,0,0,0,0,0,0,,,,,,-1,Meningkatkan kekuatan serangan dan kemahiran mengumpulkan terhadap bijih. ,,1,Lv 5 Penambang Emas,,,1,0,1,,1000,,skill-icon-317,,,,,,,"269,270",,,,
0,0,0,,0,,,,318,0,0,0,0,0,0,0,,,,,,-1,Meningkatkan kekuatan serangan dan kemahiran mengumpulkan terhadap bijih. ,,1,Lv 6 Penambang Emas,,,1,0,1,,1000,,skill-icon-318,,,,,,,"269,270",,,,
0,0,0,,0,,,,319,0,0,0,0,0,0,0,,,,,,-1,Meningkatkan kekuatan serangan dan kemahiran mengumpulkan terhadap bijih. ,,1,Lv 7 Penambang Emas,,,1,0,1,,1000,,skill-icon-319,,,,,,,"269,270",,,,
0,0,0,,0,,,,320,0,0,0,0,0,0,0,,,,,,-1,Meningkatkan kekuatan serangan dan kemahiran mengumpulkan terhadap bijih. ,,1,Lv 8 Penambang Emas,,,1,0,1,,1000,,skill-icon-320,,,,,,,"269,270",,,,
0,0,0,,0,,,300,321,0,1,0,0,0,0,0,harvest_crops,,harvest_crops,,370,-1,Meningkatkan kemahiran panen individu. ,,2,Lv 9 Penambang Emas,,,1,0,1,"15,16",,,,,,,,,,,,,,
0,0,0,0,0,"15,17,418",,333,323,0,1,0,0,0,0,0,sickle_grass,,sickle_grass,,500,-1,Memotong rumput dengan mudah menggunakan alat khusus. ,,2,penggalian beliung tunggal,"4,300,150,27000",,1,0,1,5,1000,,,skill_rock_hurt,,,,,,,,,,
0,0,0,0,0,,"331,332,333",200,326,0,0,0,0,0,0,0,A-jianwu,Skill_gainBuff_Collector,,,400,30000,Sementara meningkatkan efisiensi pengumpulan. ,,2,Panen Tunggal,,,1,0,1,,1000,,skill-icon-326,,,,,,,,,,,
0,0,0,0,0,,"334,335,336",200,327,0,0,0,0,0,0,0,A-jianwu,Skill_gainBuff_Collector,,,400,30000,Sementara meningkatkan efisiensi pengumpulan. ,,2,pemotongan tunggal,,,1,0,1,,1000,,skill-icon-327,,,,,,,,,,,
0,0,0,0,0,,"337,338,339",200,328,0,0,0,0,0,0,0,A-jianwu,Skill_gainBuff_Collector,,,400,30000,Sementara meningkatkan efisiensi pengumpulan. ,,2,5 detik pria sejati 1,,,1,0,1,,1000,,skill-icon-328,,,,,,,,,,,
0,0,0,0,0,,"340,341,342",200,329,0,0,0,0,0,0,0,A-jianwu,Skill_gainBuff_Chosen,,,400,30000,Sementara meningkatkan kemahiran pengumpulan. ,,2,5 detik pria sejati 2,,,1,0,1,,1000,,skill-icon-329,,,,,,,,,,,
0,0,0,0,0,,"343,344,345",200,330,0,0,0,0,0,0,0,A-jianwu,Skill_gainBuff_Chosen,,,400,30000,Sementara meningkatkan kemahiran pengumpulan. ,,2,5 detik pria sejati 3,,,1,0,1,,1000,,skill-icon-330,,,,,,,,,,,
0,0,0,0,0,,"346,347,348",200,331,0,0,0,0,0,0,0,A-jianwu,Skill_gainBuff_Chosen,,,400,30000,Sementara meningkatkan kemahiran pengumpulan. ,,2,Hidup selama 5 detik 1,,,1,0,1,,1000,,skill-icon-331,,,,,,,,,,,
0,0,0,,0,,,,332,0,0,0,0,0,0,0,,,,,,-1,Mengurangi kecepatan bergerak musuh. ,,1,Hidup selama 5 detik 2,,,1,0,1,,1000,,skill-icon-332,,,,,,,349,,,,
0,0,0,,0,,,,333,0,0,0,0,0,0,0,,,,,,-1,Meningkatkan durasi pingsan musuh. ,,1,Hidup selama 5 detik 3,,,1,0,1,,1000,,skill-icon-333,,,,,,,351,,,,
0,0,0,,0,,,,334,0,0,0,0,0,0,0,,,,,,-1,Mengurangi kecepatan bergerak monster. ,,1,Lv 2 Menginjak-injak,,,1,0,1,,1000,,skill-icon-334,,,,,,,353,,,,
0,0,0,,0,,,,335,0,0,0,0,0,0,0,,,,,,-1,Meningkatkan durasi pingsan musuh. ,,1,Lv 3 menginjak-injak,,,1,0,1,,1000,,skill-icon-335,,,,,,,355,,,,
0,0,0,,0,,,,336,0,0,0,0,0,0,0,,,,,,-1,Mengurangi kecepatan bergerak musuh. ,,1,Lv 2 Perang Menginjak-injak,,,1,0,1,,1000,,skill-icon-336,,,,,,,361,,,,
0,0,0,,0,,,,337,0,0,0,0,0,0,0,,,,,,-1,Mengurangi kecepatan bergerak musuh. ,,1,Lv 3 Perang Menginjak,,,1,0,1,,1000,,skill-icon-337,,,,,,,363,,,,
0,0,0,,0,,,,338,0,0,0,0,0,0,0,,,,,,-1,Mengurangi kecepatan bergerak musuh. ,,1,Lv 2 Demam Banteng,,,1,0,1,,1000,,skill-icon-338,,,,,,,365,,,,
0,0,0,,0,,,,339,0,0,0,0,0,0,0,,,,,,-1,Mengurangi kecepatan bergerak musuh. ,,1,Lv 3 Demam Banteng,,,1,0,1,,1000,,skill-icon-339,,,,,,,367,,,,
0,0,0,,0,,,,340,0,0,0,0,0,0,0,,,,,,-1,Mengurangi kecepatan bergerak musuh. ,,1,Lv2 Hiu Terburu-buru,,,1,0,1,,1000,,skill-icon-340,,,,,,,373,,,,
0,0,0,,0,,,,341,0,0,0,0,0,0,0,,,,,,-1,Mengurangi kecepatan bergerak musuh. ,,1,Lv3 Hiu Terburu-buru,,,1,0,1,,1000,,skill-icon-341,,,,,,,375,,,,
0,0,0,,0,,,,342,0,0,0,0,0,0,0,,,,,,-1,Mengurangi kecepatan bergerak musuh. ,,1,Meningkatkan efek perlambatan,,,1,0,1,,1000,,skill-icon-342,,,,,,,377,,,,
0,0,0,,0,,,,343,0,0,0,0,0,0,0,,,,,,-1,Mengurangi kecepatan bergerak musuh. ,,1,Meningkatkan efek perlambatan,,,1,0,1,,1000,,skill-icon-343,,,,,,,379,,,,
0,0,0,0,0,"404,387",,250,344,0,1,0,0,1,0,0,gongjian_attack2,,A-gongjian-NEW_audio,14,550,-1,Karakter jarak jauh. ,2000,2,Meningkatkan efek perlambatan,,,1,1,1,,,,,,0,,[1],1,,,,,,
0,0,0,0,0,"15,404",414,550,345,0,1,0,0,1,0,0,gongjian_attack3,,A-gongjian-NEW_audio,14,800,-1,Karakter jarak jauh. ,2000,2,Meningkatkan efek perlambatan,,,1,1,1,,,,,,0,,[7],1,,,,,,
0,0,0,0,0,"404,385",,300,346,0,1,0,0,1,0,0,attack,,Skill_Bee_attack,,1000,2000,Serangan Jauh Buzz Buddy ,1000,2,lebah terpencil,,,1,1,1,,1000,,,,,,[8],1,,,,,,
0,0,0,,0,"227,388",,200,347,0,1,0,0,1,0,1,A-1diuzhadan,,playerroll,,660,5000,Melempar Bom ,1000,2,melempar botol peledak,"2,200",,1,1,1,,1000,,,skill_tree_hurt,,top_down_bomb_blue,[9],1,,,,,,
0,0,0,,0,"15,35",,200,348,0,1,0,0,1,0,1,A-1diuzhadan,,playerroll,,660,5000,Melempar Ramuan Setrum ,1000,2,melempar botol setrum,"2,200",,1,1,1,,1000,,,skill_tree_hurt,,top_down_bomb_blue,[10],1,,,,,,
0,0,0,,0,"390,387",,200,351,0,1,0,0,1,0,1,A-1diuzhadan,,playerroll,,660,5000,Melempar Ramuan Sedang ,1000,2,Lempar botol peredam kecepatan,"2,200",,1,1,1,,1000,,,skill_tree_hurt,,top_down_bomb_blue,[11],1,,,,,,
0,0,0,,0,"15,391",,200,352,0,1,0,0,1,0,1,A-1diuzhadan,,playerroll,,660,5000,Melempar Ramuan Terbakar ,1000,2,melempar pil yang terbakar,"2,200",,1,1,1,,1000,,,skill_tree_hurt,,top_down_bomb_blue,[12],1,,,,,,
0,0,0,,0,,392,0,356,0,0,0,0,0,0,0,A-skill-chongci,Skill_YellowFlash,,,334,5000,Kilat Kuning ,,2,Botol Pil Guntur Terbang,,,1,0,1,,1000,,,,,,,,,,,,,
0,0,0,,0,,,0,357,0,0,0,0,0,0,0,,Skill_MissPostion,,,100,5000,Meleset ,,2,menghindari botol,,,1,0,1,,1000,393,,,,,,,,,,,,
0,0,0,,0,,,0,358,0,0,0,0,0,0,0,,Skill_ClearPotion,,,100,5000,Bersihkan ,,2,Botol pemurnian,,,1,0,1,,1000,394,,,,,,,,,,,,
0,0,0,,0,,,,359,0,0,0,0,0,0,0,,,,,,0,Kosong ,,1,Keterampilan Deteksi Kelemahan Anjing Kaleng,,,1,0,1,,1000,,,,,,,,,395,,,,
0,0,0,,0,,,,360,0,0,0,0,0,0,0,,,,,,0,Kosong ,,1,Keterampilan Deteksi Kelemahan Kaktus,,,1,0,1,,1000,,,,,,,,,396,,,,
0,0,0,,0,,,,361,0,0,0,0,0,0,0,,,,,,0,Kosong ,,1,Keterampilan Deteksi Kelemahan Pumpkin Fiend,,,1,0,1,,1000,,,,,,,,,397,,,,
0,0,0,,0,,,,362,0,0,0,0,0,0,0,,,,,,0,Kosong ,,1,Keterampilan Deteksi Kelemahan Lebah,,,1,0,1,,1000,,,,,,,,,398,,,,
0,0,0,,0,,,,363,0,0,0,0,0,0,0,,,,,,0,Kosong ,,1,Keterampilan Deteksi Kelemahan Kucing Tambang,,,1,0,1,,1000,,,,,,,,,399,,,,
0,0,0,,0,,,,364,0,0,0,0,0,0,0,,,,,,0,Kosong ,,1,Keterampilan Deteksi Kelemahan Monster Daun,,,1,0,1,,1000,,,,,,,,,400,,,,
0,0,0,,0,,,,365,0,0,0,0,0,0,0,,,,,,0,Kosong ,,1,Serangan Cyber Raze,,,1,0,1,,1000,,,,,,,,,401,,,,
0,0,0,,0,,,,366,0,0,0,0,0,0,0,,,,,,0,Kosong ,,1,Serangan Jarak Jauh Cyber Raze,,,1,0,1,,1000,,,,,,,,,402,,,,
0,0,0,,0,,,,367,0,0,0,0,0,0,0,,,,,,0,Kosong ,,1,Serangan Lemah Cyber Raze,,,1,0,1,,1000,,,,,,,,,403,,,,
0,0,0,,0,15,"220,223",350,369,0,0,0,0,0,0,0,attack,,Skill_CyberRaze_Attack,,733,3000,Serangan Cyber Raze ,400,2,Serangan Frosty Lord,"4,800,600,12000",,1,0,1,,1000,,,,,,,,,,,,,
0,0,0,,0,388,426,2000,370,0,0,0,0,1,0,0,attack2,,Skill_CyberRaze_Attack_Area,,2600,3000,Serangan jarak jauh Cyber Raze ,2000,2,Serangan Jarak Jauh Frosty Lord,"2,200",,1,0,1,,1000,,,,,,[13],1,,,,,,
0,0,0,,0,,,,371,0,0,0,0,0,0,0,,,,,,0,Kosong ,,2,Serangan Lemah Frosty Lord,,,1,0,1,,1000,,,,,,,,,421,,,,
0,0,0,,0,,426,500,372,0,0,0,0,0,0,0,attack,Skill_Frosty_attack,Skill_FrostyLord_Attack,,2200,3000,Kosong ,500,2, Serangan Frosty Lord,"4,800,600,12000",,1,0,1,,1000,425,,,,,,,,,,,,
0,0,0,,0,"15,238",426,800,373,0,0,0,0,1,0,1,attackArea,Skill_Frosty_attackArea,Skill_FrostyLord_Attack_Area,,1467,5000,Kosong ,3000,2, Serangan jarak jauh Frosty Lord,"2,500",CameraShakeGrade_3,1,0,1,,1000,474,,,,top_down_Thunder,[14],5,,,,,,
0,0,0,,0,,,1000,374,0,0,0,0,0,0,1,attack,,,,1500,0,Kosong,200,2, Frosty Lord lemah,"4,300,200,12000",,1,0,1,,1000,,,,,,,,,424,,,,
0,0,0,,0,,,,375,0,0,0,0,0,0,0,,,,,,0,Kosong,,2, Ramuan Penyembuhan Emas,,,1,0,1,,1000,427,,,,,,,,,,,,
0,0,0,,0,,,,376,0,0,0,0,0,0,0,,,,,,0,Kosong,,2, Ramuan Serangan Emas,,,1,0,1,,1000,428,,,,,,,,,,,,
0,0,0,,0,,,,377,0,0,0,0,0,0,0,,,,,,0,Kosong,,2, Ramuan Kecepatan Emas,,,1,0,1,,1000,429,,,,,,,,,,,,
0,0,0,,0,,,,378,0,0,0,0,0,0,0,,,,,,0,Kosong,,2, Ramuan Serangan Kritis Emas,,,1,0,1,,1000,430,,,,,,,,,,,,
0,0,0,,0,,,,379,0,0,0,0,0,0,0,,,,,,0,Kosong,,2, Ramuan Kehidupan Emas,,,1,0,1,,1000,"431,427",,,,,,,,,,,,
0,0,0,,0,,,,380,0,0,0,0,0,0,0,,,,,,0,Kosong,,2, Ramuan Pertahanan Emas,,,1,0,1,,1000,432,,,,,,,,,,,,
0,0,0,,0,,,,381,0,0,0,0,0,0,0,,,,,,0,Kosong,,2, Ramuan Penyembuhan Berlian,,,1,0,1,,1000,433,,,,,,,,,,,,
0,0,0,,0,,,,382,0,0,0,0,0,0,0,,,,,,0,Kosong,,2, Ramuan Serangan Berlian,,,1,0,1,,1000,434,,,,,,,,,,,,
0,0,0,,0,,,,383,0,0,0,0,0,0,0,,,,,,0,Kosong,,2, Ramuan Kecepatan Berlian,,,1,0,1,,1000,435,,,,,,,,,,,,
0,0,0,,0,,,,384,0,0,0,0,0,0,0,,,,,,0,Kosong,,2, Ramuan Serangan Kritis Berlian,,,1,0,1,,1000,436,,,,,,,,,,,,
0,0,0,,0,,,,385,0,0,0,0,0,0,0,,,,,,0,Kosong,,2, Ramuan Kehidupan Berlian,,,1,0,1,,1000,"437,433",,,,,,,,,,,,
0,0,0,,0,,,,386,0,0,0,0,0,0,0,,,,,,0,Kosong,,2, Ramuan Pertahanan Berlian,,,1,0,1,,1000,438,,,,,,,,,,,,
0,0,0,,0,,,,387,0,0,0,0,0,0,0,,,,,,0,Kosong,,2, Ramuan Penyembuhan Bintang,,,1,0,1,,1000,439,,,,,,,,,,,,
0,0,0,,0,,,,388,0,0,0,0,0,0,0,,,,,,0,Kosong,,2, Ramuan Serangan Bintang,,,1,0,1,,1000,440,,,,,,,,,,,,
0,0,0,,0,,,,389,0,0,0,0,0,0,0,,,,,,0,Kosong,,2, Ramuan Kecepatan Bintang,,,1,0,1,,1000,441,,,,,,,,,,,,
0,0,0,,0,,,,390,0,0,0,0,0,0,0,,,,,,0,Kosong,,2, Ramuan Serangan Kritis Bintang,,,1,0,1,,1000,442,,,,,,,,,,,,
0,0,0,,0,,,,391,0,0,0,0,0,0,0,,,,,,0,Kosong,,2, Ramuan Kehidupan Bintang,,,1,0,1,,1000,"443,439",,,,,,,,,,,,
0,0,0,,0,,,,392,0,0,0,0,0,0,0,,,,,,0,Kosong,,2, Ramuan Pertahanan Bintang,,,1,0,1,,1000,444,,,,,,,,,,,,
0,0,0,,0,15,"22,31",600,393,1,0,0,0,0,0,1,attack,,Skill_SkeletonSoldier_Attack,,833,4000,"Kosong
",500,2, Serangan normal Skeleton Soldier,"4,300,200,12000",,1,0,1,,1000,,,,,,,,,447,,,,
0,0,0,,0,,"460,463",333,394,1,0,0,0,0,0,1,attack,Skill_OrangeHead,Skill_OrangeLeaf_Attack,,1760,4000,"Kosong
",500,2, Serangan normal OrangeLeaf Egghead,"2,200",,1,0,1,,1000,461,,,,top_down_Cuboid,,,,448,,,,
0,0,0,,0,"15,238",22,1000,395,1,0,0,0,0,0,1,attack,,Skill_AngryStumb_Attack,,1866,4000,"Kosong
",500,2, Serangan normal Angry Stump,"2,200",,1,0,1,,1000,,,,,,,,,449,,,,
0,0,0,,0,15,22,500,396,1,0,0,0,0,0,1,attack,,Skill_SkeletonCaptain_Attack,,933,4000,"Kosong
",300,2, Serangan normal Skeleton Captain,"4,300,300,9000",,1,0,1,,1000,,,,,,,,,450,,,,
0,0,0,,0,"15,238",22,600,397,1,0,0,0,0,0,1,attack,skill_DarkEye_Attack,Skill_ShadowBehemoth_Attack,,1333,4000,"Kosong
",500,2, Serangan normal Shadow Behemoth,"2,300",,1,0,1,,1000,,,,,top_down_Normal_3,,,,451,,,,
0,0,0,,0,"15,9",414,400,398,1,0,0,0,1,0,1,attack,,Skill_DarkSnowSprite_Attack,,1000,4000,"Kosong
",1000,2, Snow Ball Dark Snow Sprite,"2,300",,1,0,1,,1000,,,,,top_down_Normal_3,[17],1,,452,,,,
0,0,0,,0,,22,333,399,1,0,0,0,0,0,1,attack2,,Skill_IceShellGiant_Attack,,2167,4000,"Kosong
",500,2, Serangan normal Ice Shell Giant,"1,200,1000,200",,1,0,1,,1000,"467,472,473",,,,top_down_Cuboid,,,,453,,,,
0,0,0,,0,15,,1400,400,1,0,0,0,1,0,1,attack,,Skill_SkeletonArcher_Attack,,2000,4000,"Kosong
",1400,2, Panah Skeleton Archer Lockin,,,1,0,1,,1000,,,,,,[19],1,,454,,,,
0,0,0,,0,465,,2266,401,1,0,0,0,0,0,1,attackArea,,Skill_RabbitWizard_Attack,,2433,10000,"Kosong
",1000,2, Dukungan Rabbit Wizard,"2,900",,1,0,2,,1000,465,,,,top_down_Blue_9,,,,455,,,,
0,0,0,,0,"458,456,446",,1000,402,1,0,0,0,1,0,1,attack,,Skill_TrapPush_Attack,,1500,4000,"Kosong
",2000,2, Monster Perangkap Dorong,,,1,0,1,,1000,,,,,,[15],1,,,,,,
0,0,0,,0,"458,445",,1000,403,1,0,0,0,1,0,1,attack,,Skill_TrapBomb_Attack,,1500,4000,"Kosong
",2000,2, Monster Perangkap Bom,"2,300",,1,0,1,,1000,,,,,top_down_Normal_3,[16],4,,,,,,
1,0,1,,0,459,,4000,404,0,1,0,1,0,1,0,pray,,,,4100,0," Keterampilan Penyelamatan.
",,2,Keterampilan Penyelamatan,,,2,1,1,,1000,,skill-icon-404,,,,,,,,,,,skill_Rescue_AccuBar
0,0,0,,0,385,,1000,405,1,0,0,0,1,0,1,attackArea,,Skill_DarkSnowSprite_AttackArea,,1500,4000,"Kosong
",1000,2, Snow Storm Dark Snow Sprite,"2,400",,1,0,1,,1000,"489,490",,,,Skill_SnowStorm,[18],2,,,,,,
0,0,0,,0,15,,1400,406,1,0,0,0,1,0,1,attackArea,,Skill_SkeletonArcher_AttackArea,,2000,4000,"Kosong
",1000,2, Hujan Panah Skeleton Archer,"2,300",,1,0,1,,1000,,,,,top_down_ArrowRain,[20],4,,,,,,
0,0,0,,0,"1,9",,800,407,1,0,0,0,1,0,1,attack,,Skill_RabbitWizard_AttackArea,,1100,4000,"Kosong
",1000,2, Sihir Pendarahan Rabbit Wizard,,,1,0,1,,1000,,,,,,[21],1,,,,,,
0,0,0,,0,1,"467,475",1166,408,1,0,0,0,0,0,1,attack,skill_TreeFlying,Skill_ForestLord_Attack,,2700,0,"Kosong
",1000,2, Terbangnya Pohon,"2,300",,3,0,1,,1000,467,,,,top_down_Normal_3,,,,476,,,,
0,0,0,,0,1,467,1000,409,1,0,0,0,1,0,1,attackArea,,Skill_ForestLord_AttackArea,,2833,30000,"Kosong
",1000,2, Hati-hati dengan pantatmu,"2,300",,1,0,1,,1000,"489,482,490",,,,top_down_Normal_3,[22],4,,,,,,
0,0,0,,0,,467,333,410,1,0,0,0,0,0,1,attack,,Skill_ArcticLord_Attack,,1266,2000,"Kosong
",1000,2, Biarkan aku menggigit,"1,200,1000,200",,1,0,1,,1000,"467,472,501",,,,top_down_Cuboid,,,,477,,,,
0,0,0,,0,"471,388",467,1000,411,1,0,0,0,1,0,1,attackArea,,Skill_ArcticLord_AttackArea,,2000,60000,"Kosong
",1000,2, Kemarahan Husky,"2,500",,1,0,1,,1000,"467,496",,,,top_down_MoonFalling,[23],4,,,,,,
0,0,0,,0,,"467,469",0,412,1,0,0,0,0,0,1,attack,Skill_Rush_Big,Skill_SoulLord_Attack,,1333,2000,"Kosong
",1000,2, Menusuk,"1,200,1500,200",,1,0,1,,1000,472,,,,top_down_Cuboid_20,,,,,,,,
0,0,0,,0,"471,386,3",467,1000,413,1,0,0,0,0,0,1,attackArea,Skill_GroundEletric_Instancer,Skill_SoulLord_AttackArea,,2000,4000,"Kosong
",1000,2, Memasukkan,"2,600",,1,0,1,,1000,,,,,top_down_Normal_6,,,,,,,,
0,0,0,,0,"35,388",467,0,414,1,0,0,0,1,0,1,attackRange,,Skill_FrostyLord_Attack,,2800,60000,"Kosong
",1000,2, Petir dengan menggosok tangan saya.,"2,300",,1,0,1,,1000,497,,,,top_down_Normal_3,[24],4,,478,,,,
0,0,0,,0,,,200,415,0,0,0,1,0,0,0,happy,,,,660,30000," Sementara meningkatkan Kapasitas Kebahagiaan Hewan Peliharaan.
",,2,Sentuhan Manis,,,1,0,1,,1000,470,skill-icon-415,,,,,,,,,,,
0,0,0,,0,"15,456,446",463,1700,417,1,0,0,0,0,0,1,attackArea,Skill_SkeletonCap_Attack,Skill_SkeletonCaptain_AttackArea,,2333,4000,"Kosong
",500,2, Serangan jarak jauh Skeleton Captain,"4,300,400,18000",,1,0,1,,1000,,,,,top_down_Normal_Half_4,,,,,,,,
0,0,0,,0,1,467,1000,422,1,0,0,0,1,0,1,attackArea,,Skill_FroestLord_AttackArea,,2833,12000,"Kosong
",1000,2,Hati-hati dengan pantatmu,"2,300",,1,0,1,,1000,"489,490",,,,top_down_Normal_3,[22],2,,,,,,
0,0,0,,0,"471,388",467,1000,423,1,0,0,0,1,0,1,attackArea,,Skill_ArcticLord_AttackArea,,2000,12000,"Kosong
",1000,2,Kemarahan Husky,"2,500",,1,0,1,,1000,467,,,,top_down_MoonFalling,[23],2,,,,,,
0,0,0,,0,"35,388",467,0,424,1,0,0,0,1,0,1,attackRange,,Skill_FrostyLord_Attack,,2800,12000,"Kosong
",1000,2,Petir dengan menggosok tanganku,"2,300",,1,0,1,,1000,499,,,,top_down_Normal_3,[24],2,,481,,,,
0,0,0,,0,,"467,469",0,425,1,0,0,0,0,0,1,attack,Skill_Rush_Big,Skill_SoulLord_Attack,,1333,4000,"Kosong
",1000,2,Menyengat,"1,200,1500,200",,1,0,1,,1000,472,,,,top_down_Cuboid_20,,,,479,,,,
0,0,0,,0,"471,386,3",467,1000,426,1,0,0,0,0,0,1,attackArea,Skill_GroundEletric_Instancer,Skill_SoulLord_AttackArea,,2000,4000,"Kosong
",1000,2,Memasukkan,"2,600",,1,0,1,,1000,,,,,top_down_Normal_6,,,,480,,,,
0,0,0,,0,213,,0,427,1,0,0,0,0,0,1,attack,,Skill_SoulLord_AttackArea,,100,0,"Kosong
",10000,2,Buff Area,"2,900",,1,0,2,,1000,,,,,top_down_Blue_9,,,,500,,,,
