canInvest-bool,extraDropPool-int,id-int,isRanking-bool,level-int[],loadingBg-string,maxDifficulty-int,name-string,refreshRatio-int[],reputationRequaireScore-int,respawnTimes-int,rewardFrequency-int,sceneName-string,sceneSubtype-int,sceneType-int,talentType-int,worldDropProbability-int,functionModule-int[],baseScore-int[],bossCovers-int[],challengeMode-int[],chapterBaseReward-int[],chapterEvents-int[][],chapterLuckyReward-int[],chapterProgress-int[],chapterPunish-int[][],chapterTimeLimit-int[],chapters-string[],desc-string,dropRewardShow-int[],punishDesc-string,randomSeeds-string[][],releaseTime-int[][],tickets-int[][],campLimit-int[],bossSeed-string[],chapterIds-int[],seedMaxLimit-int[]
0,0,10001,0,"0,999",HomeSceneLoading.jpg,0,Vacío,"5000,5000,5000,5000,5000,5000,5000,5000,5000,5000",-1,0,0,WorldScene,1,1,0,1850,,,,,,,,,,,,"Vacío
",,"Vacío
",,,,,,,
0,0,10002,0,"0,999",HomeSceneLoading.jpg,0,Vacío,,-1,0,0,HomeScene,1,2,0,10000,3,,,,,,,,,,,"Vacío
",,"Vacío
",,,,,,,
0,0,10003,0,"0,999",HomeSceneLoading.jpg,0,Vacío,,-1,0,0,WorldScene02,1,1,0,10000,,,,,,,,,,,,Vacío,,"Vacío
",,,,,,,
0,160,20000,1,"0,3",DungeonSceneLoading_1_3.jpg,5,Pico de Flores,,100,0,3,DungeonSceneLv1-3,1,3,2,10000,1,"10000,20000,30000","55,0,54",2,"58,59,60","16,17;16,17;16,17","61,62,63","30,60,120","3500,13500;3500,13500;3500,13500","120,190,400","Chapter 1/3,Chapter 2/3,Chapter 3/3","Anidado dentro de la exuberante vegetación de la selva, es como un milagro en la tierra. Sus picos rocosos se asemejan a una fila de afiladas hojas de espada, pero también se asemejan a pétalos.
",185,"Cuando mueres, hay una posibilidad de que se caigan los objetos de tu mochila.
",0;0;0,"0,1440","468,1",,,,
0,40,20001,1,"4,6",DungeonSceneLoading_4_6.jpg,5,Reino Flotante,,160,0,3,DungeonSceneLv4-6,1,3,2,10000,1,"10000,20000,30000","37,39,38",2,"52,53,54","16,17;16,17;16,17","47,48,49","320,640,960","3500,13500;3500,13500;3500,13500","470,500,770","Chapter 1/3,Chapter 2/3,Chapter 3/3","En ese dominio destrozado, una oscura fortaleza se alza con orgullo, sus bordes suspendidos en el vacío, sin ningún soporte físico. Está lleno de una gran cantidad de peligrosos monstruos, cultivando muchos coleccionables raros que nunca antes se han visto.
Equipo ",186,"Cuando mueres, hay una posibilidad de que se caigan los objetos de tu mochila.
",0;0;0,"0,1440","467,1",,,,
0,10,20002,1,"7,9",DungeonSceneLoading_7_9.jpg,5,Dominio Antiguo,,640,0,3,DungeonSCeneLv7-9,1,3,2,10000,1,"10000,20000,30000","61,71,66",2,"82,83,84","16,17;16,17;16,17","85,86,87","2560,5120,10240","3500,13500;3500,13500;3500,13500","470,500,760","Chapter 1/3,Chapter 2/3,Chapter 3/3","Lucha contra criaturas ardientes; pelea en un entorno oscuro y espeluznante, protegiéndote de los ataques de seres del vacío; adéntrate en ruinas antiguas para desenterrar secretos y tesoros ocultos en lo más profundo. Valientes aventureros, ¿están listos para enfrentar este desafío?
",187,"Cuando mueres, hay una posibilidad de que se caigan los objetos de tu mochila.
",0;0;0,"0,1440","658,1",,,,
1,0,21001,0,"1,3",DungeonSceneLoading_7_9.jpg,0,Arena Junior,,-1,0,5,PVPDungeonSceneSoloLv1-3,2,3,2,10000,"1,2","0,10000","55,0,54",2,",",;,",","0,0","3500,13500;3500,13500","120,1200","Matching,Challenging","## Recompensas
- **Derrotar monstruos o recolectar**: Los jugadores recibirán recompensas **Token** invertidas por los tótems.
- **Eliminar a otros jugadores**: Los jugadores pueden reclamar las recompensas **LUASUD** no resueltas de sus oponentes derrotados.
- **Derrotar jefes**: Los jugadores pueden obtener **materiales especiales misteriosos** esenciales para la progresión del juego.
## Resumen de las reglas
- **Estructura de niveles**: La mazmorra consta de **3 niveles caóticos**, cada uno presentando sus propios desafíos.
- **Zonas seguras**: Hay **zonas seguras** dentro de los niveles, que se **encogerán con el tiempo**, obligando a los jugadores a enfrentarse.
- **Tres tipos de puertas**:
  - **Puerta de desafío**: Para los valientes, esta puerta conduce al siguiente nivel de aventura.
  - **Puerta de escape**: Salir de la mazmorra y renunciar a cualquier recompensa **Token** no resuelta.
  - **Puerta de asentamiento**: Establecerse y recolectar recompensas **Token** en una cierta proporción.
",,"Cuando mueres, hay una posibilidad de que se caigan los objetos de tu mochila.
",0;0,"0,0","659,1","8,24",,,
1,0,21002,0,"4,6",PVPDungeonSceneLoading_4_6.jpg,0,Arena Intermedia,,-1,0,5,PVPDungeonSceneSoloLv4-6,2,3,2,10000,"1,2","0,10000","37,39,38",2,",",;,",","0,0","3500,13500;3500,13500","120,1200","Matching,Challenging","## Recompensas
- **Derrotar monstruos o recolectar**: Los jugadores recibirán recompensas **Token** invertidas por los tótems.
- **Eliminar a otros jugadores**: Los jugadores pueden reclamar las recompensas **LUASUD** no resueltas de sus oponentes derrotados.
- **Derrotar jefes**: Los jugadores pueden obtener **materiales especiales misteriosos** esenciales para la progresión del juego.
## Resumen de las reglas
- **Estructura de niveles**: La mazmorra consta de **3 niveles caóticos**, cada uno presentando sus propios desafíos.
- **Zonas seguras**: Hay **zonas seguras** dentro de los niveles, que se **encogerán con el tiempo**, obligando a los jugadores a enfrentarse.
- **Tres tipos de puertas**:
  - **Puerta de desafío**: Para los valientes, esta puerta conduce al siguiente nivel de aventura.
  - **Puerta de escape**: Salir de la mazmorra y renunciar a cualquier recompensa **Token** no resuelta.
  - **Puerta de asentamiento**: Establecerse y recolectar recompensas **Token** en una cierta proporción.
",,"Cuando mueres, hay una posibilidad de que se caigan los objetos de tu mochila.
",0;0,"0,0","660,1","8,24",,,
1,0,21003,0,"7,9",PVPDungeonSceneLoading_4_6.jpg,0,Arena Avanzada,,-1,0,5,PVPDungeonSceneSoloLv7-9,2,3,2,10000,"1,2","0,10000","61,71,66",2,",",;,",","0,0","3500,13500;3500,13500","120,1200","Matching,Challenging","## Recompensas
- **Derrotar monstruos o recolectar**: Los jugadores recibirán recompensas **Token** invertidas por los tótems.
- **Eliminar a otros jugadores**: Los jugadores pueden reclamar las recompensas **LUASUD** no resueltas de sus oponentes derrotados.
- **Derrotar jefes**: Los jugadores pueden obtener **materiales especiales misteriosos** esenciales para la progresión del juego.
## Resumen de las reglas
- **Estructura de niveles**: La mazmorra consta de **3 niveles caóticos**, cada uno presentando sus propios desafíos.
- **Zonas seguras**: Hay **zonas seguras** dentro de los niveles, que se **encogerán con el tiempo**, obligando a los jugadores a enfrentarse.
- **Tres tipos de puertas**:
  - **Puerta de desafío**: Para los valientes, esta puerta conduce al siguiente nivel de aventura.
  - **Puerta de escape**: Salir de la mazmorra y renunciar a cualquier recompensa **Token** no resuelta.
  - **Puerta de asentamiento**: Establecerse y recolectar recompensas **Token** en una cierta proporción.
",,"Cuando mueres, hay una posibilidad de que se caigan los objetos de tu mochila.
",0;0,"0,0","661,1","8,24",,,
1,0,22001,0,"1,3",DungeonSceneLoading_7_9.jpg,0,Arena Individual Junior,,-1,0,5,PVPDungeonSceneSoloLv1-3,2,3,2,10000,"1,2","0,10000","55,0,54",1,",",;,",","0,0","3500,13500;3500,13500","120,1200","Matching,Challenging","## Recompensas
- **Derrotar monstruos o recolectar**: Los jugadores recibirán recompensas **Token** invertidas por los tótems.
- **Eliminar a otros jugadores**: Los jugadores pueden reclamar las recompensas **LUASUD** no resueltas de sus oponentes derrotados.
- **Derrotar jefes**: Los jugadores pueden obtener **materiales especiales misteriosos** esenciales para la progresión del juego.
## Resumen de las reglas
- **Estructura de niveles**: La mazmorra consta de **3 niveles caóticos**, cada uno presentando sus propios desafíos.
- **Zonas seguras**: Hay **zonas seguras** dentro de los niveles, que se **encogerán con el tiempo**, obligando a los jugadores a enfrentarse.
- **Tres tipos de puertas**:
  - **Puerta de desafío**: Para los valientes, esta puerta conduce al siguiente nivel de aventura.
  - **Puerta de escape**: Salir de la mazmorra y renunciar a cualquier recompensa **Token** no resuelta.
  - **Puerta de asentamiento**: Establecerse y recolectar recompensas **Token** en una cierta proporción.
",,"Cuando mueres, hay una posibilidad de que se caigan los objetos de tu mochila.
",0;0,"0,0","659,1","3,24",,,
1,0,22002,0,"4,6",PVPDungeonSceneLoading_4_6.jpg,0,Arena Individual Intermedia,,-1,0,5,PVPDungeonSceneSoloLv4-6,2,3,2,10000,"1,2","0,10000","37,39,38",1,",",;,",","0,0","3500,13500;3500,13500","120,1200","Matching,Challenging","## Recompensas
- **Derrotar monstruos o recolectar**: Los jugadores recibirán recompensas **Token** invertidas por los tótems.
- **Eliminar a otros jugadores**: Los jugadores pueden reclamar las recompensas **LUASUD** no resueltas de sus oponentes derrotados.
- **Derrotar jefes**: Los jugadores pueden obtener **materiales especiales misteriosos** esenciales para la progresión del juego.
## Resumen de las reglas
- **Estructura de niveles**: La mazmorra consta de **3 niveles caóticos**, cada uno presentando sus propios desafíos.
- **Zonas seguras**: Hay **zonas seguras** dentro de los niveles, que se **encogerán con el tiempo**, obligando a los jugadores a enfrentarse.
- **Tres tipos de puertas**:
  - **Puerta de desafío**: Para los valientes, esta puerta conduce al siguiente nivel de aventura.
  - **Puerta de escape**: Salir de la mazmorra y renunciar a cualquier recompensa **Token** no resuelta.
  - **Puerta de asentamiento**: Establecerse y recolectar recompensas **Token** en una cierta proporción.
",,"Cuando mueres, hay una posibilidad de que se caigan los objetos de tu mochila.
",0;0,"0,0","660,1","3,24",,,
1,0,22003,0,"7,9",PVPDungeonSceneLoading_4_6.jpg,0,Arena Individual Avanzada,,-1,0,5,PVPDungeonSceneSoloLv7-9,2,3,2,10000,"1,2","0,10000","61,71,66",1,",",;,",","0,0","3500,13500;3500,13500","120,1200","Matching,Challenging","## Recompensas
- **Derrotar monstruos o recolectar**: Los jugadores recibirán recompensas **Token** invertidas por los tótems.
- **Eliminar a otros jugadores**: Los jugadores pueden reclamar las recompensas **LUASUD** no resueltas de sus oponentes derrotados.
- **Derrotar jefes**: Los jugadores pueden obtener **materiales especiales misteriosos** esenciales para la progresión del juego.
## Resumen de las reglas
- **Estructura de niveles**: La mazmorra consta de **3 niveles caóticos**, cada uno presentando sus propios desafíos.
- **Zonas seguras**: Hay **zonas seguras** dentro de los niveles, que se **encogerán con el tiempo**, obligando a los jugadores a enfrentarse.
- **Tres tipos de puertas**:
  - **Puerta de desafío**: Para los valientes, esta puerta conduce al siguiente nivel de aventura.
  - **Puerta de escape**: Salir de la mazmorra y renunciar a cualquier recompensa **Token** no resuelta.
  - **Puerta de asentamiento**: Establecerse y recolectar recompensas **Token** en una cierta proporción.",,"Cuando mueres, hay una posibilidad de que se caigan los objetos de tu mochila.",0;0,"0,0","661,1","3,24",,,
0,0,23001,0,"1,3",DungeonSceneLoading_7_9.jpg,0,Junior Arena - Mini ,,-1,0,0,PVPDungeonSceneSoloLv1-3,2,3,2,10000,"1,2","0,10000","55,0,54",2,",",;,",","0,0","3500,13500;3500,13500","120,1200","Matching,Challenging"," Recompensas
- Derrotar Monstruos o Recolectar: Los jugadores recibirán recompensas de Token invertidas por tótems.
- Eliminar a Otros Jugadores: Los jugadores pueden reclamar las recompensas LUASUD no resueltas de sus oponentes derrotados.
- Derrotar Jefes: Los jugadores pueden obtener materiales especiales misteriosos esenciales para la progresión del juego.
Resumen de Reglas
- Estructura de Niveles: La mazmorra consta de 3 niveles caóticos, cada uno presentando su propio conjunto de desafíos.
- Zonas Seguras: Hay zonas seguras dentro de los niveles, que se reducirán con el tiempo, obligando a los jugadores a confrontarse.
- Tres Tipos de Puertas:
  - Puerta de Desafío: Para los valientes, esta puerta conduce al siguiente nivel de aventura.
  - Puerta de Escape: Salir de la mazmorra y renunciar a cualquier recompensa de Token no resuelta.
  - Puerta de Asentamiento: Establecer y recoger recompensas de Token a cierta proporción.",,"Cuando mueres, hay una posibilidad de que se caigan los objetos de tu mochila.",0;0,"1200,1320;720,840","934,1","5,24",,,
0,0,23002,0,"4,6",PVPDungeonSceneLoading_4_6.jpg,0, Arena Intermedia - Mini ,,-1,0,0,PVPDungeonSceneSoloLv4-6,2,3,2,10000,"1,2","0,10000","37,39,38",2,",",;,",","0,0","3500,13500;3500,13500","120,1200","Matching,Challenging"," Recompensas
- Derrotar Monstruos o Recolectar: Los jugadores recibirán recompensas de Token invertidas por tótems.
- Eliminar a Otros Jugadores: Los jugadores pueden reclamar las recompensas LUASUD no resueltas de sus oponentes derrotados.
- Derrotar Jefes: Los jugadores pueden obtener materiales especiales misteriosos esenciales para la progresión del juego.
Resumen de Reglas
- Estructura de Niveles: La mazmorra consta de 3 niveles caóticos, cada uno presentando su propio conjunto de desafíos.
- Zonas Seguras: Hay zonas seguras dentro de los niveles, que se reducirán con el tiempo, obligando a los jugadores a confrontarse.
- Tres Tipos de Puertas:
  - Puerta de Desafío: Para los valientes, esta puerta conduce al siguiente nivel de aventura.
  - Puerta de Escape: Salir de la mazmorra y renunciar a cualquier recompensa de Token no resuelta.
  - Puerta de Asentamiento: Establecer y recoger recompensas de Token a cierta proporción.",,"Cuando mueres, hay una posibilidad de que se caigan los objetos de tu mochila.",0;0,"1200,1320;720,840","935,1","5,24",,,
0,0,23003,0,"7,9",PVPDungeonSceneLoading_4_6.jpg,0, Arena Avanzada - Mini,,-1,0,0,PVPDungeonSceneSoloLv7-9,2,3,2,10000,"1,2","0,10000","61,71,66",2,",",;,",","0,0","3500,13500;3500,13500","120,1200","Matching,Challenging"," Recompensas
- Derrotar Monstruos o Recolectar: Los jugadores recibirán recompensas de Token invertidas por tótems.
- Eliminar a Otros Jugadores: Los jugadores pueden reclamar las recompensas LUASUD no resueltas de sus oponentes derrotados.
- Derrotar Jefes: Los jugadores pueden obtener materiales especiales misteriosos esenciales para la progresión del juego.
Resumen de Reglas
- Estructura de Niveles: La mazmorra consta de 3 niveles caóticos, cada uno presentando su propio conjunto de desafíos.
- Zonas Seguras: Hay zonas seguras dentro de los niveles, que se reducirán con el tiempo, obligando a los jugadores a confrontarse.
- Tres Tipos de Puertas:
  - Puerta de Desafío: Para los valientes, esta puerta conduce al siguiente nivel de aventura.
  - Puerta de Escape: Salir de la mazmorra y renunciar a cualquier recompensa de Token no resuelta.
  - Puerta de Asentamiento: Establecer y recoger recompensas de Token a cierta proporción.",,"Cuando mueres, hay una posibilidad de que se caigan los objetos de tu mochila.",0;0,"1200,1320;720,840","936,1","5,24",,,
0,0,30001,0,"1,9",DungeonSceneLoading_1_3.jpg,5,Desafío diario,,-1,0,1,DailyDungeon,1,3,2,0,1,"10000,20000,30000,40000,50000,60000,70000,80000,90000","6,7,8",1,"102,103,104,105,106,107,108,109,110",;;;;;;;;,",,,,,,,,","6,12,24,48,96,192,384,768,1536","0,0;0,0;0,0;0,0;0,0;0,0;0,0;0,0;0,0","120,90,90,90,90,90,90,90,90","Level 1,Level 2,Level 3,Level 4,Level 5,Level 6,Level 7,Level 8,Level 9",Desafío diario,,Sin pena de muerte,0;0;0;0;0;0;0;0;0,"0,1440","733,1",,,,
0,0,30002,0,"1,9",PVPDungeonSceneLoading_4_6.jpg,0,Campo de entrenamiento,,-1,0,1,PVPTrainingDungeon,2,3,2,1850,"1,2","0,10000","55,0,54",1,",",;,",","0,0","3500,13500;3500,13500","120,1200","Matching,Challenging","Campo de entrenamiento PVEP - Admite batallas de 12 a 24 jugadores, la muerte no tendrá ninguna caída, tickets de misiones diarias.",,Sin pena de muerte,0;0,"0,1440","733,1","8,24",,,
0,160,40001,1,"0,3",HomeSceneLoading.jpg,5, Desafío de recolección junior,,100,0,3,GatherDungeon1-3,1,3,3,10000,1,"10000,20000,30000","123,122,121",2,"159,160,161","22,18,19;18,19;18,19","178,179,180","28,56,112","0,0;0,0;0,0","120,190,400","Gather Challenge Chapter 1/3,Gather Challenge Chapter 2/3,Gather Challenge Chapter 3/3"," Los desafiantes que completen el desafío tendrán la oportunidad de recibir una recompensa en forma de medalla.
En el Desafío de Recolección, la defensa de los Recursos se incrementará. Como correspondencia, los jugadores recibirán un beneficio que convierte la competencia en recolección en ataque de recolección.
",188,Sin pena de muerte,0;0;0,"0,1440","775,1",,,,
0,40,40002,1,"4,6",HomeSceneLoading.jpg,5, Desafío de recolección intermedio,,160,0,3,GatherDungeon4-6,1,3,3,10000,1,"10000,20000,30000","123,122,121",2,"162,163,164","22,18,19;18,19;18,19","181,182,183","224,448,896","0,0;0,0;0,0","470,500,770","Gather Challenge Chapter 1/3,Gather Challenge Chapter 2/3,Gather Challenge Chapter 3/3"," Los desafiantes que completen el desafío tendrán la oportunidad de recibir una recompensa en forma de medalla.
En el Desafío de Recolección, la defensa de los Recursos se incrementará. Como correspondencia, los jugadores recibirán un beneficio que convierte la competencia en recolección en ataque de recolección.
",189,Sin pena de muerte,0;0;0,"0,1440","776,1",,,,
0,10,40003,1,"7,9",HomeSceneLoading.jpg,5, Desafío de recolección avanzado,,640,0,3,GatherDungeon7-9,1,3,3,10000,1,"10000,20000,30000","123,122,121",2,"165,166,167","22,18,19;18,19;18,19","184,185,186","1792,3584,7168","0,0;0,0;0,0","470,500,760","Gather Challenge Chapter 1/3,Gather Challenge Chapter 2/3,Gather Challenge Chapter 3/3"," Los desafiantes que completen el desafío tendrán la oportunidad de recibir una recompensa en forma de medalla.
En el Desafío de Recolección, la defensa de los Recursos se incrementará. Como correspondencia, los jugadores recibirán un beneficio que convierte la competencia en recolección en ataque de recolección.
",190,Sin pena de muerte,0;0;0,"0,1440","777,1",,,,
0,160,50001,1,"0,3",HomeSceneLoading.jpg,5, Desafío de agricultura junior,,24,0,3,FarmingDungeon1-3,1,3,1,10000,"1,3","10000,20000,30000","123,122,121",1,"168,169,170",21;21;21,"187,188,189","8,16,32","0,0;0,0;0,0","120,150,210","Farm Challenge Chapter 1/3,Farm Challenge Chapter 2/3,Farm Challenge Chapter 3/3"," Los desafiantes que completen el desafío tendrán la oportunidad de recibir una recompensa en forma de medalla.
",191,Sin pena de muerte,"146#1000#1000#1000,147#1000#1000#1000,148#1000#1000#1000;149#1000#2000#2000,150#1000#2000#2000,151#1000#2000#2000;152#1000#3000#3000,153#1000#3000#3000,154#1000#3000#3000","0,1440","778,1",,"824#10000#1000#1000,825#10000#2000#2000,826#10000#3000#3000","366,367,368","4,4,4"
0,40,50002,1,"4,6",HomeSceneLoading.jpg,5, Desafío de agricultura intermedio,,64,0,3,FarmingDungeon4-6,1,3,1,10000,"1,3","10000,20000,30000","123,122,121",1,"171,172,173",21;21;21,"190,191,192","64,128,256","0,0;0,0;0,0","300,330,390","Farm Challenge Chapter 1/3,Farm Challenge Chapter 2/3,Farm Challenge Chapter 3/3"," Los desafiantes que completen el desafío tendrán la oportunidad de recibir una recompensa en forma de medalla.
",192,Sin pena de muerte,"413#1000#4000#4000,414#1000#4000#4000,415#1000#4000#4000;416#1000#5000#5000,417#1000#5000#5000,418#1000#5000#5000;419#1000#6000#6000,420#1000#6000#6000,421#1000#6000#6000","0,1440","779,1",,"827#10000#4000#4000,828#10000#5000#5000,829#10000#6000#6000","369,370,371","4,4,4"
0,10,50003,1,"7,9",HomeSceneLoading.jpg,5, Desafío de agricultura avanzado,,512,0,3,FarmingDungeon7-9,1,3,1,10000,"1,3","10000,20000,30000","123,122,121",1,"174,175,176",21;21;21,"193,194,195","512,1024,2048","0,0;0,0;0,0","480,510,570","Farm Challenge Chapter 1/3,Farm Challenge Chapter 2/3,Farm Challenge Chapter 3/3", Los desafiantes que completen el desafío tendrán la oportunidad de recibir una recompensa en forma de medalla.,193,Sin pena de muerte,"614#1000#7000#7000,615#1000#7000#7000,616#1000#7000#7000;617#1000#8000#8000,618#1000#8000#8000,619#1000#8000#8000;620#1000#9000#9000,621#1000#9000#9000,622#1000#9000#9000","0,1440","780,1",,"830#10000#7000#7000,831#10000#8000#8000,832#10000#9000#9000","372,373,374","4,4,4"
0,0,24001,0,"1,9",DungeonSceneLoading_1_3.jpg,5, Centennial Trials - Combate ,,-1,0,1,TowerDungeon_Combat,1,3,2,0,"1,4","0,0,0,0,0,0,0,0,0,0,0,0,0,0,0,0,0,0,0,0,0,0,0,0,0,0,0,0,0,0,0,0,0,0,0,0,0,0,0,0,0,0,0,0,0,0,0,0,0,0,0,0,0,0,0,0,0,0,0,0,0,0,0,0,0,0,0,0,0,0,0,0,0,0,0,0,0,0,0,0,0,0,0,0,0,0,0,0,0,0","61,71,66",1,",,,,,,,,,,,,,,,,,,,,,,,,,,,,,,,,,,,,,,,,,,,,,,,,,,,,,,,,,,,,,,,,,,,,,,,,,,,,,,,,,,,,,,,,,",;;;;;;;;;;;;;;;;;;;;;;;;;;;;;;;;;;;;;;;;;;;;;;;;;;;;;;;;;;;;;;;;;;;;;;;;;;;;;;;;;;;;;;;;;,"218,218,218,218,218,218,218,218,218,218,218,218,218,218,218,218,218,218,218,218,218,218,218,218,218,218,218,218,218,218,218,218,218,218,218,218,218,218,218,218,218,218,218,218,218,218,218,218,218,218,218,218,218,218,218,218,218,218,218,218,218,218,218,218,218,218,218,218,218,218,218,218,218,218,218,218,218,218,218,218,218,218,218,218,218,218,218,218,218,218","12,12,12,12,20,12,12,12,12,20,24,24,24,24,40,24,24,24,24,40,48,48,48,48,80,48,48,48,48,80,96,96,96,96,160,96,96,96,96,160,192,192,192,192,320,192,192,192,192,320,384,384,384,384,640,384,384,384,384,640,768,768,768,768,1280,768,768,768,768,1280,1536,1536,1536,1536,2560,1536,1536,1536,1536,2560,3072,3072,3072,3072,5120,3072,3072,3072,3072,5120","0,0;0,0;0,0;0,0;0,0;0,0;0,0;0,0;0,0;0,0;0,0;0,0;0,0;0,0;0,0;0,0;0,0;0,0;0,0;0,0;0,0;0,0;0,0;0,0;0,0;0,0;0,0;0,0;0,0;0,0;0,0;0,0;0,0;0,0;0,0;0,0;0,0;0,0;0,0;0,0;0,0;0,0;0,0;0,0;0,0;0,0;0,0;0,0;0,0;0,0;0,0;0,0;0,0;0,0;0,0;0,0;0,0;0,0;0,0;0,0;0,0;0,0;0,0;0,0;0,0;0,0;0,0;0,0;0,0;0,0;0,0;0,0;0,0;0,0;0,0;0,0;0,0;0,0;0,0;0,0;0,0;0,0;0,0;0,0;0,0;0,0;0,0;0,0;0,0;0,0","120,90,90,90,180,90,90,90,90,180,90,90,90,90,180,90,90,90,90,180,90,90,90,90,180,90,90,90,90,180,90,90,90,90,180,90,90,90,90,180,90,90,90,90,180,90,90,90,90,180,90,90,90,90,180,90,90,90,90,180,90,90,90,90,180,90,90,90,90,180,90,90,90,90,180,90,90,90,90,180,90,90,90,90,180,90,90,90,90,180","Combat Challenge Level 1-1,Combat Challenge Level 1-2,Combat Challenge Level 1-3,Combat Challenge Level 1-4,Combat Challenge Level 1-5,Combat Challenge Level 1-6,Combat Challenge Level 1-7,Combat Challenge Level 1-8,Combat Challenge Level 1-9,Combat Challenge Level 1-10,Combat Challenge Level 2-1,Combat Challenge Level 2-2,Combat Challenge Level 2-3,Combat Challenge Level 2-4,Combat Challenge Level 2-5,Combat Challenge Level 2-6,Combat Challenge Level 2-7,Combat Challenge Level 2-8,Combat Challenge Level 2-9,Combat Challenge Level 2-10,Combat Challenge Level 3-1,Combat Challenge Level 3-2,Combat Challenge Level 3-3,Combat Challenge Level 3-4,Combat Challenge Level 3-5,Combat Challenge Level 3-6,Combat Challenge Level 3-7,Combat Challenge Level 3-8,Combat Challenge Level 3-9,Combat Challenge Level 3-10,Combat Challenge Level 4-1,Combat Challenge Level 4-2,Combat Challenge Level 4-3,Combat Challenge Level 4-4,Combat Challenge Level 4-5,Combat Challenge Level 4-6,Combat Challenge Level 4-7,Combat Challenge Level 4-8,Combat Challenge Level 4-9,Combat Challenge Level 4-10,Combat Challenge Level 5-1,Combat Challenge Level 5-2,Combat Challenge Level 5-3,Combat Challenge Level 5-4,Combat Challenge Level 5-5,Combat Challenge Level 5-6,Combat Challenge Level 5-7,Combat Challenge Level 5-8,Combat Challenge Level 5-9,Combat Challenge Level 5-10,Combat Challenge Level 6-1,Combat Challenge Level 6-2,Combat Challenge Level 6-3,Combat Challenge Level 6-4,Combat Challenge Level 6-5,Combat Challenge Level 6-6,Combat Challenge Level 6-7,Combat Challenge Level 6-8,Combat Challenge Level 6-9,Combat Challenge Level 6-10,Combat Challenge Level 7-1,Combat Challenge Level 7-2,Combat Challenge Level 7-3,Combat Challenge Level 7-4,Combat Challenge Level 7-5,Combat Challenge Level 7-6,Combat Challenge Level 7-7,Combat Challenge Level 7-8,Combat Challenge Level 7-9,Combat Challenge Level 7-10,Combat Challenge Level 8-1,Combat Challenge Level 8-2,Combat Challenge Level 8-3,Combat Challenge Level 8-4,Combat Challenge Level 8-5,Combat Challenge Level 8-6,Combat Challenge Level 8-7,Combat Challenge Level 8-8,Combat Challenge Level 8-9,Combat Challenge Level 8-10,Combat Challenge Level 9-1,Combat Challenge Level 9-2,Combat Challenge Level 9-3,Combat Challenge Level 9-4,Combat Challenge Level 9-5,Combat Challenge Level 9-6,Combat Challenge Level 9-7,Combat Challenge Level 9-8,Combat Challenge Level 9-9,Combat Challenge Level 9-10","El desafío consiste en un total de 90 niveles. Cada nivel aumenta el nivel de los monstruos en uno. Cada 5 niveles, aparecerá un Jefe, y derrotar al Jefe guardará tu progreso. Los jugadores con progreso guardado pueden heredar su progreso para continuar el desafío.

Al completar con éxito el desafío, los jugadores pueden ganar recompensas en el módulo de lotería:
- Tu puntuación / Puntuación total de todos los jugadores en las últimas 24 horas * 100% * Total del premio -
Puedes participar en la lotería una vez al día, y tu mejor puntuación se utilizará para el cálculo.

El premio se actualiza periódicamente, y los datos de progreso junto con los datos del premio se reinician todos los domingos a las 0:00 UTC.",,Sin pena de muerte,0;0;0;0;0;0;0;0;0;0;0;0;0;0;0;0;0;0;0;0;0;0;0;0;0;0;0;0;0;0;0;0;0;0;0;0;0;0;0;0;0;0;0;0;0;0;0;0;0;0;0;0;0;0;0;0;0;0;0;0;0;0;0;0;0;0;0;0;0;0;0;0;0;0;0;0;0;0;0;0;0;0;0;0;0;0;0;0;0;0,"0,1440","973,1",,,"7,8,9,10,11,12,13,14,15,16,17,18,19,20,21,22,23,24,25,26,27,28,29,30,31,32,33,34,35,36,37,38,39,40,41,42,43,44,45,46,47,48,49,50,51,52,53,54,144,145,146,147,148,149,150,151,152,153,154,155,156,157,158,159,160,161,162,163,164,165,166,167,168,169,170,171,172,173,174,175,176,177,178,179,180,181,182,183,184,185","0,0,0,0,0,0,0,0,0,0,0,0,0,0,0,0,0,0,0,0,0,0,0,0,0,0,0,0,0,0,0,0,0,0,0,0,0,0,0,0,0,0,0,0,0,0,0,0,0,0,0,0,0,0,0,0,0,0,0,0,0,0,0,0,0,0,0,0,0,0,0,0,0,0,0,0,0,0,0,0,0,0,0,0,0,0,0,0,0,0"
0,0,44001,0,"1,9",DungeonSceneLoading_1_3.jpg,5,Centennial Trials - Gathering ,,-1,0,1,TowerDungeon_Gathering,1,3,3,0,"1,4","0,0,0,0,0,0,0,0,0,0,0,0,0,0,0,0,0,0,0,0,0,0,0,0,0,0,0,0,0,0,0,0,0,0,0,0,0,0,0,0,0,0,0,0,0,0,0,0,0,0,0,0,0,0,0,0,0,0,0,0,0,0,0,0,0,0,0,0,0,0,0,0,0,0,0,0,0,0,0,0,0,0,0,0,0,0,0,0,0,0","61,71,66",1,",,,,,,,,,,,,,,,,,,,,,,,,,,,,,,,,,,,,,,,,,,,,,,,,,,,,,,,,,,,,,,,,,,,,,,,,,,,,,,,,,,,,,,,,,",;;;;;;;;;;;;;;;;;;;;;;;;;;;;;;;;;;;;;;;;;;;;;;;;;;;;;;;;;;;;;;;;;;;;;;;;;;;;;;;;;;;;;;;;;,"218,218,218,218,218,218,218,218,218,218,218,218,218,218,218,218,218,218,218,218,218,218,218,218,218,218,218,218,218,218,218,218,218,218,218,218,218,218,218,218,218,218,218,218,218,218,218,218,218,218,218,218,218,218,218,218,218,218,218,218,218,218,218,218,218,218,218,218,218,218,218,218,218,218,218,218,218,218,218,218,218,218,218,218,218,218,218,218,218,218","12,12,12,12,20,12,12,12,12,20,24,24,24,24,40,24,24,24,24,40,48,48,48,48,80,48,48,48,48,80,96,96,96,96,160,96,96,96,96,160,192,192,192,192,320,192,192,192,192,320,384,384,384,384,640,384,384,384,384,640,768,768,768,768,1280,768,768,768,768,1280,1536,1536,1536,1536,2560,1536,1536,1536,1536,2560,3072,3072,3072,3072,5120,3072,3072,3072,3072,5120","0,0;0,0;0,0;0,0;0,0;0,0;0,0;0,0;0,0;0,0;0,0;0,0;0,0;0,0;0,0;0,0;0,0;0,0;0,0;0,0;0,0;0,0;0,0;0,0;0,0;0,0;0,0;0,0;0,0;0,0;0,0;0,0;0,0;0,0;0,0;0,0;0,0;0,0;0,0;0,0;0,0;0,0;0,0;0,0;0,0;0,0;0,0;0,0;0,0;0,0;0,0;0,0;0,0;0,0;0,0;0,0;0,0;0,0;0,0;0,0;0,0;0,0;0,0;0,0;0,0;0,0;0,0;0,0;0,0;0,0;0,0;0,0;0,0;0,0;0,0;0,0;0,0;0,0;0,0;0,0;0,0;0,0;0,0;0,0;0,0;0,0;0,0;0,0;0,0;0,0","120,90,90,90,180,90,90,90,90,180,90,90,90,90,180,90,90,90,90,180,90,90,90,90,180,90,90,90,90,180,90,90,90,90,180,90,90,90,90,180,90,90,90,90,180,90,90,90,90,180,90,90,90,90,180,90,90,90,90,180,90,90,90,90,180,90,90,90,90,180,90,90,90,90,180,90,90,90,90,180,90,90,90,90,180,90,90,90,90,180","Gathering Challenge Level 1-1,Gathering Challenge Level 1-2,Gathering Challenge Level 1-3,Gathering Challenge Level 1-4,Gathering Challenge Level 1-5,Gathering Challenge Level 1-6,Gathering Challenge Level 1-7,Gathering Challenge Level 1-8,Gathering Challenge Level 1-9,Gathering Challenge Level 1-10,Gathering Challenge Level 2-1,Gathering Challenge Level 2-2,Gathering Challenge Level 2-3,Gathering Challenge Level 2-4,Gathering Challenge Level 2-5,Gathering Challenge Level 2-6,Gathering Challenge Level 2-7,Gathering Challenge Level 2-8,Gathering Challenge Level 2-9,Gathering Challenge Level 2-10,Gathering Challenge Level 3-1,Gathering Challenge Level 3-2,Gathering Challenge Level 3-3,Gathering Challenge Level 3-4,Gathering Challenge Level 3-5,Gathering Challenge Level 3-6,Gathering Challenge Level 3-7,Gathering Challenge Level 3-8,Gathering Challenge Level 3-9,Gathering Challenge Level 3-10,Gathering Challenge Level 4-1,Gathering Challenge Level 4-2,Gathering Challenge Level 4-3,Gathering Challenge Level 4-4,Gathering Challenge Level 4-5,Gathering Challenge Level 4-6,Gathering Challenge Level 4-7,Gathering Challenge Level 4-8,Gathering Challenge Level 4-9,Gathering Challenge Level 4-10,Gathering Challenge Level 5-1,Gathering Challenge Level 5-2,Gathering Challenge Level 5-3,Gathering Challenge Level 5-4,Gathering Challenge Level 5-5,Gathering Challenge Level 5-6,Gathering Challenge Level 5-7,Gathering Challenge Level 5-8,Gathering Challenge Level 5-9,Gathering Challenge Level 5-10,Gathering Challenge Level 6-1,Gathering Challenge Level 6-2,Gathering Challenge Level 6-3,Gathering Challenge Level 6-4,Gathering Challenge Level 6-5,Gathering Challenge Level 6-6,Gathering Challenge Level 6-7,Gathering Challenge Level 6-8,Gathering Challenge Level 6-9,Gathering Challenge Level 6-10,Gathering Challenge Level 7-1,Gathering Challenge Level 7-2,Gathering Challenge Level 7-3,Gathering Challenge Level 7-4,Gathering Challenge Level 7-5,Gathering Challenge Level 7-6,Gathering Challenge Level 7-7,Gathering Challenge Level 7-8,Gathering Challenge Level 7-9,Gathering Challenge Level 7-10,Gathering Challenge Level 8-1,Gathering Challenge Level 8-2,Gathering Challenge Level 8-3,Gathering Challenge Level 8-4,Gathering Challenge Level 8-5,Gathering Challenge Level 8-6,Gathering Challenge Level 8-7,Gathering Challenge Level 8-8,Gathering Challenge Level 8-9,Gathering Challenge Level 8-10,Gathering Challenge Level 9-1,Gathering Challenge Level 9-2,Gathering Challenge Level 9-3,Gathering Challenge Level 9-4,Gathering Challenge Level 9-5,Gathering Challenge Level 9-6,Gathering Challenge Level 9-7,Gathering Challenge Level 9-8,Gathering Challenge Level 9-9,Gathering Challenge Level 9-10","El desafío consta de un total de 90 niveles. Cada nivel aumenta el nivel de los recursos en uno. Cada 5 niveles, aparecerá un recurso grande, y al derrotarlo se guardará tu progreso. Los jugadores con progreso guardado pueden heredar su progreso para continuar el desafío.

Al completar con éxito el desafío, los jugadores pueden ganar recompensas en el módulo de lotería:
- Tu puntuación / Puntuación total de todos los jugadores en las últimas 24 horas * 100% * Total del premio -
Puedes participar en la lotería una vez al día, y tu mejor puntuación se utilizará para el cálculo.

El premio se actualiza periódicamente, y los datos de progreso junto con los datos del premio se reinician cada domingo a las 0:00 UTC.",,Sin pena de muerte,0;0;0;0;0;0;0;0;0;0;0;0;0;0;0;0;0;0;0;0;0;0;0;0;0;0;0;0;0;0;0;0;0;0;0;0;0;0;0;0;0;0;0;0;0;0;0;0;0;0;0;0;0;0;0;0;0;0;0;0;0;0;0;0;0;0;0;0;0;0;0;0;0;0;0;0;0;0;0;0;0;0;0;0;0;0;0;0;0;0,"0,1440","974,1",,,"186,187,188,189,190,191,192,193,194,195,196,197,198,199,200,201,202,203,204,205,206,207,208,209,210,211,212,213,214,215,216,217,218,219,220,221,222,223,224,225,226,227,228,229,230,231,232,233,234,235,236,237,238,239,240,241,242,243,244,245,246,247,248,249,250,251,252,253,254,255,256,257,258,259,260,261,262,263,264,265,266,267,268,269,270,271,272,273,274,275","0,0,0,0,0,0,0,0,0,0,0,0,0,0,0,0,0,0,0,0,0,0,0,0,0,0,0,0,0,0,0,0,0,0,0,0,0,0,0,0,0,0,0,0,0,0,0,0,0,0,0,0,0,0,0,0,0,0,0,0,0,0,0,0,0,0,0,0,0,0,0,0,0,0,0,0,0,0,0,0,0,0,0,0,0,0,0,0,0,0"
0,0,54001,0,"1,9",DungeonSceneLoading_1_3.jpg,5, Centennial Trials - Farming ,,-1,0,1,TowerDungeon_Farming,1,3,1,0,"1,3,4","0,0,0,0,0,0,0,0,0,0,0,0,0,0,0,0,0,0,0,0,0,0,0,0,0,0,0,0,0,0,0,0,0,0,0,0,0,0,0,0,0,0,0,0,0,0,0,0,0,0,0,0,0,0,0,0,0,0,0,0,0,0,0,0,0,0,0,0,0,0,0,0,0,0,0,0,0,0,0,0,0,0,0,0,0,0,0,0,0,0","61,71,66",1,",,,,,,,,,,,,,,,,,,,,,,,,,,,,,,,,,,,,,,,,,,,,,,,,,,,,,,,,,,,,,,,,,,,,,,,,,,,,,,,,,,,,,,,,,",23;23;23;23;23;23;23;23;23;23;23;23;23;23;23;23;23;23;23;23;23;23;23;23;23;23;23;23;23;23;23;23;23;23;23;23;23;23;23;23;23;23;23;23;23;23;23;23;23;23;23;23;23;23;23;23;23;23;23;23;23;23;23;23;23;23;23;23;23;23;23;23;23;23;23;23;23;23;23;23;23;23;23;23;23;23;23;23;23;23,"218,218,218,218,218,218,218,218,218,218,218,218,218,218,218,218,218,218,218,218,218,218,218,218,218,218,218,218,218,218,218,218,218,218,218,218,218,218,218,218,218,218,218,218,218,218,218,218,218,218,218,218,218,218,218,218,218,218,218,218,218,218,218,218,218,218,218,218,218,218,218,218,218,218,218,218,218,218,218,218,218,218,218,218,218,218,218,218,218,218","12,12,12,12,20,12,12,12,12,20,24,24,24,24,40,24,24,24,24,40,48,48,48,48,80,48,48,48,48,80,96,96,96,96,160,96,96,96,96,160,192,192,192,192,320,192,192,192,192,320,384,384,384,384,640,384,384,384,384,640,768,768,768,768,1280,768,768,768,768,1280,1536,1536,1536,1536,2560,1536,1536,1536,1536,2560,3072,3072,3072,3072,5120,3072,3072,3072,3072,5120","0,0;0,0;0,0;0,0;0,0;0,0;0,0;0,0;0,0;0,0;0,0;0,0;0,0;0,0;0,0;0,0;0,0;0,0;0,0;0,0;0,0;0,0;0,0;0,0;0,0;0,0;0,0;0,0;0,0;0,0;0,0;0,0;0,0;0,0;0,0;0,0;0,0;0,0;0,0;0,0;0,0;0,0;0,0;0,0;0,0;0,0;0,0;0,0;0,0;0,0;0,0;0,0;0,0;0,0;0,0;0,0;0,0;0,0;0,0;0,0;0,0;0,0;0,0;0,0;0,0;0,0;0,0;0,0;0,0;0,0;0,0;0,0;0,0;0,0;0,0;0,0;0,0;0,0;0,0;0,0;0,0;0,0;0,0;0,0;0,0;0,0;0,0;0,0;0,0;0,0","120,90,90,90,150,90,90,90,90,150,150,150,150,150,270,150,150,150,150,270,210,210,210,210,390,210,210,210,210,390,270,270,270,270,510,270,270,270,270,510,330,330,330,330,630,330,330,330,330,630,390,390,390,390,750,390,390,390,390,750,450,450,450,450,870,450,450,450,450,870,510,510,510,510,990,510,510,510,510,990,570,570,570,570,1110,570,570,570,570,1110","Farming Challenge Level 1-1,Farming Challenge Level 1-2,Farming Challenge Level 1-3,Farming Challenge Level 1-4,Farming Challenge Level 1-5,Farming Challenge Level 1-6,Farming Challenge Level 1-7,Farming Challenge Level 1-8,Farming Challenge Level 1-9,Farming Challenge Level 1-10,Farming Challenge Level 2-1,Farming Challenge Level 2-2,Farming Challenge Level 2-3,Farming Challenge Level 2-4,Farming Challenge Level 2-5,Farming Challenge Level 2-6,Farming Challenge Level 2-7,Farming Challenge Level 2-8,Farming Challenge Level 2-9,Farming Challenge Level 2-10,Farming Challenge Level 3-1,Farming Challenge Level 3-2,Farming Challenge Level 3-3,Farming Challenge Level 3-4,Farming Challenge Level 3-5,Farming Challenge Level 3-6,Farming Challenge Level 3-7,Farming Challenge Level 3-8,Farming Challenge Level 3-9,Farming Challenge Level 3-10,Farming Challenge Level 4-1,Farming Challenge Level 4-2,Farming Challenge Level 4-3,Farming Challenge Level 4-4,Farming Challenge Level 4-5,Farming Challenge Level 4-6,Farming Challenge Level 4-7,Farming Challenge Level 4-8,Farming Challenge Level 4-9,Farming Challenge Level 4-10,Farming Challenge Level 5-1,Farming Challenge Level 5-2,Farming Challenge Level 5-3,Farming Challenge Level 5-4,Farming Challenge Level 5-5,Farming Challenge Level 5-6,Farming Challenge Level 5-7,Farming Challenge Level 5-8,Farming Challenge Level 5-9,Farming Challenge Level 5-10,Farming Challenge Level 6-1,Farming Challenge Level 6-2,Farming Challenge Level 6-3,Farming Challenge Level 6-4,Farming Challenge Level 6-5,Farming Challenge Level 6-6,Farming Challenge Level 6-7,Farming Challenge Level 6-8,Farming Challenge Level 6-9,Farming Challenge Level 6-10,Farming Challenge Level 7-1,Farming Challenge Level 7-2,Farming Challenge Level 7-3,Farming Challenge Level 7-4,Farming Challenge Level 7-5,Farming Challenge Level 7-6,Farming Challenge Level 7-7,Farming Challenge Level 7-8,Farming Challenge Level 7-9,Farming Challenge Level 7-10,Farming Challenge Level 8-1,Farming Challenge Level 8-2,Farming Challenge Level 8-3,Farming Challenge Level 8-4,Farming Challenge Level 8-5,Farming Challenge Level 8-6,Farming Challenge Level 8-7,Farming Challenge Level 8-8,Farming Challenge Level 8-9,Farming Challenge Level 8-10,Farming Challenge Level 9-1,Farming Challenge Level 9-2,Farming Challenge Level 9-3,Farming Challenge Level 9-4,Farming Challenge Level 9-5,Farming Challenge Level 9-6,Farming Challenge Level 9-7,Farming Challenge Level 9-8,Farming Challenge Level 9-9,Farming Challenge Level 9-10"," El desafío consta de un total de 90 niveles. Cada nivel aumenta el nivel de los cultivos en uno. Cada 5 niveles, aparecerá un cultivo grande, y al derrotarlo se guardará tu progreso. Los jugadores con progreso guardado pueden heredar su progreso para continuar el desafío.

Al completar con éxito el desafío, los jugadores pueden ganar recompensas en el módulo de lotería:
- Tu puntuación / Puntuación total de todos los jugadores en las últimas 24 horas * 100% * Total del premio -
Puedes participar en la lotería una vez al día, y tu mejor puntuación se utilizará para el cálculo.

El premio se actualiza periódicamente, y los datos de progreso junto con los datos del premio se reinician cada domingo a las 0:00 UTC.",,Sin pena de muerte,0;0;0;0;0;0;0;0;0;0;0;0;0;0;0;0;0;0;0;0;0;0;0;0;0;0;0;0;0;0;0;0;0;0;0;0;0;0;0;0;0;0;0;0;0;0;0;0;0;0;0;0;0;0;0;0;0;0;0;0;0;0;0;0;0;0;0;0;0;0;0;0;0;0;0;0;0;0;0;0;0;0;0;0;0;0;0;0;0;0,"0,1440","975,1",,,"276,277,278,279,280,281,282,283,284,285,286,287,288,289,290,291,292,293,294,295,296,297,298,299,300,301,302,303,304,305,306,307,308,309,310,311,312,313,314,315,316,317,318,319,320,321,322,323,324,325,326,327,328,329,330,331,332,333,334,335,336,337,338,339,340,341,342,343,344,345,346,347,348,349,350,351,352,353,354,355,356,357,358,359,360,361,362,363,364,365","0,0,0,0,0,0,0,0,0,0,0,0,0,0,0,0,0,0,0,0,0,0,0,0,0,0,0,0,0,0,0,0,0,0,0,0,0,0,0,0,0,0,0,0,0,0,0,0,0,0,0,0,0,0,0,0,0,0,0,0,0,0,0,0,0,0,0,0,0,0,0,0,0,0,0,0,0,0,0,0,0,0,0,0,0,0,0,0,0,0"
