designateOptions-string,details-string,difficulty-int,expReward-int[][],id-int,isSelfEnd-bool,itemReward-int,name-string,level-int[][],preTaskReq-int[],chanceOptions-string,unlockDungeon-int[]
"{""options"":[{""optionType"":2,""value"":""134,1"",""guiderPoint"":0}]}","Untuk cinta dan keamanan, sila pergi ke tempat yang ditetapkan.",0,"1,147",1,0,11,10001 ,,,,
"{""options"":[{""optionType"":1,""value"":""134,2"",""guiderPoint"":0},{""optionType"":2,""value"":""134,1"",""guiderPoint"":0}]}","Untuk cinta dan keamanan, sila pergi ke tempat yang ditetapkan.",0,"1,147",2,0,11, 10002 ,"1,1;2,1",1,,
"{""options"":[{""optionType"":3,""value"":""30,1"",""guiderPoint"":0}]}","Untuk cinta dan keamanan, sila pergi ke tempat yang ditetapkan.",0,"1,147",3,0,11, 10003 ,"2,2",2,,
"{""options"":[{""optionType"":4,""value"":""8,2"",""guiderPoint"":0}]}","Untuk cinta dan keamanan, sila pergi ke tempat yang ditetapkan.",0,"1,147",4,0,11, 10004 ,"2,3",3,,
"{""options"":[{""optionType"":4,""value"":""8,2"",""guiderPoint"":0}]}","Untuk cinta dan keamanan, sila pergi ke tempat yang ditetapkan.",0,"1,147",5,0,11, 10005 ,"2,4",4,,
"{""options"":[{""optionType"":4,""value"":""8,2"",""guiderPoint"":0}]}","Untuk cinta dan keamanan, sila pergi ke tempat yang ditetapkan.",0,"1,147",6,0,11, 10006 ,,5,,
"{""options"":[{""optionType"":4,""value"":""8,2"",""guiderPoint"":0}]}","Untuk cinta dan keamanan, sila pergi ke tempat yang ditetapkan.",0,"1,147",7,1,11, 10007 ,,5,,
"{""options"":[{""optionType"":4,""value"":""8,2"",""guiderPoint"":0}]}","Untuk cinta dan keamanan, sila pergi ke tempat yang ditetapkan.",0,"1,147",8,1,11, 10008 ,,"6,7",,
"{""options"":[{""optionType"":4,""value"":""8,2"",""guiderPoint"":0}]}","Untuk cinta dan keamanan, sila pergi ke tempat yang ditetapkan.",0,"1,147",9,1,11, Melancong ,,,,
"{""options"":[{""optionType"":4,""value"":""8,2"",""guiderPoint"":0}]}","Untuk cinta dan keamanan, sila pergi ke tempat yang ditetapkan.",0,"1,147",10,1,11, Melancong ,,,,
"{""options"":[{""optionType"":4,""value"":""8,2"",""guiderPoint"":0}]}","Untuk cinta dan keamanan, sila pergi ke tempat yang ditetapkan.",0,"1,147",11,1,11, Melancong ,,,,
"{""options"":[{""optionType"":4,""value"":""8,2"",""guiderPoint"":0}]}","Untuk cinta dan keamanan, sila pergi ke tempat yang ditetapkan.",0,"1,147",12,1,11, Melancong ,,,,
"{""options"":[{""optionType"":4,""value"":""8,2"",""guiderPoint"":0}]}","Untuk cinta dan keamanan, sila pergi ke tempat yang ditetapkan.",0,"1,147",13,1,11, Melancong ,,,,
"{""options"":[{""optionType"":4,""value"":""8,2"",""guiderPoint"":0}]}","Untuk cinta dan keamanan, sila pergi ke tempat yang ditetapkan.",0,"1,147",14,1,11, Melancong ,,,,
"{""options"":[{""optionType"":4,""value"":""8,2"",""guiderPoint"":0}]}","Untuk cinta dan keamanan, sila pergi ke tempat yang ditetapkan.",0,"1,147",15,1,11, Melancong ,,,,
"{""options"":[{""optionType"":4,""value"":""8,2"",""guiderPoint"":0}]}","Untuk cinta dan keamanan, sila pergi ke tempat yang ditetapkan.",0,"1,147",16,1,11, Melancong ,,,,
,"Untuk cinta dan keamanan, sila berikan ini kepada saya.",0,"3,84",17,1,24, Mengumpul ,,,"{""options"":[{""optionType"":1,""value"":""30,1,100""},{""optionType"":1,""value"":""70,10,100;33,2,300;30,1,100""}]}",
,"Untuk cinta dan keamanan, sila berikan ini kepada saya.",0,"3,84",18,1,24, Mengumpul ,,,"{""options"":[{""optionType"":1,""value"":""30,1,100;58,3,200""},{""optionType"":1,""value"":""30,1,100""}]}",
,"Untuk cinta dan keamanan, sila berikan ini kepada saya.",0,"3,84",19,1,24, Mengumpul ,,,"{""options"":[{""optionType"":1,""value"":""30,1,100;58,3,200""},{""optionType"":1,""value"":""30,1,100""}]}",
,"Untuk cinta dan keamanan, sila berikan ini kepada saya.",0,"3,84",20,1,24, Mengumpul ,,,"{""options"":[{""optionType"":1,""value"":""30,1,100;58,3,200""},{""optionType"":1,""value"":""30,1,100""}]}",
"{""options"":[{""optionType"":4,""value"":""6,1"",""guiderPoint"":2101}]}","Apabila kesihatan raksasa kurang daripada separuh, ia akan memasuki keadaan marah yang dikelilingi oleh sihir. Pada masa ini, raksasa akan mendapat beberapa kelebihan yang kuat. Tetapi jika anda dapat membawanya ke dalam Keadaan Lemah dengan asap hitam, anda dapat mengalahkannya dengan lebih mudah.Bantu Gunner membunuh Metal mutt.",0,"2,261",21,0,12, Permulaan Baru ,,,,
"{""options"":[{""optionType"":13,""value"":""657,80,512,10"",""guiderPoint"":30101},{""optionType"":4,""value"":""7,1"",""guiderPoint"":2101},{""optionType"":4,""value"":""8,1"",""guiderPoint"":2101}]}",Buka beg punggung dan persenjatakan pedang anda dan bunuh 5 Metal mutt.Masuk ke bandar dan cari Nash.,0,"2,261",22,0,11, Kecerdasan ,,21,,
"{""options"":[{""optionType"":15,""value"":""1,1"",""guiderPoint"":0},{""optionType"":15,""value"":""11,1"",""guiderPoint"":0}]}",- Tekan [Esc] untuk membuka antara muka pokok bakat anda- pilih naik taraf cawangan utama- pilih naik taraf kemahiran War Stomp- letakkan kemahiran itu di slot cepat,0,"2,261",23,0,0, Beri Bantuan ,,22,,
"{""options"":[{""optionType"":2,""value"":""146,5"",""guiderPoint"":3601},{""optionType"":2,""value"":""147,5"",""guiderPoint"":3601},{""optionType"":2,""value"":""148,5"",""guiderPoint"":3601}]}","Gunakan cangkul untuk melonggarkan tanah di ladang, dan kemudian gunakan biji untuk menabur di tanah yang telah dilonggarkan.Tanam 5 Biji Buluh, 5 Biji Trifolium, dan 5 Biji Lobak di ladang.",0,"1,261",24,0,31, Mencangkul dan Menabur ,,45,,
"{""options"":[{""optionType"":1,""value"":""70,2"",""guiderPoint"":3601},{""optionType"":1,""value"":""71,2"",""guiderPoint"":3601},{""optionType"":1,""value"":""72,2"",""guiderPoint"":3601}]}","Selepas menanam biji, mereka perlu disiram dengan sabar tiga atau empat kali sebelum mereka matang. Setelah itu, anda boleh mendekatinya untuk menuai mereka. Selepas itu, pergi cari Silas. Dia memerlukannya.",0,"3,261",25,0,13, Penyiraman dan Penuaian Sabar ,,24,,
"{""options"":[{""optionType"":15,""value"":""245,1"",""guiderPoint"":0},{""optionType"":3,""value"":""207,1"",""guiderPoint"":0}]}","Buka Gather Crafting dan sempurnakan Gather Essence. Sebelum itu, anda perlu mendapatkan bahan yang mencukupi.",0,"3,261",26,0,32, Esensi Profesion ,,27,,
"{""options"":[{""optionType"":3,""value"":""58,1"",""guiderPoint"":3401},{""optionType"":3,""value"":""62,1"",""guiderPoint"":3501}]}",Dapatkan 5 Kayu Biasa.Dapatkan 5 Batu.,0,"3,261",27,0,43, Kumpulkan Beberapa Barang ,,25,,
"{""options"":[{""optionType"":15,""value"":""33,1"",""guiderPoint"":0},{""optionType"":3,""value"":""88,1"",""guiderPoint"":0}]}",Dapatkan 5 Kayu Biasa dan 5 Serat untuk membuat Iron Pickaxe.,0,"3,261",28,0,44, Membuat Beliung Besi ,,217,,
"{""options"":[{""optionType"":3,""value"":""59,1"",""guiderPoint"":20103},{""optionType"":3,""value"":""63,1"",""guiderPoint"":20203},{""optionType"":3,""value"":""67,1"",""guiderPoint"":20201}]}","Anda telah belajar bagaimana untuk meningkatkan pokok bakat dan membuat peralatan, cuba untuk mengumpulkan beberapa bahan yang lebih canggih:Dapatkan Dark Iron Ore.Dapatkan Desert Tree.Dapatkan Ice Cap Mushroom.",0,"3,261",29,0,42, Cabaran Pengumpulan Lanjutan ,,28,,
"{""options"":[{""optionType"":4,""value"":""8,1"",""guiderPoint"":3501},{""optionType"":4,""value"":""7,1"",""guiderPoint"":3401}]}","Berdasarkan maklumat terkini:Cactus Warriors - Memiliki pertahanan yang tinggi, menggunakan serangan berat dapat menembus pertahanannya.Pumpkin Fiends - Memiliki kemahiran jarak jauh, menggunakan Trampling dapat membuatnya tidak dapat menggunakan kemahiran jarak jauh.",0,"2,261",30,0,40, Ajarkan Pelajaran ,,217,,
"{""options"":[{""optionType"":15,""value"":""95,1"",""guiderPoint"":0},{""optionType"":3,""value"":""40,1"",""guiderPoint"":0}]}","Cuba membuat Stone Sword dalam Combat Crafting, senjata yang lebih kuat dapat membuat anda lebih santai dalam pertempuran.Sebelum itu, anda perlu membuka resepi untuk Stone Sword dalam pokok bakat.",0,"2,261",32,0,30, Membuat Pedang Batu ,,30,,
"{""options"":[{""optionType"":4,""value"":""10,1"",""guiderPoint"":20103},{""optionType"":4,""value"":""9,1"",""guiderPoint"":20203},{""optionType"":4,""value"":""11,1"",""guiderPoint"":20102}]}","Anda telah belajar bagaimana untuk meningkatkan pokok bakat dan membuat peralatan, cuba untuk mengalahkan raksasa yang lebih kuat:Bunuh Buzz Buddy.Bunuh Mine Cat.Bunuh Leafy Lurker.",0,"2,261",33,0,41, Cabaran Pertempuran Lanjutan ,,32,,
"{""options"":[{""optionType"":15,""value"":""13,1"",""guiderPoint"":0},{""optionType"":15,""value"":""254,1"",""guiderPoint"":0}]}",Buka pokok bakat anda dan tukar ke pokok pertanian. Naik taraf nod Capture anda di sebelah kanan jauh.,0,"1,261",34,0,35, Kuasai Penangkapan ,,217,,
"{""options"":[{""optionType"":3,""value"":""178,1"",""guiderPoint"":0},{""optionType"":3,""value"":""177,1"",""guiderPoint"":0}]}", Tangkap Metal Mutt dan Pumpkin Fiend menggunakan kemahiran tangkapan.Pulang ke rumah dan gunakan berus untuk menggosok haiwan peliharaan anda untuk mendapatkan skru dan pucuk labu yang mencukupi.,0,"1,261",162,0,34,"[64] Belajar untuk membiak
",,34,,
"{""options"":[{""optionType"":15,""value"":""78,1"",""guiderPoint"":0},{""optionType"":3,""value"":""80,1"",""guiderPoint"":0}]}","Jika anda ingin tanaman anda tumbuh lebih cepat, anda memerlukan cangkul yang lebih canggih. Cuba membuat Iron Hoe.",0,"1,261",35,0,0, Membuat Cangkul Besi ,,162,,
"{""options"":[{""optionType"":2,""value"":""150,1"",""guiderPoint"":3601},{""optionType"":2,""value"":""149,1"",""guiderPoint"":3601},{""optionType"":2,""value"":""151,1"",""guiderPoint"":3601}]}","Anda telah belajar bagaimana untuk meningkatkan pokok bakat dan membuat peralatan, cuba menanam biji yang lebih canggih:Tanam biji Kapas.Tanam biji Pitcher Plant.Tanam biji Endurance Fruit.",0,"1,261",36,0,39, Cabaran Pertanian Lanjutan ,,162,,
"{""options"":[{""optionType"":3,""value"":""30,1"",""guiderPoint"":0}]}",Pergi ke pertukaran dan beli sesuatu.,0,"1,117;2,117;3,117",37,0,0, Transaksi 1 ,,"33,29,36",,
,Raksasa sedang berleluasa. Pergi dan bunuh mereka.,0,"2,84",38,1,138, Harian-Lv1-Pertempuran ,,,"{""options"":[{""optionType"":4,""value"":""6,2,100;8,2,100;7,2,100""}]}",
,Raksasa sedang berleluasa. Pergi dan bunuh mereka.,0,"2,118",39,1,139, Harian-Lv2-Pertempuran ,,,"{""options"":[{""optionType"":4,""value"":""9,2,100;10,2,100;11,2,100""}]}",
,Raksasa sedang berleluasa. Pergi dan bunuh mereka,0,"2,168",40,1,140, Harian-Lv3-Pertempuran ,,,"{""options"":[{""optionType"":4,""value"":""12,2,100;13,2,100;14,2,100""}]}",
,Burulah mereka dan bawa pulang beberapa rampasan.,0,"2,84",41,1,138, Harian-Lv1-Pertempuran ,,,"{""options"":[{""optionType"":4,""value"":""6,1,100;8,1,100;7,1,100""},{""optionType"":1,""value"":""30,1,200;31,1,200;32,1,200""}]}",
,Burulah mereka dan bawa pulang beberapa rampasan.,0,"2,118",42,1,139, Harian-Lv2-Pertempuran ,,,"{""options"":[{""optionType"":4,""value"":""9,1,100;11,1,100;10,1,100""},{""optionType"":1,""value"":""33,1,200;34,1,200;35,1,200""}]}",
,Burulah mereka dan bawa pulang beberapa rampasan,0,"2,168",43,1,140, Harian-Lv3-Pertempuran ,,,"{""options"":[{""optionType"":4,""value"":""12,1,100;14,1,100;13,1,100""},{""optionType"":1,""value"":""36,1,200;37,1,200;38,1,200""}]}",
"{""options"":[{""optionType"":3,""value"":""30,1"",""guiderPoint"":0}]}",Pergi ke pertukaran dan beli sesuatu.,0,"1,117;2,117;3,117",44,0,0, Transaksi 2 ,,37,,
"{""options"":[{""optionType"":1,""value"":""32,1"",""guiderPoint"":30102}]}","Terrance mungkin berada di bandar, mari kita pergi mencarinya dan bawa beberapa kawat kasa untuknya.",0,"1,261",45,0,17, Petani Terrance ,,23,,
"{""options"":[{""optionType"":3,""value"":""178,1"",""guiderPoint"":0}]}",Kosong,0,,46,0,0, Tangkap anjing dan hasilkan ,,45,,
,Berikan ini kepada saya.,0,"2,84",47,1,138, Harian-Lv1-Pertempuran ,,,"{""options"":[{""optionType"":1,""value"":""30,2,200;31,2,200;32,2,200""}]}",
,Berikan ini kepada saya.,0,"2,118",48,1,139, Harian-Lv2-Pertempuran ,,,"{""options"":[{""optionType"":1,""value"":""33,2,200;34,2,200;35,2,200""}]}",
,Berikan ini kepada saya.,0,"2,168",49,1,140, Harian-Lv3-Pertempuran ,,,"{""options"":[{""optionType"":1,""value"":""36,2,200;37,2,200;38,2,200""}]}",
,Berikan ini kepada saya.,0,"2,147",52,1,0, Ganjaran-lv1-Pertempuran ,,,"{""options"":[{""optionType"":1,""value"":""482,2,200;482,2,100;482,2,200;482,2,100""}]}",
,Berikan ini kepada saya.,0,"2,207",53,1,0, Ganjaran-lv2-Pertempuran ,,,"{""options"":[{""optionType"":1,""value"":""483,1,200;483,1,100;483,1,100;483,1,200""}]}",
,Berikan ini kepada saya.,0,"2,294",54,1,0, Ganjaran-lv3-Pertempuran ,,,"{""options"":[{""optionType"":1,""value"":""484,2,200;484,2,100;484,2,100;484,2,200""}]}",
,Kerja ladang.,0,"1,84",55,1,147, Harian-Lv1-Pertanian ,,,"{""options"":[{""optionType"":2,""value"":""146,1,200;147,1,200;148,1,200;146,2,200;147,2,200;148,2,200""}]}",
,Kerja ladang dan serahkan.,0,"1,84",56,1,147, Harian-Lv1-Pertanian ,,,"{""options"":[{""optionType"":2,""value"":""146,1,200;147,1,200;148,1,200;146,2,200;147,2,200;148,2,200""}]}",
,Berikan ini kepada saya.,0,"1,84",57,1,147, Harian-Lv1-Pertanian ,,,"{""options"":[{""optionType"":2,""value"":""146,1,200;147,1,200;148,1,200;146,2,200;147,2,200;148,2,200""}]}",
,Kerja ladang.,0,"1,118",58,1,148, Harian-Lv2-Pertanian ,,,"{""options"":[{""optionType"":2,""value"":""149,1,200;150,1,200;151,1,200;149,2,200;150,2,200;151,2,200""}]}",
,Kerja ladang dan serahkan.,0,"1,118",59,1,148, Harian-Lv2-Pertanian ,,,"{""options"":[{""optionType"":2,""value"":""149,1,200;150,1,200;151,1,200;149,2,200;150,2,200;151,2,200""}]}",
,Berikan ini kepada saya.,0,"1,118",60,1,148, Harian-Lv2-Pertanian ,,,"{""options"":[{""optionType"":2,""value"":""149,1,200;150,1,200;151,1,200;149,2,200;150,2,200;151,2,200""}]}",
,Kerja ladang.,0,"1,168",61,1,149, Harian-Lv3-Pertanian ,,,"{""options"":[{""optionType"":1,""value"":""78,2,200;76,2,200;77,2,200""}]}",
,Kerja ladang dan serahkan.,0,"1,168",62,1,149, Harian-Lv3-Pertanian ,,,"{""options"":[{""optionType"":1,""value"":""78,1,200;76,1,200;77,1,200""},{""optionType"":1,""value"":""78,1,200;76,1,200;77,1,200""}]}",
,Berikan ini kepada saya.,0,"1,168",63,1,149, Harian-Lv3-Pertanian ,,,"{""options"":[{""optionType"":1,""value"":""78,2,200;76,2,200;77,2,200""}]}",
,Berikan ini kepada saya.,0,"1,147",64,1,0, Ganjaran-lv1-Pertanian ,,,"{""options"":[{""optionType"":1,""value"":""482,2,200;482,2,100;482,2,100;482,2,200""}]}",
,Berikan ini kepada saya.,0,"1,207",65,1,0, Ganjaran-lv2-Pertanian ,,,"{""options"":[{""optionType"":1,""value"":""483,1,200;483,1,100;483,1,100;483,1,200""}]}",
,Berikan ini kepada saya.,0,"1,294",66,1,0, Ganjaran-lv3-Pertanian ,,,"{""options"":[{""optionType"":1,""value"":""484,2,200;484,2,100;484,2,100;484,2,200""}]}",
,Kerja mengumpul.,0,"3,84",67,1,129, Harian-Lv1-Mengumpul ,,,"{""options"":[{""optionType"":3,""value"":""58,1,200;62,1,200;66,1,200;58,2,200;62,2,200;66,2,200""}]}",
,Kerja mengumpul dan serahkan.,0,"3,84",68,1,129, Harian-Lv1-Mengumpul ,,,"{""options"":[{""optionType"":3,""value"":""58,1,200;62,1,200;66,1,200;58,2,200;62,2,200;66,2,200""}]}",
,Berikan ini kepada saya.,0,"3,84",69,1,129, Harian-Lv1-Mengumpul ,,,"{""options"":[{""optionType"":3,""value"":""58,1,200;62,1,200;66,1,200;58,2,200;62,2,200;66,2,200""}]}",
,Kerja mengumpul.,0,"3,118",70,1,130, Harian-Lv2-Mengumpul ,,,"{""options"":[{""optionType"":3,""value"":""59,1,200;63,1,200;68,1,200;59,2,200;63,2,200;68,2,200""}]}",
,Kerja mengumpul dan serahkan.,0,"3,118",71,1,130, Harian-Lv2-Mengumpul ,,,"{""options"":[{""optionType"":3,""value"":""59,1,200;63,1,200;68,1,200;59,2,200;63,2,200;68,2,200""}]}",
,Berikan ini kepada saya.,0,"3,118",72,1,130, Harian-Lv2-Mengumpul ,,,"{""options"":[{""optionType"":3,""value"":""59,1,200;63,1,200;68,1,200;59,2,200;63,2,200;68,2,200""}]}",
,Kerja mengumpul.,0,"3,168",73,1,131, Harian-Lv3-Mengumpul ,,,"{""options"":[{""optionType"":9,""value"":""132,2,100;205,2,100;206,2,100""}]}",
,Kerja mengumpul dan serahkan.,0,"3,168",74,1,131, Harian-Lv3-Mengumpul ,,,"{""options"":[{""optionType"":9,""value"":""132,1,100;205,1,100;206,1,100""},{""optionType"":1,""value"":""191,1,200;29,1,200;146,2,200""}]}",
,Berikan ini kepada saya.,0,"3,168",75,1,131, Harian-Lv3-Mengumpul ,,,"{""options"":[{""optionType"":1,""value"":""191,2,200;29,2,200;150,2,200""}]}",
,Berikan ini kepada saya.,0,"3,147",76,1,0, Ganjaran-Lv1-Mengumpul ,,,"{""options"":[{""optionType"":1,""value"":""482,2,200;482,2,100;482,2,100;482,2,200""}]}",
,Berikan ini kepada saya.,0,"3,207",77,1,0, Ganjaran-Lv1-Mengumpul ,,,"{""options"":[{""optionType"":1,""value"":""483,1,200;483,1,100;483,1,100;483,1,200""}]}",
,Berikan ini kepada saya.,0,"3,294",78,1,0, Ganjaran-Lv1-Mengumpul ,,,"{""options"":[{""optionType"":1,""value"":""484,2,200;484,2,100;484,2,100;484,2,200""}]}",
"{""options"":[{""optionType"":4,""value"":""6,10"",""guiderPoint"":2101}]}","Bunuh 10 Metal Mutts. Cari Quincy untuk menyelesaikan tugas ini. Seseorang mungkin kadang-kadang melihatnya berdekatan dengan bandar, jadi anda boleh pergi mencarinya.",0,"2,314",80,0,0, Bunuh 10 Anjing Logam ,,,,
"{""options"":[{""optionType"":4,""value"":""8,10"",""guiderPoint"":3501}]}","Bunuh 10 Cactus Warriors. Cari Quincy untuk menyelesaikan tugas ini. Seseorang mungkin kadang-kadang melihatnya berdekatan dengan bandar, jadi anda boleh pergi mencarinya.",0,"2,314",81,0,0, Bunuh 10 Pahlawan Kaktus ,,89,,
"{""options"":[{""optionType"":4,""value"":""7,10"",""guiderPoint"":3401}]}","Bunuh 10 Pumpkin Fiends. Cari Quincy untuk menyelesaikan tugas ini. Seseorang mungkin kadang-kadang melihatnya berdekatan dengan bandar, jadi anda boleh pergi mencarinya",0,"2,314",82,0,0, Bunuh 10 Syaitan Labu ,,90,,
"{""options"":[{""optionType"":4,""value"":""11,10"",""guiderPoint"":20102}]}","Bunuh 10 Buzz Buddies. Cari Torvald untuk menyelesaikan tugas ini. Seseorang mungkin kadang-kadang melihatnya berdekatan dengan tasik padang rumput, jadi anda boleh pergi mencarinya.",0,"2,465",83,0,0, Bunuh 10 Lebah Berdengung ,,,,
"{""options"":[{""optionType"":4,""value"":""10,10"",""guiderPoint"":20103}]}","Bunuh 10 Leafy Lurkers. Cari Torvald untuk menyelesaikan tugas ini. Seseorang mungkin kadang-kadang melihatnya berdekatan dengan tasik padang rumput, jadi anda boleh pergi mencarinya.",0,"2,465",84,0,0, Bunuh 10 Penghuni Daun ,,92,,
"{""options"":[{""optionType"":4,""value"":""9,10"",""guiderPoint"":20203}]}","Bunuh 10 Mine Cats. Cari Torvald untuk menyelesaikan tugas ini. Seseorang mungkin kadang-kadang melihatnya berdekatan dengan tasik padang rumput, jadi anda boleh pergi mencarinya.",0,"2,465",85,0,0, Bunuh 10 Kucing Perlombongan ,,93,,
"{""options"":[{""optionType"":4,""value"":""13,10"",""guiderPoint"":20101}]}",Bunuh 10 Crimson Gnashers. Cari Drakonar untuk menyelesaikan. Seseorang kadang-kadang akan melihatnya berdekatan dengan Hutan Hitam dan Hutan Merah.,0,"2,616",86,0,0, Bunuh 10 Pahlawan Merah ,,,,
"{""options"":[{""optionType"":4,""value"":""12,10"",""guiderPoint"":20202}]}",Bunuh 10 Chaos Wraiths. Cari Drakonar untuk menyelesaikan. Seseorang kadang-kadang akan melihatnya berdekatan dengan Hutan Hitam dan Hutan Merah.,0,"2,616",87,0,0, Bunuh 10 Hantu Huru-Hara ,,95,,
"{""options"":[{""optionType"":4,""value"":""14,10"",""guiderPoint"":20204}]}",Bunuh 10 Frosty Paws. Cari Drakonar untuk menyelesaikan. Seseorang kadang-kadang akan melihatnya berdekatan dengan Hutan Hitam dan Hutan Merah.,0,"2,616",88,0,0, Bunuh 10 Kaki Frosty ,,96,,
"{""options"":[{""optionType"":1,""value"":""32,10"",""guiderPoint"":2101}]}","Serahkan 10 Wire Meshes. Cari Quincy untuk menyelesaikan tugas ini. Seseorang mungkin kadang-kadang melihatnya berdekatan dengan bandar, jadi anda boleh pergi mencarinya.",0,"2,314",89,0,0, Serahkan 10 Kawat Berduri ,,80,,
"{""options"":[{""optionType"":1,""value"":""30,10"",""guiderPoint"":3501}]}","Serahkan 10 Green Slimes. Cari Quincy untuk menyelesaikan tugas ini. Seseorang mungkin kadang-kadang melihatnya berdekatan dengan bandar, jadi anda boleh pergi mencarinya",0,"2,314",90,0,0, Serahkan 10 Lendir Hijau ,,81,,
"{""options"":[{""optionType"":1,""value"":""31,10"",""guiderPoint"":3401}]}","Serahkan 10 Pumpkin Vines. Cari Quincy untuk menyelesaikan tugas ini. Seseorang mungkin kadang-kadang melihatnya berdekatan dengan bandar, jadi anda boleh pergi mencarinya",0,"2,314",91,0,0, Serahkan 10 Pokok Anggur Labu ,,82,,
"{""options"":[{""optionType"":1,""value"":""34,10"",""guiderPoint"":20102}]}","Serahkan 10 Light Thin Films. Cari Torvald untuk menyelesaikan tugas ini. Seseorang mungkin kadang-kadang melihatnya berdekatan dengan tasik padang rumput, jadi anda boleh pergi mencarinya.",0,"2,465",92,0,0, Serahkan 10 Filem Ringan ,,83,,
"{""options"":[{""optionType"":1,""value"":""35,10"",""guiderPoint"":20103}]}","Serahkan 10 Grass Demon crowns. Cari Torvald untuk menyelesaikan tugas ini. Seseorang mungkin kadang-kadang melihatnya berdekatan dengan tasik padang rumput, jadi anda boleh pergi mencarinya.",0,"2,465",93,0,0, Serahkan 10 Mahkota Kepala Rumput ,,84,,
"{""options"":[{""optionType"":1,""value"":""33,10"",""guiderPoint"":20203}]}","Serahkan 10 Mining Cat Sharp Fangs. Cari Torvald untuk menyelesaikan tugas ini. Seseorang mungkin kadang-kadang melihatnya berdekatan dengan tasik padang rumput, jadi anda boleh pergi mencarinya.",0,"2,465",94,0,0, Serahkan 10 Minercat Fang ,,85,,
"{""options"":[{""optionType"":1,""value"":""37,10"",""guiderPoint"":20101}]}",Serahkan 10 Crimson Furs. Cari Drakonar untuk menyelesaikan. Seseorang kadang-kadang akan melihatnya berdekatan dengan Hutan Hitam dan Hutan Merah.,0,"2,616",95,0,0, Serahkan 10 Bulu Merah ,,86,,
"{""options"":[{""optionType"":1,""value"":""36,10"",""guiderPoint"":20202}]}",Serahkan 10 Slender Hook Claws. Cari Drakonar untuk menyelesaikan. Seseorang kadang-kadang akan melihatnya berdekatan dengan Hutan Hitam dan Hutan Merah.,0,"2,616",96,0,0, Serahkan 10 Cangkuk Langsing ,,87,,
"{""options"":[{""optionType"":1,""value"":""38,10"",""guiderPoint"":20204}]}",Serahkan 10 Ice Snow Fluffs. Cari Drakonar untuk menyelesaikan. Seseorang kadang-kadang akan melihatnya berdekatan dengan Hutan Hitam dan Hutan Merah.,0,"2,616",97,0,0, Serahkan 10 Ais dan Salji ,,88,,
"{""options"":[{""optionType"":1,""value"":""70,10"",""guiderPoint"":3601}]}","Serahkan 10 Bamboo. Cari Quincy untuk menyelesaikan tugas ini. Seseorang mungkin kadang-kadang melihatnya berdekatan dengan bandar, jadi anda boleh pergi mencarinya.",0,"1,314",98,0,0, Serahkan 10 Buluh ,,,,
"{""options"":[{""optionType"":1,""value"":""71,10"",""guiderPoint"":3601}]}","Serahkan 10 Trifolium. Cari Quincy untuk menyelesaikan tugas ini. Seseorang mungkin kadang-kadang melihatnya berdekatan dengan bandar, jadi anda boleh pergi mencarinya",0,"1,314",99,0,0, Serahkan 10 Semanggi ,,98,,
"{""options"":[{""optionType"":1,""value"":""72,10"",""guiderPoint"":3601}]}","Serahkan 10 Carrots. Cari Quincy untuk menyelesaikan tugas ini. Seseorang mungkin kadang-kadang melihatnya berdekatan dengan bandar, jadi anda boleh pergi mencarinya.",0,"1,314",100,0,0, Serahkan 10 Lobak Merah ,,99,,
"{""options"":[{""optionType"":1,""value"":""73,10"",""guiderPoint"":3601}]}","Serahkan 10 Nepenthes. Cari Torvald untuk menyelesaikan tugas ini. Seseorang mungkin kadang-kadang melihatnya berdekatan dengan tasik padang rumput, jadi anda boleh pergi mencarinya.",0,"1,465",101,0,0, Serahkan 10 Nepenthes ,,,,
"{""options"":[{""optionType"":1,""value"":""74,10"",""guiderPoint"":3601}]}","Serahkan 10 Cotton. Cari Torvald untuk menyelesaikan tugas ini. Seseorang mungkin kadang-kadang melihatnya berdekatan dengan tasik padang rumput, jadi anda boleh pergi mencarinya.",0,"1,465",102,0,0, Serahkan 10 Kapas ,,101,,
"{""options"":[{""optionType"":1,""value"":""75,10"",""guiderPoint"":3601}]}","Serahkan 10 Endurance Fruits. Cari Torvald untuk menyelesaikan tugas ini. Seseorang mungkin kadang-kadang melihatnya berdekatan dengan tasik padang rumput, jadi anda boleh pergi mencarinya.",0,"1,465",103,0,0, Serahkan 10 Buah Kesabaran ,,102,,
"{""options"":[{""optionType"":1,""value"":""76,10"",""guiderPoint"":3601}]}",Serahkan 10 Hot Chili Peppers. Cari Drakonar untuk menyelesaikan. Seseorang kadang-kadang akan melihatnya berdekatan dengan Hutan Hitam dan Hutan Merah.,0,"1,616",104,0,0, Serahkan 10 Cili Api ,,,,
"{""options"":[{""optionType"":1,""value"":""77,10"",""guiderPoint"":3601}]}",Serahkan 10 Hard Fruits. Cari Drakonar untuk menyelesaikan. Seseorang kadang-kadang akan melihatnya berdekatan dengan Hutan Hitam dan Hutan Merah.,0,"1,616",105,0,0, Serahkan 10 Buah Keras ,,104,,
"{""options"":[{""optionType"":1,""value"":""78,10"",""guiderPoint"":3601}]}",Serahkan 10 Blue Mushrooms. Cari Drakonar untuk menyelesaikan. Seseorang kadang-kadang akan melihatnya berdekatan dengan Hutan Hitam dan Hutan Merah.,0,"1,616",106,0,0, Serahkan 10 Cendawan Hantu Biru ,,105,,
"{""options"":[{""optionType"":1,""value"":""177,10"",""guiderPoint"":4501}]}","Serahkan 10 Cactus Sprouts. Cari Quincy untuk menyelesaikan tugas ini. Seseorang mungkin kadang-kadang melihatnya berdekatan dengan bandar, jadi anda boleh pergi mencarinya.",0,"1,314",107,0,0, Serahkan 10 Pucuk Kaktus ,,,,
"{""options"":[{""optionType"":1,""value"":""178,10"",""guiderPoint"":4501}]}","Serahkan 10 Screws. Cari Quincy untuk menyelesaikan tugas ini. Seseorang mungkin kadang-kadang melihatnya berdekatan dengan bandar, jadi anda boleh pergi mencarinya.",0,"1,314",108,0,0, Serahkan 10 Skru ,,107,,
"{""options"":[{""optionType"":1,""value"":""179,10"",""guiderPoint"":4501}]}","Serahkan 10 Pumpkin Sprouts. Cari Quincy untuk menyelesaikan tugas ini. Seseorang mungkin kadang-kadang melihatnya berdekatan dengan bandar, jadi anda boleh pergi mencarinya.",0,"1,314",109,0,0, Serahkan 10 Pucuk Labu ,,108,,
"{""options"":[{""optionType"":1,""value"":""180,10"",""guiderPoint"":4501}]}","Serahkan 10 Blue Crystal Stones. Cari Torvald untuk menyelesaikan tugas ini. Seseorang mungkin kadang-kadang melihatnya berdekatan dengan tasik padang rumput, jadi anda boleh pergi mencarinya.",0,"1,465",110,0,0, Serahkan 10 Spar Biru ,,,,
"{""options"":[{""optionType"":1,""value"":""181,10"",""guiderPoint"":4501}]}","Serahkan 10 Grass monster leaves. Cari Torvald untuk menyelesaikan tugas ini. Seseorang mungkin kadang-kadang melihatnya berdekatan dengan tasik padang rumput, jadi anda boleh pergi mencarinya.",0,"1,465",111,0,0, Serahkan 10 Raksasa Rumput Broadleaf ,,110,,
"{""options"":[{""optionType"":1,""value"":""182,10"",""guiderPoint"":4501}]}","Serahkan 10 unit Madu. Cari Torvald untuk menyelesaikan tugas ini. Seseorang mungkin kadang-kadang melihatnya berdekatan dengan tasik padang rumput, jadi anda boleh pergi mencarinya",0,"1,465",112,0,0, Serahkan 10 Sayang ,,111,,
"{""options"":[{""optionType"":1,""value"":""183,10"",""guiderPoint"":4501}]}",Serahkan 10 Shadow Plumes. Cari Drakonar untuk menyelesaikan. Seseorang kadang-kadang akan melihatnya berdekatan dengan Hutan Hitam dan Hutan Merah.,0,"1,616",113,0,0, Serahkan 10 Bulu Gelap ,,,,
"{""options"":[{""optionType"":1,""value"":""184,10"",""guiderPoint"":4501}]}",Serahkan 10 Solidified Lava. Cari Drakonar untuk menyelesaikan. Seseorang kadang-kadang akan melihatnya berdekatan dengan Hutan Hitam dan Hutan Merah.,0,"1,616",114,0,0, Serahkan 10 Magma Pepejal ,,113,,
"{""options"":[{""optionType"":1,""value"":""185,10"",""guiderPoint"":4501}]}",Serahkan 10 Frost Shards. Cari Drakonar untuk menyelesaikan. Seseorang kadang-kadang akan melihatnya berdekatan dengan Hutan Hitam dan Hutan Merah.,0,"1,616",115,0,0, Serahkan 10 Kristal Ais ,,114,,
"{""options"":[{""optionType"":1,""value"":""58,10"",""guiderPoint"":3401}]}","Serahkan 10 Mineral. Cari Quincy untuk menyelesaikan tugas ini. Seseorang mungkin kadang-kadang melihatnya berdekatan dengan bandar, jadi anda boleh pergi mencarinya.",0,"3,314",116,0,0, Serahkan 10 Batu ,,,,
"{""options"":[{""optionType"":1,""value"":""66,10"",""guiderPoint"":2101}]}","Serahkan 10 Plant Fibres. Cari Quincy untuk menyelesaikan tugas ini. Seseorang mungkin kadang-kadang melihatnya berdekatan dengan bandar, jadi anda boleh pergi mencarinya.",0,"3,314",117,0,0, Serahkan 10 Gentian Tumbuhan ,,116,,
"{""options"":[{""optionType"":1,""value"":""62,10"",""guiderPoint"":3501}]}","Serahkan 10 Kayu Biasa. Cari Quincy untuk menyelesaikan tugas ini. Seseorang mungkin kadang-kadang melihatnya berdekatan dengan bandar, jadi anda boleh pergi mencarinya.",0,"3,314",118,0,0, Serahkan 10 Kayu Biasa ,,117,,
"{""options"":[{""optionType"":1,""value"":""59,10"",""guiderPoint"":20103}]}","Serahkan 10 Dark Irons. Cari Torvald untuk menyelesaikan tugas ini. Seseorang mungkin kadang-kadang melihatnya berdekatan dengan tasik padang rumput, jadi anda boleh pergi mencarinya.",0,"3,465",119,0,0, Serahkan 10 Bijih Besi Hitam ,,,,
"{""options"":[{""optionType"":1,""value"":""63,10"",""guiderPoint"":20203}]}","Serahkan 10 Desert Tree Woods. Cari Torvald untuk menyelesaikan tugas ini. Seseorang mungkin kadang-kadang melihatnya berdekatan dengan tasik padang rumput, jadi anda boleh pergi mencarinya.",0,"3,465",120,0,0, Serahkan 10 Kayu Pokok Padang Pasir ,,119,,
"{""options"":[{""optionType"":1,""value"":""67,10"",""guiderPoint"":20201}]}","Serahkan 10 Frozen Fungi. Cari Torvald untuk menyelesaikan tugas ini. Seseorang mungkin kadang-kadang melihatnya berdekatan dengan tasik padang rumput, jadi anda boleh pergi mencarinya.",0,"3,465",121,0,0, Serahkan 10 Cendawan Ais ,,120,,
"{""options"":[{""optionType"":1,""value"":""60,10"",""guiderPoint"":20204}]}",Serahkan 10 Red Crystal Ores. Cari Drakonar untuk menyelesaikan. Seseorang kadang-kadang akan melihatnya berdekatan dengan Hutan Hitam dan Hutan Merah.,0,"3,616",122,0,0, Serahkan 10 Lombong Kristal Merah ,,,,
"{""options"":[{""optionType"":1,""value"":""64,10"",""guiderPoint"":20202}]}",Serahkan 10 Dark Woods. Cari Drakonar untuk menyelesaikan. Seseorang kadang-kadang akan melihatnya berdekatan dengan Hutan Hitam dan Hutan Merah.,0,"3,616",123,0,0, Serahkan 10 Kayu Gelap ,,122,,
"{""options"":[{""optionType"":1,""value"":""68,10"",""guiderPoint"":20103}]}",Serahkan 10 Magueys. Cari Drakonar untuk menyelesaikan. Seseorang kadang-kadang akan melihatnya berdekatan dengan Hutan Hitam dan Hutan Merah.,0,"3,616",124,0,0, Serahkan 10 Tequila,,123,,
,Kosong,0,"2,237",126,1,141,"[121]Harian-Pertempuran-4
",,,"{""options"":[{""optionType"":4,""value"":""96,2,100;97,2,100;98,2,100""}]}",
,Kosong,0,"2,336",127,1,142," [122]Harian-Pertempuran-5
",,,"{""options"":[{""optionType"":4,""value"":""101,2,100;100,2,100;99,2,100""}]}",
,Kosong,0,"2,475",128,1,143," [123]Harian-Pertempuran-6
",,,"{""options"":[{""optionType"":4,""value"":""104,2,100;103,2,100;102,2,100""}]}",
,Kosong,0,"2,237",129,1,141," [124]Harian-Pertempuran-4
",,,"{""options"":[{""optionType"":4,""value"":""96,1,100;97,1,100;98,1,100""},{""optionType"":1,""value"":""365,1,200;366,1,200;367,1,200""}]}",
,Kosong,0,"2,336",130,1,142," [125]Harian-Pertempuran-5
",,,"{""options"":[{""optionType"":4,""value"":""99,1,100;100,1,100;101,1,100""},{""optionType"":1,""value"":""368,1,200;369,1,200;370,1,200""}]}",
,Kosong,0,"2,475",131,1,143," [126]Harian-Pertempuran-6
",,,"{""options"":[{""optionType"":4,""value"":""102,1,100;103,1,100;104,1,100""},{""optionType"":1,""value"":""371,1,200;372,1,200;373,1,200""}]}",
,Kosong,0,"2,237",132,1,141," [127]Harian-Pertempuran-4
",,,"{""options"":[{""optionType"":1,""value"":""365,2,200;366,2,200;367,2,200""}]}",
,Kosong,0,"2,336",133,1,142," [128]Harian-Pertempuran-5
",,,"{""options"":[{""optionType"":1,""value"":""368,2,200;369,2,200;370,2,200""}]}",
,Kosong,0,"2,475",134,1,143," [129]Harian-Pertempuran-6
",,,"{""options"":[{""optionType"":1,""value"":""371,2,200;372,2,200;373,2,200""}]}",
,Kosong,0,"2,415",135,1,0," [130]Ganjaran-Pertempuran-4
",,,"{""options"":[{""optionType"":1,""value"":""485,1,200;485,1,100;485,1,100;485,1,200""}]}",
,Kosong,0,"2,588",136,1,0," [131]Ganjaran-Pertempuran-5
",,,"{""options"":[{""optionType"":1,""value"":""486,2,200;486,2,100;486,2,100;486,2,200""}]}",
,Kosong,0,"2,831",137,1,0," [132]Ganjaran-Pertempuran-6
",,,"{""options"":[{""optionType"":1,""value"":""487,1,200;487,1,100;487,1,100;487,1,200""}]}",
,Kosong,0,"1,237",138,1,150," [133]Harian-Pertanian-4
",,,"{""options"":[{""optionType"":1,""value"":""383,2,200;384,2,200;385,2,200""}]}",
,Kosong,0,"1,237",139,1,150," [134]Harian-Pertanian-4
",,,"{""options"":[{""optionType"":1,""value"":""383,1,200;384,1,200;385,1,200""},{""optionType"":1,""value"":""383,1,200;384,1,200;385,1,200""}]}",
,Kosong,0,"1,237",140,1,150," [135]Harian-Pertanian-4
",,,"{""options"":[{""optionType"":1,""value"":""383,2,200;384,2,200;385,2,200""}]}",
,Kosong,0,"1,336",141,1,151," [136]Harian-Pertanian-5
",,,"{""options"":[{""optionType"":1,""value"":""386,2,200;387,2,200;388,2,200""}]}",
,Kosong,0,"1,336",142,1,151," [137]Harian-Pertanian-5
",,,"{""options"":[{""optionType"":1,""value"":""386,1,200;387,1,200;388,1,200""},{""optionType"":1,""value"":""386,1,200;387,1,200;388,1,200""}]}",
,Kosong,0,"1,336",143,1,151," [138]Harian-Pertanian-5
",,,"{""options"":[{""optionType"":1,""value"":""386,2,200;387,2,200;388,2,200""}]}",
,Kosong,0,"1,475",144,1,152," [139]Harian-Pertanian-6
",,,"{""options"":[{""optionType"":1,""value"":""389,2,200;390,2,200;391,2,200""}]}",
,Kosong,0,"1,475",145,1,152," [140]Harian-Pertanian-6
",,,"{""options"":[{""optionType"":1,""value"":""389,1,200;390,1,200;391,1,200""},{""optionType"":1,""value"":""389,1,200;390,1,200;391,1,200""}]}",
,Kosong,0,"1,475",146,1,152," [141]Harian-Pertanian-6
",,,"{""options"":[{""optionType"":1,""value"":""389,2,200;390,2,200;391,2,200""}]}",
,Kosong,0,"1,415",147,1,0," [142]Ganjaran-Pertanian-4
",,,"{""options"":[{""optionType"":1,""value"":""485,1,200;485,1,100;485,1,100;485,1,200""}]}",
,Kosong,0,"1,588",148,1,0," [143]Ganjaran-Pertanian-5
",,,"{""options"":[{""optionType"":1,""value"":""486,2,200;486,2,100;486,2,100;486,2,200""}]}",
,Kosong,0,"1,831",149,1,0," [144]Ganjaran-Pertanian-6
",,,"{""options"":[{""optionType"":1,""value"":""487,1,200;487,1,100;487,1,100;487,1,200""}]}",
,Kosong,0,"3,237",150,1,132, [145]Harian-Mengumpul-4,,,"{""options"":[{""optionType"":9,""value"":""346,2,100""}]}",
,Kosong,0,"3,237",151,1,132,"[146]Harian-Kumpul-4
",,,"{""options"":[{""optionType"":9,""value"":""346,1,100""},{""optionType"":1,""value"":""422,1,200;423,1,200;424,1,200;425,1,200;426,1,200;427,1,200""}]}",
,Kosong,0,"3,237",152,1,132," [147]Harian-Kumpul-4
",,,"{""options"":[{""optionType"":1,""value"":""422,2,200;423,2,200;424,2,200;425,2,200;426,2,200;427,2,200""}]}",
,Kosong,0,"3,336",153,1,133," [148]Harian-Kumpul-5
",,,"{""options"":[{""optionType"":9,""value"":""347,2,100""}]}",
,Kosong,0,"3,336",154,1,133," [149]Harian-Kumpul-5
",,,"{""options"":[{""optionType"":9,""value"":""347,1,100""},{""optionType"":1,""value"":""429,1,200;430,1,200;431,1,200;432,1,200;433,1,200;434,1,200""}]}",
,Kosong,0,"3,336",155,1,133," [150]Harian-Kumpul-5
",,,"{""options"":[{""optionType"":1,""value"":""429,2,200;430,2,200;431,2,200;432,2,200;433,2,200;434,2,200""}]}",
,Kosong,0,"3,475",156,1,134," [151]Harian-Kumpul-6
",,,"{""options"":[{""optionType"":9,""value"":""348,2,100""}]}",
,Kosong,0,"3,475",157,1,134," [152]Harian-Kumpul-6
",,,"{""options"":[{""optionType"":9,""value"":""348,1,100""},{""optionType"":1,""value"":""435,1,200;436,1,200;437,1,200;438,1,200;439,1,200;440,1,200""}]}",
,Kosong,0,"3,475",158,1,134," [153]Harian-Kumpul-6
",,,"{""options"":[{""optionType"":1,""value"":""435,2,200;436,2,200;437,2,200;438,2,200;439,2,200;440,2,200""}]}",
,Kosong,0,"3,415",159,1,0," [154]Ganjaran-Kumpul-4
",,,"{""options"":[{""optionType"":1,""value"":""485,1,200;485,1,100;485,1,100;485,1,200""}]}",
,Kosong,0,"3,588",160,1,0," [155]Ganjaran-Kumpul-5
",,,"{""options"":[{""optionType"":1,""value"":""486,2,200;486,2,100;486,2,100;486,2,200""}]}",
,Kosong,0,"3,831",161,1,0," [156]Ganjaran-Kumpul-6
",,,"{""options"":[{""optionType"":1,""value"":""487,1,200;487,1,100;487,1,100;487,1,200""}]}",
"{""options"":[{""optionType"":4,""value"":""6,1"",""guiderPoint"":2101},{""optionType"":4,""value"":""7,1"",""guiderPoint"":3501},{""optionType"":4,""value"":""8,1"",""guiderPoint"":3401}]}"," Bunuh raksasa-raksasa ini untuk membuktikan kekuatan anda.Setelah menyelesaikan tugas, medan percubaan khas akan terbuka - Puncak Bunga.",0,"2,84",163,0,0," [65] Ujian Victor
",,,,20000
"{""options"":[{""optionType"":4,""value"":""12,1"",""guiderPoint"":20202},{""optionType"":4,""value"":""13,1"",""guiderPoint"":20101},{""optionType"":4,""value"":""14,1"",""guiderPoint"":20204}]}"," Bunuh raksasa-raksasa ini untuk membuktikan bahawa anda adalah individu yang kuat.Setelah menyelesaikan tugas, medan percubaan khas akan terbuka - Floating Realm.",0,"2,237",164,0,0," [66] Ujian Magnus
",,,,20001
"{""options"":[{""optionType"":4,""value"":""102,1"",""guiderPoint"":20207},{""optionType"":4,""value"":""103,1"",""guiderPoint"":20206},{""optionType"":4,""value"":""104,1"",""guiderPoint"":20207}]}","Bunuhlah raksasa-raksasa ini di Alam Terapung untuk membuktikan kekuatanmu.Setelah menyelesaikan tugas, medan ujian khas akan terbuka - Domain Kuno.",0,"2,672",165,0,0," [159]Bantuan untuk Sprite
",,,,20002
"{""options"":[{""optionType"":4,""value"":""45,1"",""guiderPoint"":30102},{""optionType"":4,""value"":""46,1"",""guiderPoint"":30102},{""optionType"":4,""value"":""47,1"",""guiderPoint"":30102}]}","Buktikan kekuatanmu lebih lanjut dengan membunuh raksasa-raksasa berikut. Setelah selesai, arena akan terbuka.",0,"2,84",166,0,0,"[68]Bunuh Raksasa Puncak Bunga
",,163,,21001
"{""options"":[{""optionType"":4,""value"":""26,1"",""guiderPoint"":30103},{""optionType"":4,""value"":""27,1"",""guiderPoint"":30103},{""optionType"":4,""value"":""28,1"",""guiderPoint"":30103}]}","Buktikan kekuatanmu lebih lanjut dengan membunuh raksasa-raksasa berikut. Setelah selesai, arena akan terbuka.",0,"2,237",167,0,0," [69]Bunuh Raksasa Floating Realm
",,164,,21002
"{""options"":[{""optionType"":4,""value"":""58,1"",""guiderPoint"":30104},{""optionType"":4,""value"":""57,1"",""guiderPoint"":30104},{""optionType"":4,""value"":""59,1"",""guiderPoint"":30104}]}","Buktikan kekuatanmu lebih lanjut dengan membunuh raksasa-raksasa berikut. Setelah selesai, arena akan terbuka.",0,"2,672",168,0,0," [70]Bunuh Raksasa Ancient Domain
",,165,,21003
"{""options"":[{""optionType"":1,""value"":""30,2"",""guiderPoint"":30102},{""optionType"":1,""value"":""31,2"",""guiderPoint"":30102},{""optionType"":1,""value"":""32,1"",""guiderPoint"":30102}]}","Serahkan barang-barang ini, arena solo akan terbuka.",0,"2,84",169,0,0," [163]Solois#1
",,163,,22001
"{""options"":[{""optionType"":1,""value"":""37,2"",""guiderPoint"":30103},{""optionType"":1,""value"":""36,2"",""guiderPoint"":30103},{""optionType"":1,""value"":""38,2"",""guiderPoint"":30103}]}","Serahkan barang-barang ini, arena solo akan terbuka.",0,"2,237",170,0,0," [164]Solois#2
",,164,,22002
"{""options"":[{""optionType"":1,""value"":""371,2"",""guiderPoint"":30104},{""optionType"":1,""value"":""372,2"",""guiderPoint"":30104},{""optionType"":1,""value"":""373,2"",""guiderPoint"":30104}]}","Serahkan barang-barang ini, arena solo akan terbuka.",0,"2,672",171,0,0," [165]Solois#3
",,165,,22003
,Kosong,0,"2,672",172,1,144," [166]Harian-Pertempuran-7
",,,"{""options"":[{""optionType"":4,""value"":""112,2,200;113,2,200;114,2,200""}]}",
,Kosong,0,"2,672",173,1,144," [167]Harian-Pertempuran-8
",,,"{""options"":[{""optionType"":4,""value"":""58,1,200;57,1,200;59,1,200""},{""optionType"":1,""value"":""491,1,200;492,1,200;493,1,200""}]}",
,Kosong,0,"2,672",174,1,144," [168]Harian-Pertempuran-9
",,,"{""options"":[{""optionType"":1,""value"":""491,2,200;492,2,200;493,2,200""}]}",
,Kosong,0,"2,950",175,1,145," [169]Harian-Pertempuran-7
",,,"{""options"":[{""optionType"":4,""value"":""115,2,200;116,2,200;117,2,200""}]}",
,Kosong,0,"2,950",176,1,145, [170]Harian-Pertempuran-8,,,"{""options"":[{""optionType"":4,""value"":""63,1,200;62,1,200;64,1,200""},{""optionType"":1,""value"":""503,1,200;504,1,200;505,1,200""}]}",
,Kosong,0,"2,950",177,1,145,"[171]Harian-Pertempuran-9
",,,"{""options"":[{""optionType"":1,""value"":""503,2,200;504,2,200;505,2,200""}]}",
,Kosong,0,"2,1344",178,1,146," [172]Harian-Pertempuran-7
",,,"{""options"":[{""optionType"":4,""value"":""118,2,200;119,2,200;120,2,200""}]}",
,Kosong,0,"2,1344",179,1,146," [173]Harian-Pertempuran-8
",,,"{""options"":[{""optionType"":4,""value"":""68,1,200;69,1,200;67,1,200""},{""optionType"":1,""value"":""515,1,200;516,1,200;517,1,200""}]}",
,Kosong,0,"2,1344",180,1,146," [174]Harian-Pertempuran-9
",,,"{""options"":[{""optionType"":1,""value"":""515,2,200;516,2,200;517,2,200""}]}",
,,0,"2,1176",181,1,0," [175]Ganjaran-Pertempuran-7
",,,"{""options"":[{""optionType"":1,""value"":""488,1,200;488,2,200;488,1,200""}]}",
,,0,"2,1663",182,1,0," [176]Ganjaran-Pertempuran-8
",,,"{""options"":[{""optionType"":1,""value"":""489,1,200;489,2,200;489,1,200""}]}",
,,0,"2,2352",183,1,0," [177]Ganjaran-Pertempuran-9
",,,"{""options"":[{""optionType"":1,""value"":""490,1,200;490,2,200;490,1,200""}]}",
,,0,"1,672",184,1,153," [178]Harian-Pertanian-7
",,,"{""options"":[{""optionType"":1,""value"":""497,2,200;497,1,200;500,1,200;500,2,200""}]}",
,,0,"1,672",185,1,153," [179]Harian-Pertanian-7
",,,"{""options"":[{""optionType"":1,""value"":""498,2,200;498,1,200;501,1,200;501,2,200""},{""optionType"":1,""value"":""499,2,200;499,1,200;502,1,200;502,2,200""}]}",
,,0,"1,672",186,1,153," [180]Harian-Pertanian-7
",,,"{""options"":[{""optionType"":1,""value"":""497,2,200;497,1,200;500,1,200;500,2,200""}]}",
,,0,"1,950",187,1,154," [181]Harian-Pertanian-8
",,,"{""options"":[{""optionType"":1,""value"":""509,2,200;509,1,200;512,1,200;512,2,200""}]}",
,,0,"1,950",188,1,154," [182]Harian-Pertanian-8
",,,"{""options"":[{""optionType"":1,""value"":""510,2,200;510,1,200;513,1,200;513,2,200""},{""optionType"":1,""value"":""511,2,200;511,1,200;514,1,200;514,2,200""}]}",
,,0,"1,950",189,1,154," [183]Harian-Pertanian-8
",,,"{""options"":[{""optionType"":1,""value"":""509,2,200;509,1,200;512,1,200;512,2,200""}]}",
,,0,"1,1344",190,1,155," [184]Harian-Pertanian-9
",,,"{""options"":[{""optionType"":1,""value"":""521,2,200;521,1,200;524,1,200;524,2,200""}]}",
,,0,"1,1344",191,1,155," [185]Harian-Pertanian-9
",,,"{""options"":[{""optionType"":1,""value"":""522,2,200;522,1,200;525,1,200;525,2,200""},{""optionType"":1,""value"":""523,2,200;523,1,200;526,1,200;526,2,200""}]}",
,,0,"1,1344",192,1,155," [186]Harian-Pertanian-9
",,,"{""options"":[{""optionType"":1,""value"":""521,2,200;521,1,200;524,1,200;524,2,200""}]}",
,,0,"1,1176",193,1,0," [187]Ganjaran-Pertanian-7
",,,"{""options"":[{""optionType"":1,""value"":""488,1,200;488,2,200;488,1,200""}]}",
,,0,"1,1663",194,1,0," [188]Ganjaran-Pertanian-8
",,,"{""options"":[{""optionType"":1,""value"":""489,1,200;489,2,200;489,1,200""}]}",
,,0,"1,2352",195,1,0," [189]Ganjaran-Pertanian-9
",,,"{""options"":[{""optionType"":1,""value"":""490,1,200;490,2,200;490,1,200""}]}",
,,0,"3,672",196,1,135," [190]Harian-Mengumpul-7
",,,"{""options"":[{""optionType"":1,""value"":""623,1,200;649,1,200;623,2,200;643,2,200""}]}",
,,0,"3,672",197,1,135," [191]Harian-Mengumpul-7
",,,"{""options"":[{""optionType"":1,""value"":""643,1,200;652,1,200;641,2,200;644,2,200""},{""optionType"":1,""value"":""646,1,200;655,1,200;642,2,200;645,2,200""}]}",
,,0,"3,672",198,1,135," [192]Harian-Mengumpul-7
",,,"{""options"":[{""optionType"":1,""value"":""623,1,200;649,1,200;623,2,200;643,2,200""}]}",
,,0,"3,950",199,1,136," [193]Harian-Mengumpul-8
",,,"{""options"":[{""optionType"":1,""value"":""641,1,200;650,1,200;646,2,200;649,2,200""}]}",
,,0,"3,950",200,1,136," [194]Harian-Mengumpul-8
",,,"{""options"":[{""optionType"":1,""value"":""644,1,200;653,1,200;647,2,200;650,2,200""},{""optionType"":1,""value"":""647,1,200;656,1,200;648,2,200;651,2,200""}]}",
,,0,"3,950",201,1,136, [195]Harian-Mengumpul-8,,,"{""options"":[{""optionType"":1,""value"":""641,1,200;650,1,200;646,2,200;649,2,200""}]}",
,,0,"3,1344",202,1,137,"[196]Harian-Kumpul-9
",,,"{""options"":[{""optionType"":1,""value"":""642,1,200;651,1,200;655,2,200;652,2,200""}]}",
,,0,"3,1344",203,1,137," [197]Harian-Kumpul-9
",,,"{""options"":[{""optionType"":1,""value"":""645,1,200;654,1,200;656,2,200;653,2,200""},{""optionType"":1,""value"":""648,1,200;657,1,200;657,2,200;654,2,200""}]}",
,,0,"3,1344",204,1,137," [198]Harian-Kumpul-9
",,,"{""options"":[{""optionType"":1,""value"":""642,1,200;651,1,200;655,2,200;652,2,200""}]}",
,,0,"3,1176",205,1,0," [199]Ganjaran-Kumpul-7
",,,"{""options"":[{""optionType"":1,""value"":""488,1,200;488,2,200;488,1,200""}]}",
,,0,"3,1663",206,1,0," [200]Ganjaran-Kumpul-8
",,,"{""options"":[{""optionType"":1,""value"":""489,1,200;489,2,200;489,1,200""}]}",
,,0,"3,2352",207,1,0, [201]Ganjaran-Kumpul-9,,,"{""options"":[{""optionType"":1,""value"":""490,1,200;490,2,200;490,1,200""}]}",
"{""options"":[{""optionType"":4,""value"":""6,1"",""guiderPoint"":2101},{""optionType"":4,""value"":""8,1"",""guiderPoint"":3501},{""optionType"":4,""value"":""7,1"",""guiderPoint"":3401}]}",,0,"2,147",208,0,0,,,21,,30001
"{""options"":[{""optionType"":4,""value"":""6,1"",""guiderPoint"":2101},{""optionType"":4,""value"":""8,1"",""guiderPoint"":3501},{""optionType"":4,""value"":""7,1"",""guiderPoint"":3401}]}",,0,"2,147",209,0,0,,,21,,30002
"{""options"":[{""optionType"":1,""value"":""32,1"",""guiderPoint"":30102}]}",,0,"2,50;3,50;1,50",210,0,0,,,26,,
"{""options"":[{""optionType"":13,""value"":""485,86,359,10"",""guiderPoint"":30105},{""optionType"":13,""value"":""696,83,1345,10"",""guiderPoint"":30106}]}",,0,"2,50;3,50;1,50",211,0,0,,,216,,
"{""options"":[{""optionType"":3,""value"":""482,1"",""guiderPoint"":30101}]}",,0,"2,50;3,50;1,50",212,0,157,,,26,,
"{""options"":[{""optionType"":2,""value"":""709,1"",""guiderPoint"":30101}]}",,0,"2,50;3,50;1,50",213,0,158,,,212,,
"{""options"":[{""optionType"":1,""value"":""32,1"",""guiderPoint"":30102}]}",,0,"2,50;3,50;1,50",214,0,0,,,213,,
"{""options"":[{""optionType"":1,""value"":""32,1"",""guiderPoint"":30102}]}",,0,"2,50;3,50;1,50",215,0,0,,,214,,
"{""options"":[{""optionType"":1,""value"":""32,1"",""guiderPoint"":30102}]}",,0,"2,50;3,50;1,50",216,0,0,,,215,,
"{""options"":[{""optionType"":1,""value"":""32,1"",""guiderPoint"":30102}]}",,0,"2,50;3,50;1,50",217,0,0,,,211,,
"{""options"":[{""optionType"":3,""value"":""58,1"",""guiderPoint"":3401},{""optionType"":3,""value"":""62,1"",""guiderPoint"":3501},{""optionType"":3,""value"":""66,1"",""guiderPoint"":2101}]}",,0,"3,117",218,0,0,,,,,40001
"{""options"":[{""optionType"":3,""value"":""374,1"",""guiderPoint"":20205},{""optionType"":3,""value"":""375,1"",""guiderPoint"":20205},{""optionType"":3,""value"":""376,1"",""guiderPoint"":20205}]}",,0,"3,117",219,0,0,,,,,40002
"{""options"":[{""optionType"":3,""value"":""494,1"",""guiderPoint"":30104},{""optionType"":3,""value"":""495,1"",""guiderPoint"":30104},{""optionType"":3,""value"":""496,1"",""guiderPoint"":30104}]}",,0,"3,117",220,0,0,,,,,40003
"{""options"":[{""optionType"":2,""value"":""146,1"",""guiderPoint"":3601},{""optionType"":2,""value"":""147,1"",""guiderPoint"":3601},{""optionType"":2,""value"":""148,1"",""guiderPoint"":3601}]}",,0,"1,117",221,0,0,,,,,50001
"{""options"":[{""optionType"":2,""value"":""413,1"",""guiderPoint"":3601},{""optionType"":2,""value"":""414,1"",""guiderPoint"":3601},{""optionType"":2,""value"":""415,1"",""guiderPoint"":3601}]}",,0,"1,117",222,0,0,,,,,50002
"{""options"":[{""optionType"":2,""value"":""614,1"",""guiderPoint"":3601},{""optionType"":2,""value"":""615,1"",""guiderPoint"":3601},{""optionType"":2,""value"":""616,1"",""guiderPoint"":3601}]}",,0,"1,117",223,0,0,,,,,50003
